coc_id,coc_name,year,median_contract_rent_2019_dollars,first_quartile_contract_rent_2019_dollars,pit_total,pit_sheltered,pit_unsheltered,acs5_vintage_used,tract_vintage_used,cpi_u_adjustment_factor
AK-500,Anchorage CoC,2010,1152.44,902.65,1231,1113,118,2010,2010,1.17243736
AK-500,Anchorage CoC,2011,1151.0,886.01,1223,1082,141,2011,2010,1.13656147
AK-500,Anchorage CoC,2012,1178.46,902.22,1147,1097,50,2012,2010,1.11351777
AK-500,Anchorage CoC,2013,1193.88,914.52,1122,1070,52,2013,2010,1.09744288
AK-500,Anchorage CoC,2014,1216.47,921.54,1023,970,53,2014,2010,1.07992447
AK-500,Anchorage CoC,2015,1244.87,937.22,1208,1029,179,2015,2010,1.07864415
AK-500,Anchorage CoC,2016,1276.21,958.59,1105,865,240,2016,2010,1.06520643
AK-500,Anchorage CoC,2017,1287.55,953.71,1128,973,155,2017,2010,1.04298711
AK-500,Anchorage CoC,2018,1283.31,954.29,1094,1000,94,2018,2010,1.01811977
AK-500,Anchorage CoC,2019,1252.52,928.77,1111,1014,97,2019,2010,1.0
AK-501,Alaska Balance of State CoC,2010,977.59,683.07,632,558,74,2010,2010,1.17243736
AK-501,Alaska Balance of State CoC,2011,994.67,688.62,905,678,227,2011,2010,1.13656147
AK-501,Alaska Balance of State CoC,2012,1027.91,693.15,766,619,147,2012,2010,1.11351777
AK-501,Alaska Balance of State CoC,2013,1039.52,691.99,824,671,153,2013,2010,1.09744288
AK-501,Alaska Balance of State CoC,2014,1068.3,719.51,761,669,92,2014,2010,1.07992447
AK-501,Alaska Balance of State CoC,2015,1100.66,730.45,748,610,138,2015,2010,1.07864415
AK-501,Alaska Balance of State CoC,2016,1102.58,740.64,835,633,202,2016,2010,1.06520643
AK-501,Alaska Balance of State CoC,2017,1116.06,742.66,717,578,139,2017,2010,1.04298711
AK-501,Alaska Balance of State CoC,2018,1110.44,737.78,922,707,215,2018,2010,1.01811977
AK-501,Alaska Balance of State CoC,2019,1109.89,737.83,796,620,176,2019,2010,1.0
AL-500,"Birmingham/Jefferson, St. Clair, Shelby Counties CoC",2010,656.66,461.89,2273,1069,1204,2010,2010,1.17243736
AL-500,"Birmingham/Jefferson, St. Clair, Shelby Counties CoC",2011,658.48,460.68,1950,1024,926,2011,2010,1.13656147
AL-500,"Birmingham/Jefferson, St. Clair, Shelby Counties CoC",2012,665.08,465.33,1707,1009,698,2012,2010,1.11351777
AL-500,"Birmingham/Jefferson, St. Clair, Shelby Counties CoC",2013,670.16,471.13,1469,960,509,2013,2010,1.09744288
AL-500,"Birmingham/Jefferson, St. Clair, Shelby Counties CoC",2014,672.12,463.95,1329,915,414,2014,2010,1.07992447
AL-500,"Birmingham/Jefferson, St. Clair, Shelby Counties CoC",2015,673.54,466.95,1153,916,237,2015,2010,1.07864415
AL-500,"Birmingham/Jefferson, St. Clair, Shelby Counties CoC",2016,677.35,468.18,1228,1032,196,2016,2010,1.06520643
AL-500,"Birmingham/Jefferson, St. Clair, Shelby Counties CoC",2017,682.56,467.53,1092,875,217,2017,2010,1.04298711
AL-500,"Birmingham/Jefferson, St. Clair, Shelby Counties CoC",2018,690.18,474.79,901,682,219,2018,2010,1.01811977
AL-500,"Birmingham/Jefferson, St. Clair, Shelby Counties CoC",2019,708.44,481.73,981,655,326,2019,2010,1.0
AL-501,Mobile City & County/Baldwin County CoC,2010,635.34,449.38,883,482,401,2010,2010,1.17243736
AL-501,Mobile City & County/Baldwin County CoC,2011,640.2,450.29,718,407,311,2011,2010,1.13656147
AL-501,Mobile City & County/Baldwin County CoC,2012,643.93,465.62,634,324,310,2012,2010,1.11351777
AL-501,Mobile City & County/Baldwin County CoC,2013,649.84,471.0,493,260,233,2013,2010,1.09744288
AL-501,Mobile City & County/Baldwin County CoC,2014,656.85,479.04,598,461,137,2014,2010,1.07992447
AL-501,Mobile City & County/Baldwin County CoC,2015,672.82,493.8,578,364,214,2015,2010,1.07864415
AL-501,Mobile City & County/Baldwin County CoC,2016,675.52,498.76,623,387,236,2016,2010,1.06520643
AL-501,Mobile City & County/Baldwin County CoC,2017,678.6,498.47,606,341,265,2017,2010,1.04298711
AL-501,Mobile City & County/Baldwin County CoC,2018,676.71,496.41,551,318,233,2018,2010,1.01811977
AL-501,Mobile City & County/Baldwin County CoC,2019,689.25,493.98,505,303,202,2019,2010,1.0
AL-502,Florence/Northwest Alabama CoC,2010,397.16,283.65,170,162,8,2010,2010,1.17243736
AL-502,Florence/Northwest Alabama CoC,2011,400.32,282.0,244,234,10,2011,2010,1.13656147
AL-502,Florence/Northwest Alabama CoC,2012,399.9,287.21,192,188,4,2012,2010,1.11351777
AL-502,Florence/Northwest Alabama CoC,2013,405.25,288.47,223,197,26,2013,2010,1.09744288
AL-502,Florence/Northwest Alabama CoC,2014,410.45,291.7,209,189,20,2014,2010,1.07992447
AL-502,Florence/Northwest Alabama CoC,2015,416.96,294.93,245,214,31,2015,2010,1.07864415
AL-502,Florence/Northwest Alabama CoC,2016,423.94,300.71,337,286,51,2016,2010,1.06520643
AL-502,Florence/Northwest Alabama CoC,2017,430.03,307.72,155,133,22,2017,2010,1.04298711
AL-502,Florence/Northwest Alabama CoC,2018,433.16,309.77,256,234,22,2018,2010,1.01811977
AL-502,Florence/Northwest Alabama CoC,2019,425.51,307.26,390,189,201,2019,2010,1.0
AL-503,Huntsville/North Alabama CoC,2010,582.4,435.77,819,645,174,2010,2010,1.17243736
AL-503,Huntsville/North Alabama CoC,2011,583.37,431.47,656,481,175,2011,2010,1.13656147
AL-503,Huntsville/North Alabama CoC,2012,607.84,439.87,607,432,175,2012,2010,1.11351777
AL-503,Huntsville/North Alabama CoC,2013,616.43,441.93,586,409,177,2013,2010,1.09744288
AL-503,Huntsville/North Alabama CoC,2014,613.24,438.67,536,499,37,2014,2010,1.07992447
AL-503,Huntsville/North Alabama CoC,2015,628.3,443.21,420,357,63,2015,2010,1.07864415
AL-503,Huntsville/North Alabama CoC,2016,632.6,449.29,385,298,87,2016,2010,1.06520643
AL-503,Huntsville/North Alabama CoC,2017,632.76,448.52,436,337,99,2017,2010,1.04298711
AL-503,Huntsville/North Alabama CoC,2018,640.68,455.59,424,308,116,2018,2010,1.01811977
AL-503,Huntsville/North Alabama CoC,2019,658.8,467.21,464,377,87,2019,2010,1.0
AL-504,Montgomery City & County CoC,2010,629.58,452.08,444,294,150,2010,2010,1.17243736
AL-504,Montgomery City & County CoC,2011,640.44,456.17,433,287,146,2011,2010,1.13656147
AL-504,Montgomery City & County CoC,2012,646.1,463.27,487,343,144,2012,2010,1.11351777
AL-504,Montgomery City & County CoC,2013,660.11,470.02,515,399,116,2013,2010,1.09744288
AL-504,Montgomery City & County CoC,2014,662.25,474.4,490,409,81,2014,2010,1.07992447
AL-504,Montgomery City & County CoC,2015,672.5,483.05,441,373,68,2015,2010,1.07864415
AL-504,Montgomery City & County CoC,2016,686.62,494.35,367,293,74,2016,2010,1.06520643
AL-504,Montgomery City & County CoC,2017,690.53,499.12,377,314,63,2017,2010,1.04298711
AL-504,Montgomery City & County CoC,2018,697.13,511.63,369,300,69,2018,2010,1.01811977
AL-504,Montgomery City & County CoC,2019,701.0,514.49,330,273,57,2019,2010,1.0
AL-505,Gadsden/Northeast Alabama CoC,2010,442.75,321.79,370,294,76,2010,2010,1.17243736
AL-505,Gadsden/Northeast Alabama CoC,2011,439.1,328.44,495,353,142,2011,2010,1.13656147
AL-505,Gadsden/Northeast Alabama CoC,2012,445.69,337.08,544,424,120,2012,2010,1.11351777
AL-505,Gadsden/Northeast Alabama CoC,2013,448.23,337.8,399,329,70,2013,2010,1.09744288
AL-505,Gadsden/Northeast Alabama CoC,2014,453.75,339.38,438,368,70,2014,2010,1.07992447
AL-505,Gadsden/Northeast Alabama CoC,2015,459.11,341.11,156,103,53,2015,2010,1.07864415
AL-505,Gadsden/Northeast Alabama CoC,2016,460.27,342.51,167,91,76,2016,2010,1.06520643
AL-505,Gadsden/Northeast Alabama CoC,2017,461.01,340.12,163,103,60,2017,2010,1.04298711
AL-505,Gadsden/Northeast Alabama CoC,2018,467.89,342.7,146,86,60,2018,2010,1.01811977
AL-505,Gadsden/Northeast Alabama CoC,2019,475.3,350.54,224,75,149,2019,2010,1.0
AL-506,Tuscaloosa City & County CoC,2010,636.0,457.13,278,263,15,2010,2010,1.17243736
AL-506,Tuscaloosa City & County CoC,2011,656.09,476.21,265,236,29,2011,2010,1.13656147
AL-506,Tuscaloosa City & County CoC,2012,658.88,472.9,152,128,24,2012,2010,1.11351777
AL-506,Tuscaloosa City & County CoC,2013,652.92,473.31,99,95,4,2013,2010,1.09744288
AL-506,Tuscaloosa City & County CoC,2014,662.89,478.97,245,133,112,2014,2010,1.07992447
AL-506,Tuscaloosa City & County CoC,2015,655.0,483.07,339,144,195,2015,2010,1.07864415
AL-506,Tuscaloosa City & County CoC,2016,650.5,486.81,177,47,130,2016,2010,1.06520643
AL-506,Tuscaloosa City & County CoC,2017,654.47,501.22,200,137,63,2017,2010,1.04298711
AL-506,Tuscaloosa City & County CoC,2018,659.23,500.02,57,56,1,2018,2010,1.01811977
AL-506,Tuscaloosa City & County CoC,2019,659.5,486.78,44,44,0,2019,2010,1.0
AL-507,Alabama Balance of State CoC,2010,422.76,282.74,809,682,127,2010,2010,1.17243736
AL-507,Alabama Balance of State CoC,2011,428.07,285.77,797,727,70,2011,2010,1.13656147
AL-507,Alabama Balance of State CoC,2012,433.82,286.65,886,816,70,2012,2010,1.11351777
AL-507,Alabama Balance of State CoC,2013,440.37,289.65,905,597,308,2013,2010,1.09744288
AL-507,Alabama Balance of State CoC,2014,447.91,302.39,716,544,172,2014,2010,1.07992447
AL-507,Alabama Balance of State CoC,2015,453.25,304.57,638,472,166,2015,2010,1.07864415
AL-507,Alabama Balance of State CoC,2016,461.21,311.91,827,459,368,2016,2010,1.06520643
AL-507,Alabama Balance of State CoC,2017,461.56,317.68,764,416,348,2017,2010,1.04298711
AL-507,Alabama Balance of State CoC,2018,461.35,313.95,730,440,290,2018,2010,1.01811977
AL-507,Alabama Balance of State CoC,2019,467.34,313.25,323,154,169,2019,2010,1.0
AL-508,"Dothan/Coffee, Dale, Geneva, Henry, Houston County CoC",2010,503.54,341.86,,,,2010,2010,1.17243736
AL-508,"Dothan/Coffee, Dale, Geneva, Henry, Houston County CoC",2011,509.68,343.07,,,,2011,2010,1.13656147
AL-508,"Dothan/Coffee, Dale, Geneva, Henry, Houston County CoC",2012,519.37,345.96,,,,2012,2010,1.11351777
AL-508,"Dothan/Coffee, Dale, Geneva, Henry, Houston County CoC",2013,527.71,354.49,,,,2013,2010,1.09744288
AL-508,"Dothan/Coffee, Dale, Geneva, Henry, Houston County CoC",2014,537.2,359.95,,,,2014,2010,1.07992447
AL-508,"Dothan/Coffee, Dale, Geneva, Henry, Houston County CoC",2015,546.76,365.8,,,,2015,2010,1.07864415
AL-508,"Dothan/Coffee, Dale, Geneva, Henry, Houston County CoC",2016,546.75,366.95,,,,2016,2010,1.06520643
AL-508,"Dothan/Coffee, Dale, Geneva, Henry, Houston County CoC",2017,554.96,372.54,,,,2017,2010,1.04298711
AL-508,"Dothan/Coffee, Dale, Geneva, Henry, Houston County CoC",2018,559.59,372.91,,,,2018,2010,1.01811977
AL-508,"Dothan/Coffee, Dale, Geneva, Henry, Houston County CoC",2019,557.34,379.38,,,,2019,2010,1.0
AR-500,Little Rock/Central Arkansas CoC,2010,643.07,485.6,1425,973,452,2010,2010,1.17243736
AR-500,Little Rock/Central Arkansas CoC,2011,643.48,485.04,1276,789,487,2011,2010,1.13656147
AR-500,Little Rock/Central Arkansas CoC,2012,642.07,483.82,1249,762,487,2012,2010,1.11351777
AR-500,Little Rock/Central Arkansas CoC,2013,646.8,490.41,1066,563,503,2013,2010,1.09744288
AR-500,Little Rock/Central Arkansas CoC,2014,651.59,491.79,1074,571,503,2014,2010,1.07992447
AR-500,Little Rock/Central Arkansas CoC,2015,655.22,494.64,830,491,339,2015,2010,1.07864415
AR-500,Little Rock/Central Arkansas CoC,2016,662.53,506.2,808,469,339,2016,2010,1.06520643
AR-500,Little Rock/Central Arkansas CoC,2017,674.0,519.14,1006,456,550,2017,2010,1.04298711
AR-500,Little Rock/Central Arkansas CoC,2018,676.51,514.48,1081,531,550,2018,2010,1.01811977
AR-500,Little Rock/Central Arkansas CoC,2019,683.29,521.64,1066,493,573,2019,2010,1.0
AR-501,Fayetteville/Northwest Arkansas CoC,2010,626.98,482.43,251,221,30,2010,2010,1.17243736
AR-501,Fayetteville/Northwest Arkansas CoC,2011,628.76,481.66,238,199,39,2011,2010,1.13656147
AR-501,Fayetteville/Northwest Arkansas CoC,2012,626.28,478.14,186,147,39,2012,2010,1.11351777
AR-501,Fayetteville/Northwest Arkansas CoC,2013,625.99,483.22,668,446,222,2013,2010,1.09744288
AR-501,Fayetteville/Northwest Arkansas CoC,2014,626.85,481.17,551,329,222,2014,2010,1.07992447
AR-501,Fayetteville/Northwest Arkansas CoC,2015,634.47,486.84,665,604,61,2015,2010,1.07864415
AR-501,Fayetteville/Northwest Arkansas CoC,2016,643.89,493.15,550,489,61,2016,2010,1.06520643
AR-501,Fayetteville/Northwest Arkansas CoC,2017,645.97,495.26,330,235,95,2017,2010,1.04298711
AR-501,Fayetteville/Northwest Arkansas CoC,2018,649.84,498.47,474,323,151,2018,2010,1.01811977
AR-501,Fayetteville/Northwest Arkansas CoC,2019,662.14,507.1,518,281,237,2019,2010,1.0
AR-503,Arkansas Balance of State  CoC,2010,471.3,329.08,,,,2010,2010,1.17243736
AR-503,Arkansas Balance of State  CoC,2011,477.67,336.17,1816,720,1096,2011,2010,1.13656147
AR-503,Arkansas Balance of State  CoC,2012,482.46,338.49,2715,629,2086,2012,2010,1.11351777
AR-503,Arkansas Balance of State  CoC,2013,485.96,343.2,2014,592,1422,2013,2010,1.09744288
AR-503,Arkansas Balance of State  CoC,2014,488.94,347.21,1056,420,636,2014,2010,1.07992447
AR-503,Arkansas Balance of State  CoC,2015,494.67,353.02,814,425,389,2015,2010,1.07864415
AR-503,Arkansas Balance of State  CoC,2016,500.1,359.59,850,469,381,2016,2010,1.06520643
AR-503,Arkansas Balance of State  CoC,2017,507.13,363.55,875,414,461,2017,2010,1.04298711
AR-503,Arkansas Balance of State  CoC,2018,507.21,363.41,825,341,484,2018,2010,1.01811977
AR-503,Arkansas Balance of State  CoC,2019,513.43,368.01,811,266,545,2019,2010,1.0
AR-505,Southeast Arkansas CoC,2010,409.1,289.11,51,51,0,2010,2010,1.17243736
AR-505,Southeast Arkansas CoC,2011,408.71,286.36,94,94,0,2011,2010,1.13656147
AR-505,Southeast Arkansas CoC,2012,418.85,300.28,64,64,0,2012,2010,1.11351777
AR-505,Southeast Arkansas CoC,2013,420.42,308.25,64,63,1,2013,2010,1.09744288
AR-505,Southeast Arkansas CoC,2014,431.02,323.52,70,70,0,2014,2010,1.07992447
AR-505,Southeast Arkansas CoC,2015,432.59,326.57,72,71,1,2015,2010,1.07864415
AR-505,Southeast Arkansas CoC,2016,443.26,326.62,89,78,11,2016,2010,1.06520643
AR-505,Southeast Arkansas CoC,2017,443.37,320.99,88,88,0,2017,2010,1.04298711
AR-505,Southeast Arkansas CoC,2018,445.48,313.89,101,95,6,2018,2010,1.01811977
AR-505,Southeast Arkansas CoC,2019,449.35,306.99,75,75,0,2019,2010,1.0
AR-508,Fort Smith CoC,2010,487.08,375.11,,,,2010,2010,1.17243736
AR-508,Fort Smith CoC,2011,478.58,363.18,,,,2011,2010,1.13656147
AR-508,Fort Smith CoC,2012,486.53,363.85,,,,2012,2010,1.11351777
AR-508,Fort Smith CoC,2013,484.71,365.38,,,,2013,2010,1.09744288
AR-508,Fort Smith CoC,2014,488.35,370.08,185,113,72,2014,2010,1.07992447
AR-508,Fort Smith CoC,2015,499.56,375.14,179,87,92,2015,2010,1.07864415
AR-508,Fort Smith CoC,2016,502.77,379.93,166,111,55,2016,2010,1.06520643
AR-508,Fort Smith CoC,2017,501.19,378.97,168,80,88,2017,2010,1.04298711
AR-508,Fort Smith CoC,2018,506.68,385.56,231,165,66,2018,2010,1.01811977
AR-508,Fort Smith CoC,2019,510.56,401.92,247,187,60,2019,2010,1.0
AZ-500,Arizona Balance of State CoC,2010,747.73,510.49,3069,1005,2064,2010,2010,1.17243736
AZ-500,Arizona Balance of State CoC,2011,751.27,515.21,2047,1318,729,2011,2010,1.13656147
AZ-500,Arizona Balance of State CoC,2012,740.34,517.65,2451,1722,729,2012,2010,1.11351777
AZ-500,Arizona Balance of State CoC,2013,739.76,516.01,2435,1386,1049,2013,2010,1.09744288
AZ-500,Arizona Balance of State CoC,2014,730.54,513.6,2398,1349,1049,2014,2010,1.07992447
AZ-500,Arizona Balance of State CoC,2015,736.2,514.3,2402,1097,1305,2015,2010,1.07864415
AZ-500,Arizona Balance of State CoC,2016,736.79,512.8,2240,1023,1217,2016,2010,1.06520643
AZ-500,Arizona Balance of State CoC,2017,732.38,515.43,1768,1046,722,2017,2010,1.04298711
AZ-500,Arizona Balance of State CoC,2018,734.98,513.4,2187,1102,1085,2018,2010,1.01811977
AZ-500,Arizona Balance of State CoC,2019,739.9,508.59,2021,1038,983,2019,2010,1.0
AZ-501,Tucson/Pima County CoC,2010,776.89,567.59,3643,1939,1704,2010,2010,1.17243736
AZ-501,Tucson/Pima County CoC,2011,771.35,568.61,2626,1902,724,2011,2010,1.13656147
AZ-501,Tucson/Pima County CoC,2012,764.21,567.69,2366,1757,609,2012,2010,1.11351777
AZ-501,Tucson/Pima County CoC,2013,762.82,562.96,2238,1737,501,2013,2010,1.09744288
AZ-501,Tucson/Pima County CoC,2014,760.03,562.12,2179,1712,467,2014,2010,1.07992447
AZ-501,Tucson/Pima County CoC,2015,763.93,564.31,1863,1500,363,2015,2010,1.07864415
AZ-501,Tucson/Pima County CoC,2016,768.5,565.42,1765,1384,381,2016,2010,1.06520643
AZ-501,Tucson/Pima County CoC,2017,769.73,566.31,1574,1189,385,2017,2010,1.04298711
AZ-501,Tucson/Pima County CoC,2018,771.72,571.39,1380,1017,363,2018,2010,1.01811977
AZ-501,Tucson/Pima County CoC,2019,776.61,581.01,1372,1011,361,2019,2010,1.0
AZ-502,"Phoenix, Mesa/Maricopa County CoC",2010,949.8,717.82,6999,4270,2729,2010,2010,1.17243736
AZ-502,"Phoenix, Mesa/Maricopa County CoC",2011,932.87,702.16,5831,4082,1749,2011,2010,1.13656147
AZ-502,"Phoenix, Mesa/Maricopa County CoC",2012,915.81,685.68,6485,4736,1749,2012,2010,1.11351777
AZ-502,"Phoenix, Mesa/Maricopa County CoC",2013,898.44,673.96,5889,4308,1581,2013,2010,1.09744288
AZ-502,"Phoenix, Mesa/Maricopa County CoC",2014,891.78,666.16,5918,4865,1053,2014,2010,1.07992447
AZ-502,"Phoenix, Mesa/Maricopa County CoC",2015,900.96,671.26,5631,4342,1289,2015,2010,1.07864415
AZ-502,"Phoenix, Mesa/Maricopa County CoC",2016,917.63,681.69,5702,4056,1646,2016,2010,1.06520643
AZ-502,"Phoenix, Mesa/Maricopa County CoC",2017,933.85,696.56,5605,3546,2059,2017,2010,1.04298711
AZ-502,"Phoenix, Mesa/Maricopa County CoC",2018,955.55,714.61,6298,3680,2618,2018,2010,1.01811977
AZ-502,"Phoenix, Mesa/Maricopa County CoC",2019,989.89,741.05,6614,3426,3188,2019,2010,1.0
CA-500,San Jose/Santa Clara City & County CoC,2010,1572.31,1171.85,7086,2103,4983,2010,2010,1.17243736
CA-500,San Jose/Santa Clara City & County CoC,2011,1587.16,1177.89,7067,1898,5169,2011,2010,1.13656147
CA-500,San Jose/Santa Clara City & County CoC,2012,1609.53,1202.71,7053,1884,5169,2012,2010,1.11351777
CA-500,San Jose/Santa Clara City & County CoC,2013,1632.89,1217.17,7631,1957,5674,2013,2010,1.09744288
CA-500,San Jose/Santa Clara City & County CoC,2014,1666.55,1244.03,7567,1893,5674,2014,2010,1.07992447
CA-500,San Jose/Santa Clara City & County CoC,2015,1769.24,1284.69,6556,1929,4627,2015,2010,1.07864415
CA-500,San Jose/Santa Clara City & County CoC,2016,1860.6,1348.03,6524,1897,4627,2016,2010,1.06520643
CA-500,San Jose/Santa Clara City & County CoC,2017,1966.01,1400.88,7394,1946,5448,2017,2010,1.04298711
CA-500,San Jose/Santa Clara City & County CoC,2018,2073.54,1478.61,7254,1806,5448,2018,2010,1.01811977
CA-500,San Jose/Santa Clara City & County CoC,2019,2168.19,1556.63,9706,1784,7922,2019,2010,1.0
CA-501,San Francisco CoC,2010,1488.12,936.33,5823,2881,2942,2010,2010,1.17243736
CA-501,San Francisco CoC,2011,1501.94,941.93,5669,2298,3371,2011,2010,1.13656147
CA-501,San Francisco CoC,2012,1529.26,944.8,5895,2524,3371,2012,2010,1.11351777
CA-501,San Francisco CoC,2013,1551.54,955.21,7008,2693,4315,2013,2010,1.09744288
CA-501,San Francisco CoC,2014,1559.59,957.83,6408,2093,4315,2014,2010,1.07992447
CA-501,San Francisco CoC,2015,1616.98,962.18,6775,2417,4358,2015,2010,1.07864415
CA-501,San Francisco CoC,2016,1661.37,975.53,6996,2638,4358,2016,2010,1.06520643
CA-501,San Francisco CoC,2017,1697.56,982.92,6858,2505,4353,2017,2010,1.04298711
CA-501,San Francisco CoC,2018,1752.88,1005.1,6857,2504,4353,2018,2010,1.01811977
CA-501,San Francisco CoC,2019,1801.39,1013.14,8035,2855,5180,2019,2010,1.0
CA-502,"Oakland, Berkeley/Alameda County CoC",2010,1310.69,976.96,4341,2378,1963,2010,2010,1.17243736
CA-502,"Oakland, Berkeley/Alameda County CoC",2011,1317.92,978.99,4178,1966,2212,2011,2010,1.13656147
CA-502,"Oakland, Berkeley/Alameda County CoC",2012,1328.01,984.22,4257,2045,2212,2012,2010,1.11351777
CA-502,"Oakland, Berkeley/Alameda County CoC",2013,1331.36,983.25,4264,1927,2337,2013,2010,1.09744288
CA-502,"Oakland, Berkeley/Alameda County CoC",2014,1353.25,984.01,4272,1935,2337,2014,2010,1.07992447
CA-502,"Oakland, Berkeley/Alameda County CoC",2015,1400.84,1007.11,4040,1643,2397,2015,2010,1.07864415
CA-502,"Oakland, Berkeley/Alameda County CoC",2016,1450.95,1029.25,4145,1748,2397,2016,2010,1.06520643
CA-502,"Oakland, Berkeley/Alameda County CoC",2017,1526.94,1069.76,5629,1766,3863,2017,2010,1.04298711
CA-502,"Oakland, Berkeley/Alameda County CoC",2018,1608.26,1112.69,5496,1633,3863,2018,2010,1.01811977
CA-502,"Oakland, Berkeley/Alameda County CoC",2019,1696.91,1156.75,8022,1710,6312,2019,2010,1.0
CA-503,Sacramento City & County CoC,2010,1055.21,825.82,2734,1540,1194,2010,2010,1.17243736
CA-503,Sacramento City & County CoC,2011,1043.53,812.26,2376,1421,955,2011,2010,1.13656147
CA-503,Sacramento City & County CoC,2012,1034.14,795.27,2812,1857,955,2012,2010,1.11351777
CA-503,Sacramento City & County CoC,2013,1027.15,788.7,2538,1752,786,2013,2010,1.09744288
CA-503,Sacramento City & County CoC,2014,1015.4,780.15,2449,1663,786,2014,2010,1.07992447
CA-503,Sacramento City & County CoC,2015,1021.27,777.32,2659,1711,948,2015,2010,1.07864415
CA-503,Sacramento City & County CoC,2016,1027.85,783.57,2500,1552,948,2016,2010,1.06520643
CA-503,Sacramento City & County CoC,2017,1049.68,800.33,3665,1613,2052,2017,2010,1.04298711
CA-503,Sacramento City & County CoC,2018,1086.6,816.94,3621,1569,2052,2018,2010,1.01811977
CA-503,Sacramento City & County CoC,2019,1133.1,854.8,5561,1661,3900,2019,2010,1.0
CA-504,"Santa Rosa, Petaluma/Sonoma County CoC",2010,1310.87,994.92,3345,1123,2222,2010,2010,1.17243736
CA-504,"Santa Rosa, Petaluma/Sonoma County CoC",2011,1305.14,982.07,4541,1175,3366,2011,2010,1.13656147
CA-504,"Santa Rosa, Petaluma/Sonoma County CoC",2012,1298.07,987.27,4483,1117,3366,2012,2010,1.11351777
CA-504,"Santa Rosa, Petaluma/Sonoma County CoC",2013,1294.38,991.91,4280,971,3309,2013,2010,1.09744288
CA-504,"Santa Rosa, Petaluma/Sonoma County CoC",2014,1318.05,999.24,4266,957,3309,2014,2010,1.07992447
CA-504,"Santa Rosa, Petaluma/Sonoma County CoC",2015,1338.54,1007.31,3097,1037,2060,2015,2010,1.07864415
CA-504,"Santa Rosa, Petaluma/Sonoma County CoC",2016,1373.58,1028.19,2906,1000,1906,2016,2010,1.06520643
CA-504,"Santa Rosa, Petaluma/Sonoma County CoC",2017,1413.05,1046.95,2835,988,1847,2017,2010,1.04298711
CA-504,"Santa Rosa, Petaluma/Sonoma County CoC",2018,1449.78,1076.45,2996,1067,1929,2018,2010,1.01811977
CA-504,"Santa Rosa, Petaluma/Sonoma County CoC",2019,1491.28,1093.59,2951,994,1957,2019,2010,1.0
CA-505,Contra Costa County CoC,2010,1431.76,1052.78,2759,887,1872,2010,2010,1.17243736
CA-505,Contra Costa County CoC,2011,1419.68,1045.15,2415,925,1490,2011,2010,1.13656147
CA-505,Contra Costa County CoC,2012,1421.76,1046.37,2386,896,1490,2012,2010,1.11351777
CA-505,Contra Costa County CoC,2013,1427.69,1040.71,2000,671,1329,2013,2010,1.09744288
CA-505,Contra Costa County CoC,2014,1434.29,1050.38,2009,680,1329,2014,2010,1.07992447
CA-505,Contra Costa County CoC,2015,1479.0,1059.27,2031,704,1327,2015,2010,1.07864415
CA-505,Contra Costa County CoC,2016,1530.96,1089.02,1730,620,1110,2016,2010,1.06520643
CA-505,Contra Costa County CoC,2017,1575.73,1118.16,1607,696,911,2017,2010,1.04298711
CA-505,Contra Costa County CoC,2018,1637.58,1164.82,2234,697,1537,2018,2010,1.01811977
CA-505,Contra Costa County CoC,2019,1714.09,1219.41,2295,668,1627,2019,2010,1.0
CA-506,"Salinas/Monterey, San Benito Counties CoC",2010,1266.06,923.96,2407,779,1628,2010,2010,1.17243736
CA-506,"Salinas/Monterey, San Benito Counties CoC",2011,1259.41,931.53,2699,788,1911,2011,2010,1.13656147
CA-506,"Salinas/Monterey, San Benito Counties CoC",2012,1268.22,935.57,2673,762,1911,2012,2010,1.11351777
CA-506,"Salinas/Monterey, San Benito Counties CoC",2013,1276.34,943.68,2955,749,2206,2013,2010,1.09744288
CA-506,"Salinas/Monterey, San Benito Counties CoC",2014,1276.37,937.81,2962,756,2206,2014,2010,1.07992447
CA-506,"Salinas/Monterey, San Benito Counties CoC",2015,1299.25,938.93,2959,852,2107,2015,2010,1.07864415
CA-506,"Salinas/Monterey, San Benito Counties CoC",2016,1306.19,943.55,3022,915,2107,2016,2010,1.06520643
CA-506,"Salinas/Monterey, San Benito Counties CoC",2017,1334.12,953.79,3364,850,2514,2017,2010,1.04298711
CA-506,"Salinas/Monterey, San Benito Counties CoC",2018,1373.94,971.11,3299,785,2514,2018,2010,1.01811977
CA-506,"Salinas/Monterey, San Benito Counties CoC",2019,1427.38,1003.88,2704,706,1998,2019,2010,1.0
CA-507,Marin County CoC,2010,1706.34,1260.51,1026,597,429,2010,2010,1.17243736
CA-507,Marin County CoC,2011,1697.98,1250.59,862,509,353,2011,2010,1.13656147
CA-507,Marin County CoC,2012,1680.1,1249.37,725,496,229,2012,2010,1.11351777
CA-507,Marin County CoC,2013,1661.23,1230.21,676,505,171,2013,2010,1.09744288
CA-507,Marin County CoC,2014,1680.61,1241.9,679,501,178,2014,2010,1.07992447
CA-507,Marin County CoC,2015,1732.68,1265.95,1318,483,835,2015,2010,1.07864415
CA-507,Marin County CoC,2016,1807.11,1325.93,1258,423,835,2016,2010,1.06520643
CA-507,Marin County CoC,2017,1874.58,1336.15,1117,409,708,2017,2010,1.04298711
CA-507,Marin County CoC,2018,1946.37,1399.98,1095,387,708,2018,2010,1.01811977
CA-507,Marin County CoC,2019,2000.09,1453.11,1034,326,708,2019,2010,1.0
CA-508,Watsonville/Santa Cruz City & County CoC,2010,1377.88,959.87,2265,729,1536,2010,2010,1.17243736
CA-508,Watsonville/Santa Cruz City & County CoC,2011,1405.13,965.07,2771,646,2125,2011,2010,1.13656147
CA-508,Watsonville/Santa Cruz City & County CoC,2012,1421.05,989.55,2735,610,2125,2012,2010,1.11351777
CA-508,Watsonville/Santa Cruz City & County CoC,2013,1406.95,972.48,3536,641,2895,2013,2010,1.09744288
CA-508,Watsonville/Santa Cruz City & County CoC,2014,1434.71,1005.84,3529,634,2895,2014,2010,1.07992447
CA-508,Watsonville/Santa Cruz City & County CoC,2015,1475.05,1030.76,1964,610,1354,2015,2010,1.07864415
CA-508,Watsonville/Santa Cruz City & County CoC,2016,1497.77,1047.03,1959,605,1354,2016,2010,1.06520643
CA-508,Watsonville/Santa Cruz City & County CoC,2017,1522.65,1044.73,2249,450,1799,2017,2010,1.04298711
CA-508,Watsonville/Santa Cruz City & County CoC,2018,1587.2,1073.6,2320,521,1799,2018,2010,1.01811977
CA-508,Watsonville/Santa Cruz City & County CoC,2019,1623.36,1102.12,2167,467,1700,2019,2010,1.0
CA-509,Mendocino County CoC,2010,899.58,633.76,1202,235,967,2010,2010,1.17243736
CA-509,Mendocino County CoC,2011,904.04,629.54,1456,142,1314,2011,2010,1.13656147
CA-509,Mendocino County CoC,2012,905.38,605.58,1441,127,1314,2012,2010,1.11351777
CA-509,Mendocino County CoC,2013,915.18,582.19,1392,174,1218,2013,2010,1.09744288
CA-509,Mendocino County CoC,2014,908.97,572.91,1404,186,1218,2014,2010,1.07992447
CA-509,Mendocino County CoC,2015,907.83,585.71,947,152,795,2015,2010,1.07864415
CA-509,Mendocino County CoC,2016,904.59,587.17,1242,192,1050,2016,2010,1.06520643
CA-509,Mendocino County CoC,2017,941.33,626.7,1238,160,1078,2017,2010,1.04298711
CA-509,Mendocino County CoC,2018,948.53,661.29,880,157,723,2018,2010,1.01811977
CA-509,Mendocino County CoC,2019,971.41,703.94,785,247,538,2019,2010,1.0
CA-510,"Turlock, Modesto/Stanislaus County CoC",2010,942.73,727.63,1800,801,999,2010,2010,1.17243736
CA-510,"Turlock, Modesto/Stanislaus County CoC",2011,940.6,729.9,1434,643,791,2011,2010,1.13656147
CA-510,"Turlock, Modesto/Stanislaus County CoC",2012,932.95,718.62,1470,679,791,2012,2010,1.11351777
CA-510,"Turlock, Modesto/Stanislaus County CoC",2013,923.22,723.66,1201,556,645,2013,2010,1.09744288
CA-510,"Turlock, Modesto/Stanislaus County CoC",2014,910.3,710.26,1156,713,443,2014,2010,1.07992447
CA-510,"Turlock, Modesto/Stanislaus County CoC",2015,904.35,708.51,1408,725,683,2015,2010,1.07864415
CA-510,"Turlock, Modesto/Stanislaus County CoC",2016,906.91,710.44,1434,704,730,2016,2010,1.06520643
CA-510,"Turlock, Modesto/Stanislaus County CoC",2017,924.1,720.14,1661,840,821,2017,2010,1.04298711
CA-510,"Turlock, Modesto/Stanislaus County CoC",2018,953.61,724.97,1356,750,606,2018,2010,1.01811977
CA-510,"Turlock, Modesto/Stanislaus County CoC",2019,992.66,762.57,1923,835,1088,2019,2010,1.0
CA-511,Stockton/San Joaquin County CoC,2010,1020.49,755.74,3005,2840,165,2010,2010,1.17243736
CA-511,Stockton/San Joaquin County CoC,2011,1018.5,748.15,2540,2293,247,2011,2010,1.13656147
CA-511,Stockton/San Joaquin County CoC,2012,1014.62,735.87,1569,1322,247,2012,2010,1.11351777
CA-511,Stockton/San Joaquin County CoC,2013,1010.29,736.64,1541,1278,263,2013,2010,1.09744288
CA-511,Stockton/San Joaquin County CoC,2014,997.28,730.87,1588,1325,263,2014,2010,1.07992447
CA-511,Stockton/San Joaquin County CoC,2015,997.91,721.16,1708,1173,535,2015,2010,1.07864415
CA-511,Stockton/San Joaquin County CoC,2016,1009.9,727.64,1780,1245,535,2016,2010,1.06520643
CA-511,Stockton/San Joaquin County CoC,2017,1021.84,733.36,1542,975,567,2017,2010,1.04298711
CA-511,Stockton/San Joaquin County CoC,2018,1056.0,743.16,1685,1118,567,2018,2010,1.01811977
CA-511,Stockton/San Joaquin County CoC,2019,1088.31,764.45,2631,1073,1558,2019,2010,1.0
CA-512,Daly City/San Mateo County CoC,2010,1636.95,1253.0,1424,621,803,2010,2010,1.17243736
CA-512,Daly City/San Mateo County CoC,2011,1647.08,1258.76,1926,764,1162,2011,2010,1.13656147
CA-512,Daly City/San Mateo County CoC,2012,1643.1,1270.55,1845,683,1162,2012,2010,1.11351777
CA-512,Daly City/San Mateo County CoC,2013,1669.96,1276.93,1995,696,1299,2013,2010,1.09744288
CA-512,Daly City/San Mateo County CoC,2014,1690.19,1298.89,2024,725,1299,2014,2010,1.07992447
CA-512,Daly City/San Mateo County CoC,2015,1792.33,1333.91,1483,708,775,2015,2010,1.07864415
CA-512,Daly City/San Mateo County CoC,2016,1879.24,1394.94,1361,586,775,2016,2010,1.06520643
CA-512,Daly City/San Mateo County CoC,2017,1994.71,1458.7,1253,616,637,2017,2010,1.04298711
CA-512,Daly City/San Mateo County CoC,2018,2114.82,1543.14,1238,601,637,2018,2010,1.01811977
CA-512,Daly City/San Mateo County CoC,2019,2234.24,1622.29,1512,611,901,2019,2010,1.0
CA-513,"Visalia/Kings, Tulare Counties CoC",2010,775.71,543.33,966,406,560,2010,2010,1.17243736
CA-513,"Visalia/Kings, Tulare Counties CoC",2011,785.69,552.24,804,457,347,2011,2010,1.13656147
CA-513,"Visalia/Kings, Tulare Counties CoC",2012,784.9,565.81,771,416,355,2012,2010,1.11351777
CA-513,"Visalia/Kings, Tulare Counties CoC",2013,779.24,562.78,705,409,296,2013,2010,1.09744288
CA-513,"Visalia/Kings, Tulare Counties CoC",2014,772.38,562.75,763,386,377,2014,2010,1.07992447
CA-513,"Visalia/Kings, Tulare Counties CoC",2015,779.76,568.73,862,417,445,2015,2010,1.07864415
CA-513,"Visalia/Kings, Tulare Counties CoC",2016,775.76,567.83,792,326,466,2016,2010,1.06520643
CA-513,"Visalia/Kings, Tulare Counties CoC",2017,777.36,567.23,853,354,499,2017,2010,1.04298711
CA-513,"Visalia/Kings, Tulare Counties CoC",2018,792.92,572.09,967,315,652,2018,2010,1.01811977
CA-513,"Visalia/Kings, Tulare Counties CoC",2019,804.24,580.97,1064,289,775,2019,2010,1.0
CA-514,Fresno City & County/Madera County CoC,2010,842.75,616.4,4288,1831,2457,2010,2010,1.17243736
CA-514,Fresno City & County/Madera County CoC,2011,846.16,621.21,5135,1313,3822,2011,2010,1.13656147
CA-514,Fresno City & County/Madera County CoC,2012,844.32,625.4,4492,670,3822,2012,2010,1.11351777
CA-514,Fresno City & County/Madera County CoC,2013,848.49,631.17,3131,594,2537,2013,2010,1.09744288
CA-514,Fresno City & County/Madera County CoC,2014,846.82,630.89,2592,709,1883,2014,2010,1.07992447
CA-514,Fresno City & County/Madera County CoC,2015,845.39,637.74,1722,539,1183,2015,2010,1.07864415
CA-514,Fresno City & County/Madera County CoC,2016,849.0,641.04,1883,452,1431,2016,2010,1.06520643
CA-514,Fresno City & County/Madera County CoC,2017,850.86,638.75,2016,487,1529,2017,2010,1.04298711
CA-514,Fresno City & County/Madera County CoC,2018,851.07,639.13,2144,463,1681,2018,2010,1.01811977
CA-514,Fresno City & County/Madera County CoC,2019,861.06,638.54,2508,439,2069,2019,2010,1.0
CA-515,"Roseville, Rocklin/Placer County CoC",2010,1225.83,944.27,1054,572,482,2010,2010,1.17243736
CA-515,"Roseville, Rocklin/Placer County CoC",2011,1245.17,919.58,821,466,355,2011,2010,1.13656147
CA-515,"Roseville, Rocklin/Placer County CoC",2012,1231.18,918.43,742,387,355,2012,2010,1.11351777
CA-515,"Roseville, Rocklin/Placer County CoC",2013,1239.75,917.41,908,385,523,2013,2010,1.09744288
CA-515,"Roseville, Rocklin/Placer County CoC",2014,1233.13,912.95,762,239,523,2014,2010,1.07992447
CA-515,"Roseville, Rocklin/Placer County CoC",2015,1249.35,925.53,796,297,499,2015,2010,1.07864415
CA-515,"Roseville, Rocklin/Placer County CoC",2016,1268.07,930.66,1021,522,499,2016,2010,1.06520643
CA-515,"Roseville, Rocklin/Placer County CoC",2017,1305.16,933.4,979,521,458,2017,2010,1.04298711
CA-515,"Roseville, Rocklin/Placer County CoC",2018,1342.56,961.88,950,492,458,2018,2010,1.01811977
CA-515,"Roseville, Rocklin/Placer County CoC",2019,1389.72,1002.49,617,321,296,2019,2010,1.0
CA-516,"Redding/Shasta, Siskiyou, Lassen, Plumas, Del Norte, Modoc, Sierra Counties CoC",2010,780.67,558.98,336,215,121,2010,2010,1.17243736
CA-516,"Redding/Shasta, Siskiyou, Lassen, Plumas, Del Norte, Modoc, Sierra Counties CoC",2011,781.22,555.82,527,356,171,2011,2010,1.13656147
CA-516,"Redding/Shasta, Siskiyou, Lassen, Plumas, Del Norte, Modoc, Sierra Counties CoC",2012,790.53,572.57,524,342,182,2012,2010,1.11351777
CA-516,"Redding/Shasta, Siskiyou, Lassen, Plumas, Del Norte, Modoc, Sierra Counties CoC",2013,779.43,560.43,851,504,347,2013,2010,1.09744288
CA-516,"Redding/Shasta, Siskiyou, Lassen, Plumas, Del Norte, Modoc, Sierra Counties CoC",2014,774.49,560.26,630,548,82,2014,2010,1.07992447
CA-516,"Redding/Shasta, Siskiyou, Lassen, Plumas, Del Norte, Modoc, Sierra Counties CoC",2015,770.69,564.0,591,244,347,2015,2010,1.07864415
CA-516,"Redding/Shasta, Siskiyou, Lassen, Plumas, Del Norte, Modoc, Sierra Counties CoC",2016,778.07,568.15,1272,312,960,2016,2010,1.06520643
CA-516,"Redding/Shasta, Siskiyou, Lassen, Plumas, Del Norte, Modoc, Sierra Counties CoC",2017,774.69,565.45,934,530,404,2017,2010,1.04298711
CA-516,"Redding/Shasta, Siskiyou, Lassen, Plumas, Del Norte, Modoc, Sierra Counties CoC",2018,784.09,569.86,1149,459,690,2018,2010,1.01811977
CA-516,"Redding/Shasta, Siskiyou, Lassen, Plumas, Del Norte, Modoc, Sierra Counties CoC",2019,798.15,580.48,1349,543,806,2019,2010,1.0
CA-517,Napa City & County CoC,2010,1323.47,955.76,314,186,128,2010,2010,1.17243736
CA-517,Napa City & County CoC,2011,1347.35,976.42,230,138,92,2011,2010,1.13656147
CA-517,Napa City & County CoC,2012,1362.28,993.53,248,156,92,2012,2010,1.11351777
CA-517,Napa City & County CoC,2013,1371.75,1021.95,245,177,68,2013,2010,1.09744288
CA-517,Napa City & County CoC,2014,1382.35,1009.79,285,194,91,2014,2010,1.07992447
CA-517,Napa City & County CoC,2015,1425.63,1029.61,293,179,114,2015,2010,1.07864415
CA-517,Napa City & County CoC,2016,1444.14,1061.61,317,199,118,2016,2010,1.06520643
CA-517,Napa City & County CoC,2017,1482.38,1066.99,315,199,116,2017,2010,1.04298711
CA-517,Napa City & County CoC,2018,1526.51,1104.25,322,168,154,2018,2010,1.01811977
CA-517,Napa City & County CoC,2019,1567.35,1119.44,322,172,150,2019,2010,1.0
CA-518,Vallejo/Solano County CoC,2010,1294.34,982.39,829,403,426,2010,2010,1.17243736
CA-518,Vallejo/Solano County CoC,2011,1295.21,969.66,569,334,235,2011,2010,1.13656147
CA-518,Vallejo/Solano County CoC,2012,1291.18,974.65,622,387,235,2012,2010,1.11351777
CA-518,Vallejo/Solano County CoC,2013,1282.52,975.41,1329,440,889,2013,2010,1.09744288
CA-518,Vallejo/Solano County CoC,2014,1275.1,968.96,1295,406,889,2014,2010,1.07992447
CA-518,Vallejo/Solano County CoC,2015,1285.74,965.07,1082,287,795,2015,2010,1.07864415
CA-518,Vallejo/Solano County CoC,2016,1311.67,979.02,1118,323,795,2016,2010,1.06520643
CA-518,Vallejo/Solano County CoC,2017,1343.02,989.91,1232,315,917,2017,2010,1.04298711
CA-518,Vallejo/Solano County CoC,2018,1384.08,1008.98,1129,212,917,2018,2010,1.01811977
CA-518,Vallejo/Solano County CoC,2019,1435.48,1036.84,1151,219,932,2019,2010,1.0
CA-519,"Chico, Paradise/Butte County CoC",2010,889.92,652.73,742,347,395,2010,2010,1.17243736
CA-519,"Chico, Paradise/Butte County CoC",2011,884.38,647.01,897,357,540,2011,2010,1.13656147
CA-519,"Chico, Paradise/Butte County CoC",2012,875.06,648.94,897,357,540,2012,2010,1.11351777
CA-519,"Chico, Paradise/Butte County CoC",2013,882.85,666.37,712,289,423,2013,2010,1.09744288
CA-519,"Chico, Paradise/Butte County CoC",2014,867.73,664.47,696,273,423,2014,2010,1.07992447
CA-519,"Chico, Paradise/Butte County CoC",2015,871.24,667.23,571,286,285,2015,2010,1.07864415
CA-519,"Chico, Paradise/Butte County CoC",2016,892.07,674.12,574,289,285,2016,2010,1.06520643
CA-519,"Chico, Paradise/Butte County CoC",2017,900.92,682.09,1195,450,745,2017,2010,1.04298711
CA-519,"Chico, Paradise/Butte County CoC",2018,912.77,681.87,1125,380,745,2018,2010,1.01811977
CA-519,"Chico, Paradise/Butte County CoC",2019,925.58,693.67,1266,428,838,2019,2010,1.0
CA-520,Merced City & County CoC,2010,816.32,596.65,372,148,224,2010,2010,1.17243736
CA-520,Merced City & County CoC,2011,807.73,585.74,486,187,299,2011,2010,1.13656147
CA-520,Merced City & County CoC,2012,796.64,587.0,502,164,338,2012,2010,1.11351777
CA-520,Merced City & County CoC,2013,816.12,593.49,372,117,255,2013,2010,1.09744288
CA-520,Merced City & County CoC,2014,806.92,587.25,768,159,609,2014,2010,1.07992447
CA-520,Merced City & County CoC,2015,802.62,590.5,898,155,743,2015,2010,1.07864415
CA-520,Merced City & County CoC,2016,809.29,597.93,516,160,356,2016,2010,1.06520643
CA-520,Merced City & County CoC,2017,826.99,614.05,454,156,298,2017,2010,1.04298711
CA-520,Merced City & County CoC,2018,832.8,615.02,514,202,312,2018,2010,1.01811977
CA-520,Merced City & County CoC,2019,855.24,618.79,608,320,288,2019,2010,1.0
CA-521,"Davis, Woodland/Yolo County CoC",2010,1165.78,818.17,491,202,289,2010,2010,1.17243736
CA-521,"Davis, Woodland/Yolo County CoC",2011,1173.72,824.68,468,205,263,2011,2010,1.13656147
CA-521,"Davis, Woodland/Yolo County CoC",2012,1139.66,802.78,513,250,263,2012,2010,1.11351777
CA-521,"Davis, Woodland/Yolo County CoC",2013,1125.04,795.53,474,276,198,2013,2010,1.09744288
CA-521,"Davis, Woodland/Yolo County CoC",2014,1115.44,796.68,442,244,198,2014,2010,1.07992447
CA-521,"Davis, Woodland/Yolo County CoC",2015,1117.55,792.13,498,305,193,2015,2010,1.07864415
CA-521,"Davis, Woodland/Yolo County CoC",2016,1141.38,806.89,532,339,193,2016,2010,1.06520643
CA-521,"Davis, Woodland/Yolo County CoC",2017,1162.41,816.15,459,250,209,2017,2010,1.04298711
CA-521,"Davis, Woodland/Yolo County CoC",2018,1198.16,841.21,448,239,209,2018,2010,1.01811977
CA-521,"Davis, Woodland/Yolo County CoC",2019,1220.59,862.22,655,258,397,2019,2010,1.0
CA-522,Humboldt County CoC,2010,856.74,634.48,1355,355,1000,2010,2010,1.17243736
CA-522,Humboldt County CoC,2011,856.26,632.92,861,407,454,2011,2010,1.13656147
CA-522,Humboldt County CoC,2012,846.07,632.9,846,392,454,2012,2010,1.11351777
CA-522,Humboldt County CoC,2013,861.02,655.39,864,180,684,2013,2010,1.09744288
CA-522,Humboldt County CoC,2014,852.67,652.88,932,248,684,2014,2010,1.07992447
CA-522,Humboldt County CoC,2015,862.53,660.93,1180,244,936,2015,2010,1.07864415
CA-522,Humboldt County CoC,2016,861.45,657.02,1134,198,936,2016,2010,1.06520643
CA-522,Humboldt County CoC,2017,866.99,662.12,759,325,434,2017,2010,1.04298711
CA-522,Humboldt County CoC,2018,861.8,662.34,703,269,434,2018,2010,1.01811977
CA-522,Humboldt County CoC,2019,890.97,689.14,1702,300,1402,2019,2010,1.0
CA-523,"Colusa, Glenn, Trinity Counties CoC",2010,729.51,519.28,197,74,123,2010,2010,1.17243736
CA-523,"Colusa, Glenn, Trinity Counties CoC",2011,757.94,521.45,322,183,139,2011,2010,1.13656147
CA-523,"Colusa, Glenn, Trinity Counties CoC",2012,733.9,543.12,303,164,139,2012,2010,1.11351777
CA-523,"Colusa, Glenn, Trinity Counties CoC",2013,714.68,517.96,696,272,424,2013,2010,1.09744288
CA-523,"Colusa, Glenn, Trinity Counties CoC",2014,710.45,503.34,567,143,424,2014,2010,1.07992447
CA-523,"Colusa, Glenn, Trinity Counties CoC",2015,710.17,503.94,136,56,80,2015,2010,1.07864415
CA-523,"Colusa, Glenn, Trinity Counties CoC",2016,694.11,495.6,115,35,80,2016,2010,1.06520643
CA-523,"Colusa, Glenn, Trinity Counties CoC",2017,707.88,485.14,176,43,133,2017,2010,1.04298711
CA-523,"Colusa, Glenn, Trinity Counties CoC",2018,692.3,502.72,268,95,173,2018,2010,1.01811977
CA-523,"Colusa, Glenn, Trinity Counties CoC",2019,699.9,510.77,192,42,150,2019,2010,1.0
CA-524,Yuba City & County/Sutter County CoC,2010,869.27,631.18,512,387,125,2010,2010,1.17243736
CA-524,Yuba City & County/Sutter County CoC,2011,850.25,626.36,649,355,294,2011,2010,1.13656147
CA-524,Yuba City & County/Sutter County CoC,2012,855.62,637.51,492,272,220,2012,2010,1.11351777
CA-524,Yuba City & County/Sutter County CoC,2013,854.44,639.18,1485,1106,379,2013,2010,1.09744288
CA-524,Yuba City & County/Sutter County CoC,2014,857.82,638.62,726,347,379,2014,2010,1.07992447
CA-524,Yuba City & County/Sutter County CoC,2015,869.99,640.46,716,205,511,2015,2010,1.07864415
CA-524,Yuba City & County/Sutter County CoC,2016,874.33,652.79,702,191,511,2016,2010,1.06520643
CA-524,Yuba City & County/Sutter County CoC,2017,881.58,647.4,760,287,473,2017,2010,1.04298711
CA-524,Yuba City & County/Sutter County CoC,2018,872.93,640.19,765,292,473,2018,2010,1.01811977
CA-524,Yuba City & County/Sutter County CoC,2019,896.04,641.37,721,202,519,2019,2010,1.0
CA-525,El Dorado County CoC,2010,1139.03,840.49,146,63,83,2010,2010,1.17243736
CA-525,El Dorado County CoC,2011,1123.09,810.53,170,133,37,2011,2010,1.13656147
CA-525,El Dorado County CoC,2012,1117.11,812.88,217,180,37,2012,2010,1.11351777
CA-525,El Dorado County CoC,2013,1094.17,806.19,180,131,49,2013,2010,1.09744288
CA-525,El Dorado County CoC,2014,1083.19,792.05,195,146,49,2014,2010,1.07992447
CA-525,El Dorado County CoC,2015,1088.38,775.99,269,121,148,2015,2010,1.07864415
CA-525,El Dorado County CoC,2016,1100.97,797.14,269,121,148,2016,2010,1.06520643
CA-525,El Dorado County CoC,2017,1091.43,779.05,602,106,496,2017,2010,1.04298711
CA-525,El Dorado County CoC,2018,1140.59,781.17,645,149,496,2018,2010,1.01811977
CA-525,El Dorado County CoC,2019,1162.37,804.58,613,133,480,2019,2010,1.0
CA-526,"Amador, Calaveras, Mariposa, Tuolumne Counties CoC",2010,898.8,648.51,289,67,222,2010,2010,1.17243736
CA-526,"Amador, Calaveras, Mariposa, Tuolumne Counties CoC",2011,892.98,634.02,406,137,269,2011,2010,1.13656147
CA-526,"Amador, Calaveras, Mariposa, Tuolumne Counties CoC",2012,885.16,631.55,379,110,269,2012,2010,1.11351777
CA-526,"Amador, Calaveras, Mariposa, Tuolumne Counties CoC",2013,891.17,639.15,376,136,240,2013,2010,1.09744288
CA-526,"Amador, Calaveras, Mariposa, Tuolumne Counties CoC",2014,870.97,643.61,382,142,240,2014,2010,1.07992447
CA-526,"Amador, Calaveras, Mariposa, Tuolumne Counties CoC",2015,878.23,657.69,430,128,302,2015,2010,1.07864415
CA-526,"Amador, Calaveras, Mariposa, Tuolumne Counties CoC",2016,897.04,666.4,632,151,481,2016,2010,1.06520643
CA-526,"Amador, Calaveras, Mariposa, Tuolumne Counties CoC",2017,885.6,661.23,367,103,264,2017,2010,1.04298711
CA-526,"Amador, Calaveras, Mariposa, Tuolumne Counties CoC",2018,894.12,621.51,398,134,264,2018,2010,1.01811977
CA-526,"Amador, Calaveras, Mariposa, Tuolumne Counties CoC",2019,896.97,625.5,845,158,687,2019,2010,1.0
CA-527,Tehama County CoC,2010,768.9,532.44,,,,2010,2010,1.17243736
CA-527,Tehama County CoC,2011,783.44,571.94,,,,2011,2010,1.13656147
CA-527,Tehama County CoC,2012,771.57,567.4,,,,2012,2010,1.11351777
CA-527,Tehama County CoC,2013,757.11,553.71,,,,2013,2010,1.09744288
CA-527,Tehama County CoC,2014,744.86,552.62,,,,2014,2010,1.07992447
CA-527,Tehama County CoC,2015,700.51,536.5,138,78,60,2015,2010,1.07864415
CA-527,Tehama County CoC,2016,688.79,532.13,133,73,60,2016,2010,1.06520643
CA-527,Tehama County CoC,2017,670.37,506.35,124,68,56,2017,2010,1.04298711
CA-527,Tehama County CoC,2018,684.68,515.89,125,69,56,2018,2010,1.01811977
CA-527,Tehama County CoC,2019,691.32,514.36,288,73,215,2019,2010,1.0
CA-529,Lake County CoC,2010,827.56,531.74,,,,2010,2010,1.17243736
CA-529,Lake County CoC,2011,837.23,540.28,,,,2011,2010,1.13656147
CA-529,Lake County CoC,2012,805.9,568.78,,,,2012,2010,1.11351777
CA-529,Lake County CoC,2013,815.09,577.92,,,,2013,2010,1.09744288
CA-529,Lake County CoC,2014,821.88,572.32,,,,2014,2010,1.07992447
CA-529,Lake County CoC,2015,807.87,564.03,315,27,288,2015,2010,1.07864415
CA-529,Lake County CoC,2016,777.53,556.58,332,44,288,2016,2010,1.06520643
CA-529,Lake County CoC,2017,814.76,553.98,401,28,373,2017,2010,1.04298711
CA-529,Lake County CoC,2018,822.25,515.61,615,24,591,2018,2010,1.01811977
CA-529,Lake County CoC,2019,832.91,529.84,408,26,382,2019,2010,1.0
CA-530,"Alpine, Inyo, Mono Counties CoC",2010,916.79,625.45,,,,2010,2010,1.17243736
CA-530,"Alpine, Inyo, Mono Counties CoC",2011,937.99,709.38,,,,2011,2010,1.13656147
CA-530,"Alpine, Inyo, Mono Counties CoC",2012,971.46,701.03,,,,2012,2010,1.11351777
CA-530,"Alpine, Inyo, Mono Counties CoC",2013,913.63,597.55,,,,2013,2010,1.09744288
CA-530,"Alpine, Inyo, Mono Counties CoC",2014,872.15,588.41,,,,2014,2010,1.07992447
CA-530,"Alpine, Inyo, Mono Counties CoC",2015,874.38,592.51,53,8,45,2015,2010,1.07864415
CA-530,"Alpine, Inyo, Mono Counties CoC",2016,892.11,581.62,130,11,119,2016,2010,1.06520643
CA-530,"Alpine, Inyo, Mono Counties CoC",2017,888.35,601.81,121,5,116,2017,2010,1.04298711
CA-530,"Alpine, Inyo, Mono Counties CoC",2018,865.41,624.29,157,1,156,2018,2010,1.01811977
CA-530,"Alpine, Inyo, Mono Counties CoC",2019,884.84,605.02,214,17,197,2019,2010,1.0
CA-531,Nevada County CoC,2010,1151.27,851.51,,,,2010,2010,1.17243736
CA-531,Nevada County CoC,2011,1158.01,837.12,,,,2011,2010,1.13656147
CA-531,Nevada County CoC,2012,1140.62,781.79,,,,2012,2010,1.11351777
CA-531,Nevada County CoC,2013,1163.79,805.92,,,,2013,2010,1.09744288
CA-531,Nevada County CoC,2014,1126.83,795.43,,,,2014,2010,1.07992447
CA-531,Nevada County CoC,2015,1127.56,813.07,,,,2015,2010,1.07864415
CA-531,Nevada County CoC,2016,1117.5,825.17,,,,2016,2010,1.06520643
CA-531,Nevada County CoC,2017,1121.34,838.61,,,,2017,2010,1.04298711
CA-531,Nevada County CoC,2018,1122.08,825.89,,,,2018,2010,1.01811977
CA-531,Nevada County CoC,2019,1191.52,857.65,415,164,251,2019,2010,1.0
CA-600,Los Angeles City & County CoC,2010,1248.77,902.6,33243,14050,19193,2010,2010,1.17243736
CA-600,Los Angeles City & County CoC,2011,1257.25,909.65,34622,16882,17740,2011,2010,1.13656147
CA-600,Los Angeles City & County CoC,2012,1264.98,916.3,31553,13813,17740,2012,2010,1.11351777
CA-600,Los Angeles City & County CoC,2013,1268.1,920.06,35524,12934,22590,2013,2010,1.09744288
CA-600,Los Angeles City & County CoC,2014,1266.52,915.78,34393,11803,22590,2014,2010,1.07992447
CA-600,Los Angeles City & County CoC,2015,1289.51,924.66,41174,12226,28948,2015,2010,1.07864415
CA-600,Los Angeles City & County CoC,2016,1309.37,935.06,43854,11073,32781,2016,2010,1.06520643
CA-600,Los Angeles City & County CoC,2017,1335.36,948.3,52442,13972,38470,2017,2010,1.04298711
CA-600,Los Angeles City & County CoC,2018,1370.9,968.55,49955,12385,37570,2018,2010,1.01811977
CA-600,Los Angeles City & County CoC,2019,1415.31,990.98,56257,13786,42471,2019,2010,1.0
CA-601,San Diego City and County CoC,2010,1401.82,1023.17,8383,3918,4465,2010,2010,1.17243736
CA-601,San Diego City and County CoC,2011,1397.78,1018.64,9436,3980,5456,2011,2010,1.13656147
CA-601,San Diego City and County CoC,2012,1392.98,1018.29,10013,4371,5642,2012,2010,1.11351777
CA-601,San Diego City and County CoC,2013,1390.92,1019.27,8879,4305,4574,2013,2010,1.09744288
CA-601,San Diego City and County CoC,2014,1395.9,1018.95,8506,4521,3985,2014,2010,1.07992447
CA-601,San Diego City and County CoC,2015,1421.14,1025.89,8742,4586,4156,2015,2010,1.07864415
CA-601,San Diego City and County CoC,2016,1454.68,1045.93,8669,3729,4940,2016,2010,1.06520643
CA-601,San Diego City and County CoC,2017,1499.49,1077.38,9160,3539,5621,2017,2010,1.04298711
CA-601,San Diego City and County CoC,2018,1549.59,1111.94,8576,3586,4990,2018,2010,1.01811977
CA-601,San Diego City and County CoC,2019,1596.77,1150.16,8102,3626,4476,2019,2010,1.0
CA-602,"Santa Ana, Anaheim/Orange County CoC",2010,1608.1,1232.57,8333,2609,5724,2010,2010,1.17243736
CA-602,"Santa Ana, Anaheim/Orange County CoC",2011,1599.56,1229.3,6939,2667,4272,2011,2010,1.13656147
CA-602,"Santa Ana, Anaheim/Orange County CoC",2012,1587.54,1223.59,7010,2738,4272,2012,2010,1.11351777
CA-602,"Santa Ana, Anaheim/Orange County CoC",2013,1580.65,1210.96,4251,2573,1678,2013,2010,1.09744288
CA-602,"Santa Ana, Anaheim/Orange County CoC",2014,1582.22,1209.14,3833,2155,1678,2014,2010,1.07992447
CA-602,"Santa Ana, Anaheim/Orange County CoC",2015,1622.43,1221.97,4452,2251,2201,2015,2010,1.07864415
CA-602,"Santa Ana, Anaheim/Orange County CoC",2016,1653.12,1244.58,4319,2118,2201,2016,2010,1.06520643
CA-602,"Santa Ana, Anaheim/Orange County CoC",2017,1694.74,1276.61,4792,2208,2584,2017,2010,1.04298711
CA-602,"Santa Ana, Anaheim/Orange County CoC",2018,1739.52,1320.12,4955,2371,2584,2018,2010,1.01811977
CA-602,"Santa Ana, Anaheim/Orange County CoC",2019,1790.01,1354.54,6860,2899,3961,2019,2010,1.0
CA-603,Santa Maria/Santa Barbara County CoC,2010,1428.36,1003.78,4121,1148,2973,2010,2010,1.17243736
CA-603,Santa Maria/Santa Barbara County CoC,2011,1428.44,988.32,1698,830,868,2011,2010,1.13656147
CA-603,Santa Maria/Santa Barbara County CoC,2012,1417.7,984.83,1546,678,868,2012,2010,1.11351777
CA-603,Santa Maria/Santa Barbara County CoC,2013,1410.5,974.97,1882,904,978,2013,2010,1.09744288
CA-603,Santa Maria/Santa Barbara County CoC,2014,1412.88,963.69,1832,854,978,2014,2010,1.07992447
CA-603,Santa Maria/Santa Barbara County CoC,2015,1439.57,971.72,1729,839,890,2015,2010,1.07864415
CA-603,Santa Maria/Santa Barbara County CoC,2016,1473.21,1000.29,1813,923,890,2016,2010,1.06520643
CA-603,Santa Maria/Santa Barbara County CoC,2017,1510.45,1034.92,1860,967,893,2017,2010,1.04298711
CA-603,Santa Maria/Santa Barbara County CoC,2018,1537.45,1057.22,1706,813,893,2018,2010,1.01811977
CA-603,Santa Maria/Santa Barbara County CoC,2019,1565.58,1084.32,1803,670,1133,2019,2010,1.0
CA-604,Bakersfield/Kern County CoC,2010,837.44,612.77,1499,667,832,2010,2010,1.17243736
CA-604,Bakersfield/Kern County CoC,2011,845.56,616.94,1439,606,833,2011,2010,1.13656147
CA-604,Bakersfield/Kern County CoC,2012,853.77,624.98,1352,519,833,2012,2010,1.11351777
CA-604,Bakersfield/Kern County CoC,2013,851.75,622.41,1152,547,605,2013,2010,1.09744288
CA-604,Bakersfield/Kern County CoC,2014,848.95,622.14,992,577,415,2014,2010,1.07992447
CA-604,Bakersfield/Kern County CoC,2015,849.9,627.49,954,545,409,2015,2010,1.07864415
CA-604,Bakersfield/Kern County CoC,2016,847.67,629.03,1067,561,506,2016,2010,1.06520643
CA-604,Bakersfield/Kern County CoC,2017,856.82,629.88,810,541,269,2017,2010,1.04298711
CA-604,Bakersfield/Kern County CoC,2018,854.9,626.63,885,515,370,2018,2010,1.01811977
CA-604,Bakersfield/Kern County CoC,2019,861.5,629.93,1330,525,805,2019,2010,1.0
CA-606,Long Beach CoC,2010,1116.75,881.27,3909,2154,1755,2010,2010,1.17243736
CA-606,Long Beach CoC,2011,1132.48,885.96,3164,961,2203,2011,2010,1.13656147
CA-606,Long Beach CoC,2012,1134.51,879.79,3170,967,2203,2012,2010,1.11351777
CA-606,Long Beach CoC,2013,1130.3,882.28,2847,968,1879,2013,2010,1.09744288
CA-606,Long Beach CoC,2014,1136.6,874.12,2738,859,1879,2014,2010,1.07992447
CA-606,Long Beach CoC,2015,1142.32,875.96,2345,832,1513,2015,2010,1.07864415
CA-606,Long Beach CoC,2016,1161.96,889.21,2250,737,1513,2016,2010,1.06520643
CA-606,Long Beach CoC,2017,1183.67,906.37,1863,655,1208,2017,2010,1.04298711
CA-606,Long Beach CoC,2018,1216.8,935.58,1873,665,1208,2018,2010,1.01811977
CA-606,Long Beach CoC,2019,1254.5,955.88,1894,619,1275,2019,2010,1.0
CA-607,Pasadena CoC,2010,1385.45,1033.68,1137,491,646,2010,2010,1.17243736
CA-607,Pasadena CoC,2011,1418.13,1042.09,1216,453,763,2011,2010,1.13656147
CA-607,Pasadena CoC,2012,1413.13,1051.18,904,467,437,2012,2010,1.11351777
CA-607,Pasadena CoC,2013,1411.75,1052.52,772,379,393,2013,2010,1.09744288
CA-607,Pasadena CoC,2014,1420.28,1055.96,666,265,401,2014,2010,1.07992447
CA-607,Pasadena CoC,2015,1444.24,1051.99,632,190,442,2015,2010,1.07864415
CA-607,Pasadena CoC,2016,1463.93,1070.13,530,178,352,2016,2010,1.06520643
CA-607,Pasadena CoC,2017,1501.63,1085.74,575,228,347,2017,2010,1.04298711
CA-607,Pasadena CoC,2018,1548.81,1105.95,677,215,462,2018,2010,1.01811977
CA-607,Pasadena CoC,2019,1613.02,1164.87,542,221,321,2019,2010,1.0
CA-608,Riverside City & County CoC,2010,1193.21,860.18,3126,1083,2043,2010,2010,1.17243736
CA-608,Riverside City & County CoC,2011,1184.83,852.93,6203,1113,5090,2011,2010,1.13656147
CA-608,Riverside City & County CoC,2012,1180.63,846.41,6096,1006,5090,2012,2010,1.11351777
CA-608,Riverside City & County CoC,2013,1172.09,838.91,2978,1090,1888,2013,2010,1.09744288
CA-608,Riverside City & County CoC,2014,1162.44,832.42,2945,1057,1888,2014,2010,1.07992447
CA-608,Riverside City & County CoC,2015,1172.76,825.5,2372,884,1488,2015,2010,1.07864415
CA-608,Riverside City & County CoC,2016,1190.51,839.55,2165,814,1351,2016,2010,1.06520643
CA-608,Riverside City & County CoC,2017,1201.15,846.98,2406,768,1638,2017,2010,1.04298711
CA-608,Riverside City & County CoC,2018,1222.84,852.61,2316,631,1685,2018,2010,1.01811977
CA-608,Riverside City & County CoC,2019,1254.0,871.06,2811,766,2045,2019,2010,1.0
CA-609,San Bernardino City & County CoC,2010,1133.31,836.22,2026,768,1258,2010,2010,1.17243736
CA-609,San Bernardino City & County CoC,2011,1131.47,830.6,2825,1133,1692,2011,2010,1.13656147
CA-609,San Bernardino City & County CoC,2012,1113.32,810.44,2532,840,1692,2012,2010,1.11351777
CA-609,San Bernardino City & County CoC,2013,1099.43,808.76,2321,1074,1247,2013,2010,1.09744288
CA-609,San Bernardino City & County CoC,2014,1093.73,805.81,2315,1068,1247,2014,2010,1.07992447
CA-609,San Bernardino City & County CoC,2015,1099.84,803.12,2149,838,1311,2015,2010,1.07864415
CA-609,San Bernardino City & County CoC,2016,1112.02,808.01,1887,696,1191,2016,2010,1.06520643
CA-609,San Bernardino City & County CoC,2017,1126.87,810.7,1866,687,1179,2017,2010,1.04298711
CA-609,San Bernardino City & County CoC,2018,1148.06,813.56,2118,675,1443,2018,2010,1.01811977
CA-609,San Bernardino City & County CoC,2019,1179.82,831.42,2607,687,1920,2019,2010,1.0
CA-611,"Oxnard, San Buenaventura/Ventura County CoC",2010,1537.72,1090.43,1815,524,1291,2010,2010,1.17243736
CA-611,"Oxnard, San Buenaventura/Ventura County CoC",2011,1533.16,1094.52,1810,830,980,2011,2010,1.13656147
CA-611,"Oxnard, San Buenaventura/Ventura County CoC",2012,1525.55,1105.86,1926,683,1243,2012,2010,1.11351777
CA-611,"Oxnard, San Buenaventura/Ventura County CoC",2013,1524.7,1113.39,1674,600,1074,2013,2010,1.09744288
CA-611,"Oxnard, San Buenaventura/Ventura County CoC",2014,1523.46,1106.85,1428,518,910,2014,2010,1.07992447
CA-611,"Oxnard, San Buenaventura/Ventura County CoC",2015,1553.74,1127.55,1417,460,957,2015,2010,1.07864415
CA-611,"Oxnard, San Buenaventura/Ventura County CoC",2016,1584.22,1148.44,1271,494,777,2016,2010,1.06520643
CA-611,"Oxnard, San Buenaventura/Ventura County CoC",2017,1615.8,1167.91,1152,488,664,2017,2010,1.04298711
CA-611,"Oxnard, San Buenaventura/Ventura County CoC",2018,1638.9,1206.85,1308,478,830,2018,2010,1.01811977
CA-611,"Oxnard, San Buenaventura/Ventura County CoC",2019,1680.51,1244.76,1669,411,1258,2019,2010,1.0
CA-612,Glendale CoC,2010,1332.5,1053.6,428,300,128,2010,2010,1.17243736
CA-612,Glendale CoC,2011,1325.71,1041.41,412,291,121,2011,2010,1.13656147
CA-612,Glendale CoC,2012,1326.36,1051.61,299,179,120,2012,2010,1.11351777
CA-612,Glendale CoC,2013,1315.71,1041.91,318,211,107,2013,2010,1.09744288
CA-612,Glendale CoC,2014,1312.37,1033.55,292,185,107,2014,2010,1.07992447
CA-612,Glendale CoC,2015,1317.2,1034.61,208,86,122,2015,2010,1.07864415
CA-612,Glendale CoC,2016,1346.61,1056.72,240,185,55,2016,2010,1.06520643
CA-612,Glendale CoC,2017,1390.82,1081.04,168,111,57,2017,2010,1.04298711
CA-612,Glendale CoC,2018,1425.66,1109.08,260,104,156,2018,2010,1.01811977
CA-612,Glendale CoC,2019,1482.63,1143.95,243,96,147,2019,2010,1.0
CA-613,Imperial County CoC,2010,671.97,470.09,505,157,348,2010,2010,1.17243736
CA-613,Imperial County CoC,2011,664.13,466.3,508,194,314,2011,2010,1.13656147
CA-613,Imperial County CoC,2012,677.06,483.51,239,136,103,2012,2010,1.11351777
CA-613,Imperial County CoC,2013,690.5,484.66,252,148,104,2013,2010,1.09744288
CA-613,Imperial County CoC,2014,710.54,495.5,298,164,134,2014,2010,1.07992447
CA-613,Imperial County CoC,2015,710.95,491.37,554,190,364,2015,2010,1.07864415
CA-613,Imperial County CoC,2016,719.7,494.74,380,128,252,2016,2010,1.06520643
CA-613,Imperial County CoC,2017,708.79,501.79,1154,128,1026,2017,2010,1.04298711
CA-613,Imperial County CoC,2018,696.65,481.83,1493,160,1333,2018,2010,1.01811977
CA-613,Imperial County CoC,2019,689.82,484.04,1413,188,1225,2019,2010,1.0
CA-614,San Luis Obispo County CoC,2010,1203.8,908.25,3829,242,3587,2010,2010,1.17243736
CA-614,San Luis Obispo County CoC,2011,1226.36,924.48,2129,228,1901,2011,2010,1.13656147
CA-614,San Luis Obispo County CoC,2012,1240.27,932.91,2129,228,1901,2012,2010,1.11351777
CA-614,San Luis Obispo County CoC,2013,1246.84,933.81,2357,235,2122,2013,2010,1.09744288
CA-614,San Luis Obispo County CoC,2014,1257.56,925.07,2366,244,2122,2014,2010,1.07992447
CA-614,San Luis Obispo County CoC,2015,1275.1,930.85,1515,392,1123,2015,2010,1.07864415
CA-614,San Luis Obispo County CoC,2016,1265.27,934.2,1368,245,1123,2016,2010,1.06520643
CA-614,San Luis Obispo County CoC,2017,1316.69,947.08,1125,303,822,2017,2010,1.04298711
CA-614,San Luis Obispo County CoC,2018,1329.04,982.5,1095,273,822,2018,2010,1.01811977
CA-614,San Luis Obispo County CoC,2019,1379.19,1004.7,1483,311,1172,2019,2010,1.0
CO-500,Colorado Balance of State CoC,2010,796.34,516.24,5267,1087,4180,2010,2010,1.17243736
CO-500,Colorado Balance of State CoC,2011,802.37,518.27,9283,1015,8268,2011,2010,1.13656147
CO-500,Colorado Balance of State CoC,2012,801.23,521.25,9283,1015,8268,2012,2010,1.11351777
CO-500,Colorado Balance of State CoC,2013,797.87,523.36,2267,1262,1005,2013,2010,1.09744288
CO-500,Colorado Balance of State CoC,2014,781.34,525.84,2188,1183,1005,2014,2010,1.07992447
CO-500,Colorado Balance of State CoC,2015,792.18,537.27,3545,1714,1831,2015,2010,1.07864415
CO-500,Colorado Balance of State CoC,2016,801.05,537.85,3520,1689,1831,2016,2010,1.06520643
CO-500,Colorado Balance of State CoC,2017,797.94,534.06,4019,1511,2508,2017,2010,1.04298711
CO-500,Colorado Balance of State CoC,2018,803.95,523.68,3989,1481,2508,2018,2010,1.01811977
CO-500,Colorado Balance of State CoC,2019,829.89,523.63,2302,1504,798,2019,2010,1.0
CO-503,Metropolitan Denver CoC,2010,948.79,713.29,8752,7053,1699,2010,2010,1.17243736
CO-503,Metropolitan Denver CoC,2011,955.76,718.58,4809,4277,532,2011,2010,1.13656147
CO-503,Metropolitan Denver CoC,2012,972.57,721.63,6358,5394,964,2012,2010,1.11351777
CO-503,Metropolitan Denver CoC,2013,987.82,735.67,6316,5388,928,2013,2010,1.09744288
CO-503,Metropolitan Denver CoC,2014,1013.73,752.19,6621,5950,671,2014,2010,1.07992447
CO-503,Metropolitan Denver CoC,2015,1058.43,778.34,5335,4590,745,2015,2010,1.07864415
CO-503,Metropolitan Denver CoC,2016,1114.42,814.15,5728,4931,797,2016,2010,1.06520643
CO-503,Metropolitan Denver CoC,2017,1174.37,862.95,5506,4612,894,2017,2010,1.04298711
CO-503,Metropolitan Denver CoC,2018,1235.65,917.38,5317,4009,1308,2018,2010,1.01811977
CO-503,Metropolitan Denver CoC,2019,1299.04,971.44,5755,4809,946,2019,2010,1.0
CO-504,Colorado Springs/El Paso County CoC,2010,851.05,637.02,1463,891,572,2010,2010,1.17243736
CO-504,Colorado Springs/El Paso County CoC,2011,853.52,630.55,1024,854,170,2011,2010,1.13656147
CO-504,Colorado Springs/El Paso County CoC,2012,869.02,636.66,1127,851,276,2012,2010,1.11351777
CO-504,Colorado Springs/El Paso County CoC,2013,887.27,637.23,1171,941,230,2013,2010,1.09744288
CO-504,Colorado Springs/El Paso County CoC,2014,903.09,650.31,1219,950,269,2014,2010,1.07992447
CO-504,Colorado Springs/El Paso County CoC,2015,931.12,672.06,1073,830,243,2015,2010,1.07864415
CO-504,Colorado Springs/El Paso County CoC,2016,956.41,690.05,1302,991,311,2016,2010,1.06520643
CO-504,Colorado Springs/El Paso County CoC,2017,993.23,714.88,1415,958,457,2017,2010,1.04298711
CO-504,Colorado Springs/El Paso County CoC,2018,1016.44,736.38,1551,1038,513,2018,2010,1.01811977
CO-504,Colorado Springs/El Paso County CoC,2019,1053.36,762.05,1562,1118,444,2019,2010,1.0
CO-505,"Fort Collins, Greeley, Loveland/Larimer, Weld Counties CoC",2010,861.13,644.22,,,,2010,2010,1.17243736
CO-505,"Fort Collins, Greeley, Loveland/Larimer, Weld Counties CoC",2011,880.12,648.56,,,,2011,2010,1.13656147
CO-505,"Fort Collins, Greeley, Loveland/Larimer, Weld Counties CoC",2012,890.98,665.56,,,,2012,2010,1.11351777
CO-505,"Fort Collins, Greeley, Loveland/Larimer, Weld Counties CoC",2013,916.67,673.12,,,,2013,2010,1.09744288
CO-505,"Fort Collins, Greeley, Loveland/Larimer, Weld Counties CoC",2014,930.68,679.74,,,,2014,2010,1.07992447
CO-505,"Fort Collins, Greeley, Loveland/Larimer, Weld Counties CoC",2015,959.52,698.77,,,,2015,2010,1.07864415
CO-505,"Fort Collins, Greeley, Loveland/Larimer, Weld Counties CoC",2016,986.22,719.94,,,,2016,2010,1.06520643
CO-505,"Fort Collins, Greeley, Loveland/Larimer, Weld Counties CoC",2017,1012.33,738.67,,,,2017,2010,1.04298711
CO-505,"Fort Collins, Greeley, Loveland/Larimer, Weld Counties CoC",2018,1067.46,756.63,,,,2018,2010,1.01811977
CO-505,"Fort Collins, Greeley, Loveland/Larimer, Weld Counties CoC",2019,1112.55,801.97,,,,2019,2010,1.0
CT-503,"Bridgeport, Stamford, Norwalk, Danbury/Fairfield County CoC",2010,1265.87,823.81,944,839,105,2010,2010,1.17243736
CT-503,"Bridgeport, Stamford, Norwalk, Danbury/Fairfield County CoC",2011,1271.55,823.68,1005,844,161,2011,2010,1.13656147
CT-503,"Bridgeport, Stamford, Norwalk, Danbury/Fairfield County CoC",2012,1271.62,824.31,902,741,161,2012,2010,1.11351777
CT-503,"Bridgeport, Stamford, Norwalk, Danbury/Fairfield County CoC",2013,1267.74,847.72,1059,748,311,2013,2010,1.09744288
CT-503,"Bridgeport, Stamford, Norwalk, Danbury/Fairfield County CoC",2014,1272.36,854.66,1083,772,311,2014,2010,1.07992447
CT-503,"Bridgeport, Stamford, Norwalk, Danbury/Fairfield County CoC",2015,1324.9,873.49,913,773,140,2015,2010,1.07864415
CT-503,"Bridgeport, Stamford, Norwalk, Danbury/Fairfield County CoC",2016,1342.23,883.21,886,730,156,2016,2010,1.06520643
CT-503,"Bridgeport, Stamford, Norwalk, Danbury/Fairfield County CoC",2017,1357.11,888.21,778,696,82,2017,2010,1.04298711
CT-503,"Bridgeport, Stamford, Norwalk, Danbury/Fairfield County CoC",2018,1372.53,900.26,864,772,92,2018,2010,1.01811977
CT-503,"Bridgeport, Stamford, Norwalk, Danbury/Fairfield County CoC",2019,1387.8,903.45,771,673,98,2019,2010,1.0
CT-505,Connecticut Balance of State CoC,2010,938.2,698.41,3372,2978,394,2010,2010,1.17243736
CT-505,Connecticut Balance of State CoC,2011,937.89,699.14,3451,2917,534,2011,2010,1.13656147
CT-505,Connecticut Balance of State CoC,2012,944.72,695.66,3307,2773,534,2012,2010,1.11351777
CT-505,Connecticut Balance of State CoC,2013,944.56,698.91,3389,2781,608,2013,2010,1.09744288
CT-505,Connecticut Balance of State CoC,2014,941.32,700.67,3367,2759,608,2014,2010,1.07992447
CT-505,Connecticut Balance of State CoC,2015,948.94,700.33,3134,2648,486,2015,2010,1.07864415
CT-505,Connecticut Balance of State CoC,2016,955.89,707.49,3016,2499,517,2016,2010,1.06520643
CT-505,Connecticut Balance of State CoC,2017,961.32,711.83,2610,2276,334,2017,2010,1.04298711
CT-505,Connecticut Balance of State CoC,2018,969.67,716.0,3112,2623,489,2018,2010,1.01811977
CT-505,Connecticut Balance of State CoC,2019,982.37,723.22,2262,1904,358,2019,2010,1.0
DC-500,District of Columbia CoC,2010,1219.92,760.75,6539,6109,430,2010,2010,1.17243736
DC-500,District of Columbia CoC,2011,1255.58,787.77,6546,6241,305,2011,2010,1.13656147
DC-500,District of Columbia CoC,2012,1286.39,808.39,6954,6275,679,2012,2010,1.11351777
DC-500,District of Columbia CoC,2013,1324.5,832.23,6865,6353,512,2013,2010,1.09744288
DC-500,District of Columbia CoC,2014,1374.24,858.97,7748,7352,396,2014,2010,1.07992447
DC-500,District of Columbia CoC,2015,1423.85,875.03,7298,6754,544,2015,2010,1.07864415
DC-500,District of Columbia CoC,2016,1438.35,887.29,8350,8032,318,2016,2010,1.06520643
DC-500,District of Columbia CoC,2017,1462.72,897.59,7473,6576,897,2017,2010,1.04298711
DC-500,District of Columbia CoC,2018,1492.35,921.46,6904,6304,600,2018,2010,1.01811977
DC-500,District of Columbia CoC,2019,1506.27,930.7,6521,5913,608,2019,2010,1.0
DE-500,Delaware Statewide CoC,2010,906.72,686.0,982,930,52,2010,2010,1.17243736
DE-500,Delaware Statewide CoC,2011,905.21,691.73,1035,1013,22,2011,2010,1.13656147
DE-500,Delaware Statewide CoC,2012,891.1,679.41,1008,986,22,2012,2010,1.11351777
DE-500,Delaware Statewide CoC,2013,902.86,684.63,946,936,10,2013,2010,1.09744288
DE-500,Delaware Statewide CoC,2014,899.47,691.67,901,864,37,2014,2010,1.07992447
DE-500,Delaware Statewide CoC,2015,914.03,694.86,953,916,37,2015,2010,1.07864415
DE-500,Delaware Statewide CoC,2016,931.51,704.56,1070,1019,51,2016,2010,1.06520643
DE-500,Delaware Statewide CoC,2017,941.71,716.93,994,936,58,2017,2010,1.04298711
DE-500,Delaware Statewide CoC,2018,959.69,721.57,1082,989,93,2018,2010,1.01811977
DE-500,Delaware Statewide CoC,2019,968.38,726.64,921,826,95,2019,2010,1.0
FL-500,"Sarasota, Bradenton/Manatee, Sarasota Counties CoC",2010,1007.45,771.5,1999,348,1651,2010,2010,1.17243736
FL-500,"Sarasota, Bradenton/Manatee, Sarasota Counties CoC",2011,981.82,749.84,1152,895,257,2011,2010,1.13656147
FL-500,"Sarasota, Bradenton/Manatee, Sarasota Counties CoC",2012,950.77,726.54,921,664,257,2012,2010,1.11351777
FL-500,"Sarasota, Bradenton/Manatee, Sarasota Counties CoC",2013,937.45,717.75,1049,563,486,2013,2010,1.09744288
FL-500,"Sarasota, Bradenton/Manatee, Sarasota Counties CoC",2014,935.77,707.96,1377,780,597,2014,2010,1.07992447
FL-500,"Sarasota, Bradenton/Manatee, Sarasota Counties CoC",2015,959.22,713.35,1198,721,477,2015,2010,1.07864415
FL-500,"Sarasota, Bradenton/Manatee, Sarasota Counties CoC",2016,980.92,732.45,1468,804,664,2016,2010,1.06520643
FL-500,"Sarasota, Bradenton/Manatee, Sarasota Counties CoC",2017,1017.62,749.21,1447,785,662,2017,2010,1.04298711
FL-500,"Sarasota, Bradenton/Manatee, Sarasota Counties CoC",2018,1063.73,760.66,1192,740,452,2018,2010,1.01811977
FL-500,"Sarasota, Bradenton/Manatee, Sarasota Counties CoC",2019,1102.04,801.64,1135,735,400,2019,2010,1.0
FL-501,Tampa/Hillsborough County CoC,2010,927.02,717.72,7473,726,6747,2010,2010,1.17243736
FL-501,Tampa/Hillsborough County CoC,2011,922.58,710.61,7336,889,6447,2011,2010,1.13656147
FL-501,Tampa/Hillsborough County CoC,2012,917.43,694.26,7419,972,6447,2012,2010,1.11351777
FL-501,Tampa/Hillsborough County CoC,2013,918.35,690.63,1909,965,944,2013,2010,1.09744288
FL-501,Tampa/Hillsborough County CoC,2014,917.18,689.0,1944,853,1091,2014,2010,1.07992447
FL-501,Tampa/Hillsborough County CoC,2015,930.98,692.88,1931,1175,756,2015,2010,1.07864415
FL-501,Tampa/Hillsborough County CoC,2016,957.18,710.12,1817,1048,769,2016,2010,1.06520643
FL-501,Tampa/Hillsborough County CoC,2017,971.45,726.73,1549,982,567,2017,2010,1.04298711
FL-501,Tampa/Hillsborough County CoC,2018,1001.46,741.92,1795,1155,640,2018,2010,1.01811977
FL-501,Tampa/Hillsborough County CoC,2019,1032.03,766.6,1650,978,672,2019,2010,1.0
FL-502,"St. Petersburg, Clearwater, Largo/Pinellas County CoC",2010,884.31,699.96,3948,1791,2157,2010,2010,1.17243736
FL-502,"St. Petersburg, Clearwater, Largo/Pinellas County CoC",2011,879.37,700.01,3890,1870,2020,2011,2010,1.13656147
FL-502,"St. Petersburg, Clearwater, Largo/Pinellas County CoC",2012,881.91,693.22,3971,1951,2020,2012,2010,1.11351777
FL-502,"St. Petersburg, Clearwater, Largo/Pinellas County CoC",2013,875.44,685.29,3913,1826,2087,2013,2010,1.09744288
FL-502,"St. Petersburg, Clearwater, Largo/Pinellas County CoC",2014,866.98,679.18,3391,2213,1178,2014,2010,1.07992447
FL-502,"St. Petersburg, Clearwater, Largo/Pinellas County CoC",2015,870.55,678.55,3387,2215,1172,2015,2010,1.07864415
FL-502,"St. Petersburg, Clearwater, Largo/Pinellas County CoC",2016,876.98,683.05,2777,1638,1139,2016,2010,1.06520643
FL-502,"St. Petersburg, Clearwater, Largo/Pinellas County CoC",2017,891.55,692.98,2831,1679,1152,2017,2010,1.04298711
FL-502,"St. Petersburg, Clearwater, Largo/Pinellas County CoC",2018,917.01,706.29,2612,1647,965,2018,2010,1.01811977
FL-502,"St. Petersburg, Clearwater, Largo/Pinellas County CoC",2019,946.04,729.29,2415,1581,834,2019,2010,1.0
FL-503,Lakeland/Polk County CoC,2010,775.09,580.15,820,443,377,2010,2010,1.17243736
FL-503,Lakeland/Polk County CoC,2011,772.29,579.77,1100,498,602,2011,2010,1.13656147
FL-503,Lakeland/Polk County CoC,2012,766.47,575.42,881,297,584,2012,2010,1.11351777
FL-503,Lakeland/Polk County CoC,2013,754.56,568.1,520,325,195,2013,2010,1.09744288
FL-503,Lakeland/Polk County CoC,2014,754.38,569.15,536,248,288,2014,2010,1.07992447
FL-503,Lakeland/Polk County CoC,2015,760.63,573.35,464,227,237,2015,2010,1.07864415
FL-503,Lakeland/Polk County CoC,2016,766.52,578.35,635,375,260,2016,2010,1.06520643
FL-503,Lakeland/Polk County CoC,2017,773.23,581.18,512,363,149,2017,2010,1.04298711
FL-503,Lakeland/Polk County CoC,2018,797.62,589.71,552,418,134,2018,2010,1.01811977
FL-503,Lakeland/Polk County CoC,2019,829.23,596.83,563,449,114,2019,2010,1.0
FL-504,"Deltona, Daytona Beach/Volusia, Flagler Counties CoC",2010,880.38,705.15,2155,703,1452,2010,2010,1.17243736
FL-504,"Deltona, Daytona Beach/Volusia, Flagler Counties CoC",2011,882.04,690.54,2210,535,1675,2011,2010,1.13656147
FL-504,"Deltona, Daytona Beach/Volusia, Flagler Counties CoC",2012,866.73,675.08,2384,503,1881,2012,2010,1.11351777
FL-504,"Deltona, Daytona Beach/Volusia, Flagler Counties CoC",2013,853.2,667.41,2176,693,1483,2013,2010,1.09744288
FL-504,"Deltona, Daytona Beach/Volusia, Flagler Counties CoC",2014,855.29,667.87,1633,608,1025,2014,2010,1.07992447
FL-504,"Deltona, Daytona Beach/Volusia, Flagler Counties CoC",2015,857.5,673.65,1325,550,775,2015,2010,1.07864415
FL-504,"Deltona, Daytona Beach/Volusia, Flagler Counties CoC",2016,866.95,678.61,1005,424,581,2016,2010,1.06520643
FL-504,"Deltona, Daytona Beach/Volusia, Flagler Counties CoC",2017,880.34,695.17,753,305,448,2017,2010,1.04298711
FL-504,"Deltona, Daytona Beach/Volusia, Flagler Counties CoC",2018,904.61,713.55,683,277,406,2018,2010,1.01811977
FL-504,"Deltona, Daytona Beach/Volusia, Flagler Counties CoC",2019,924.03,724.85,875,368,507,2019,2010,1.0
FL-505,"Fort Walton Beach/Okaloosa, Walton Counties CoC",2010,894.36,650.88,2262,471,1791,2010,2010,1.17243736
FL-505,"Fort Walton Beach/Okaloosa, Walton Counties CoC",2011,902.7,656.34,2764,475,2289,2011,2010,1.13656147
FL-505,"Fort Walton Beach/Okaloosa, Walton Counties CoC",2012,889.42,646.71,2438,510,1928,2012,2010,1.11351777
FL-505,"Fort Walton Beach/Okaloosa, Walton Counties CoC",2013,871.29,639.68,1658,383,1275,2013,2010,1.09744288
FL-505,"Fort Walton Beach/Okaloosa, Walton Counties CoC",2014,878.26,630.84,1577,302,1275,2014,2010,1.07992447
FL-505,"Fort Walton Beach/Okaloosa, Walton Counties CoC",2015,898.33,637.75,683,272,411,2015,2010,1.07864415
FL-505,"Fort Walton Beach/Okaloosa, Walton Counties CoC",2016,883.38,640.62,629,272,357,2016,2010,1.06520643
FL-505,"Fort Walton Beach/Okaloosa, Walton Counties CoC",2017,886.55,635.9,401,130,271,2017,2010,1.04298711
FL-505,"Fort Walton Beach/Okaloosa, Walton Counties CoC",2018,906.59,638.52,495,83,412,2018,2010,1.01811977
FL-505,"Fort Walton Beach/Okaloosa, Walton Counties CoC",2019,930.67,651.02,399,165,234,2019,2010,1.0
FL-506,Tallahassee/Leon County CoC,2010,763.84,571.6,640,536,104,2010,2010,1.17243736
FL-506,Tallahassee/Leon County CoC,2011,772.13,575.73,787,728,59,2011,2010,1.13656147
FL-506,Tallahassee/Leon County CoC,2012,765.31,570.11,797,738,59,2012,2010,1.11351777
FL-506,Tallahassee/Leon County CoC,2013,757.05,567.11,974,749,225,2013,2010,1.09744288
FL-506,Tallahassee/Leon County CoC,2014,758.95,558.85,805,617,188,2014,2010,1.07992447
FL-506,Tallahassee/Leon County CoC,2015,761.47,564.3,863,646,217,2015,2010,1.07864415
FL-506,Tallahassee/Leon County CoC,2016,767.89,572.27,869,721,148,2016,2010,1.06520643
FL-506,Tallahassee/Leon County CoC,2017,765.74,570.86,1072,950,122,2017,2010,1.04298711
FL-506,Tallahassee/Leon County CoC,2018,768.75,577.08,909,810,99,2018,2010,1.01811977
FL-506,Tallahassee/Leon County CoC,2019,773.13,582.9,966,875,91,2019,2010,1.0
FL-507,"Orlando/Orange, Osceola, Seminole Counties CoC",2010,1010.69,804.54,4041,2065,1976,2010,2010,1.17243736
FL-507,"Orlando/Orange, Osceola, Seminole Counties CoC",2011,994.23,791.47,4515,2127,2388,2011,2010,1.13656147
FL-507,"Orlando/Orange, Osceola, Seminole Counties CoC",2012,969.85,767.47,3661,2218,1443,2012,2010,1.11351777
FL-507,"Orlando/Orange, Osceola, Seminole Counties CoC",2013,960.24,759.53,4378,2321,2057,2013,2010,1.09744288
FL-507,"Orlando/Orange, Osceola, Seminole Counties CoC",2014,954.42,761.34,2254,1988,266,2014,2010,1.07992447
FL-507,"Orlando/Orange, Osceola, Seminole Counties CoC",2015,967.2,767.16,2112,1820,292,2015,2010,1.07864415
FL-507,"Orlando/Orange, Osceola, Seminole Counties CoC",2016,986.82,781.08,1670,1537,133,2016,2010,1.06520643
FL-507,"Orlando/Orange, Osceola, Seminole Counties CoC",2017,1012.66,797.89,2074,1734,340,2017,2010,1.04298711
FL-507,"Orlando/Orange, Osceola, Seminole Counties CoC",2018,1048.25,812.28,2053,1693,360,2018,2010,1.01811977
FL-507,"Orlando/Orange, Osceola, Seminole Counties CoC",2019,1083.32,839.12,2010,1674,336,2019,2010,1.0
FL-508,"Gainesville/Alachua, Putnam Counties CoC",2010,777.27,562.52,1019,297,722,2010,2010,1.17243736
FL-508,"Gainesville/Alachua, Putnam Counties CoC",2011,780.68,562.19,1179,439,740,2011,2010,1.13656147
FL-508,"Gainesville/Alachua, Putnam Counties CoC",2012,779.87,566.62,1814,389,1425,2012,2010,1.11351777
FL-508,"Gainesville/Alachua, Putnam Counties CoC",2013,759.85,557.84,1718,413,1305,2013,2010,1.09744288
FL-508,"Gainesville/Alachua, Putnam Counties CoC",2014,751.7,549.25,1256,368,888,2014,2010,1.07992447
FL-508,"Gainesville/Alachua, Putnam Counties CoC",2015,746.58,547.39,870,317,553,2015,2010,1.07864415
FL-508,"Gainesville/Alachua, Putnam Counties CoC",2016,748.74,548.09,844,419,425,2016,2010,1.06520643
FL-508,"Gainesville/Alachua, Putnam Counties CoC",2017,745.01,546.59,819,373,446,2017,2010,1.04298711
FL-508,"Gainesville/Alachua, Putnam Counties CoC",2018,763.26,550.74,756,323,433,2018,2010,1.01811977
FL-508,"Gainesville/Alachua, Putnam Counties CoC",2019,774.58,548.11,804,306,498,2019,2010,1.0
FL-509,"Fort Pierce/St. Lucie, Indian River, Martin Counties CoC",2010,977.95,744.95,2160,186,1974,2010,2010,1.17243736
FL-509,"Fort Pierce/St. Lucie, Indian River, Martin Counties CoC",2011,950.27,711.68,1683,194,1489,2011,2010,1.13656147
FL-509,"Fort Pierce/St. Lucie, Indian River, Martin Counties CoC",2012,895.13,687.43,1724,179,1545,2012,2010,1.11351777
FL-509,"Fort Pierce/St. Lucie, Indian River, Martin Counties CoC",2013,876.08,670.89,2240,224,2016,2013,2010,1.09744288
FL-509,"Fort Pierce/St. Lucie, Indian River, Martin Counties CoC",2014,865.16,660.28,2591,249,2342,2014,2010,1.07992447
FL-509,"Fort Pierce/St. Lucie, Indian River, Martin Counties CoC",2015,882.59,669.7,2412,236,2176,2015,2010,1.07864415
FL-509,"Fort Pierce/St. Lucie, Indian River, Martin Counties CoC",2016,902.66,685.03,2382,248,2134,2016,2010,1.06520643
FL-509,"Fort Pierce/St. Lucie, Indian River, Martin Counties CoC",2017,936.55,694.97,1732,183,1549,2017,2010,1.04298711
FL-509,"Fort Pierce/St. Lucie, Indian River, Martin Counties CoC",2018,981.55,717.89,1542,513,1029,2018,2010,1.01811977
FL-509,"Fort Pierce/St. Lucie, Indian River, Martin Counties CoC",2019,1006.38,729.86,1499,154,1345,2019,2010,1.0
FL-510,"Jacksonville-Duval, Clay Counties CoC",2010,873.79,662.67,3241,2069,1172,2010,2010,1.17243736
FL-510,"Jacksonville-Duval, Clay Counties CoC",2011,872.06,659.96,3025,1593,1432,2011,2010,1.13656147
FL-510,"Jacksonville-Duval, Clay Counties CoC",2012,863.09,649.58,2861,1542,1319,2012,2010,1.11351777
FL-510,"Jacksonville-Duval, Clay Counties CoC",2013,856.55,644.53,2768,1671,1097,2013,2010,1.09744288
FL-510,"Jacksonville-Duval, Clay Counties CoC",2014,854.21,641.92,2049,1756,293,2014,2010,1.07992447
FL-510,"Jacksonville-Duval, Clay Counties CoC",2015,864.43,652.02,1853,1427,426,2015,2010,1.07864415
FL-510,"Jacksonville-Duval, Clay Counties CoC",2016,872.19,658.36,1959,1518,441,2016,2010,1.06520643
FL-510,"Jacksonville-Duval, Clay Counties CoC",2017,884.16,665.12,1869,1437,432,2017,2010,1.04298711
FL-510,"Jacksonville-Duval, Clay Counties CoC",2018,901.97,677.01,1794,1365,429,2018,2010,1.01811977
FL-510,"Jacksonville-Duval, Clay Counties CoC",2019,924.31,698.85,1654,1146,508,2019,2010,1.0
FL-511,"Pensacola/Escambia, Santa Rosa Counties CoC",2010,769.47,559.45,1160,542,618,2010,2010,1.17243736
FL-511,"Pensacola/Escambia, Santa Rosa Counties CoC",2011,777.44,577.24,733,455,278,2011,2010,1.13656147
FL-511,"Pensacola/Escambia, Santa Rosa Counties CoC",2012,780.5,581.5,792,526,266,2012,2010,1.11351777
FL-511,"Pensacola/Escambia, Santa Rosa Counties CoC",2013,780.94,578.79,945,563,382,2013,2010,1.09744288
FL-511,"Pensacola/Escambia, Santa Rosa Counties CoC",2014,785.16,578.83,843,611,232,2014,2010,1.07992447
FL-511,"Pensacola/Escambia, Santa Rosa Counties CoC",2015,790.91,589.65,1014,538,476,2015,2010,1.07864415
FL-511,"Pensacola/Escambia, Santa Rosa Counties CoC",2016,786.94,578.11,798,616,182,2016,2010,1.06520643
FL-511,"Pensacola/Escambia, Santa Rosa Counties CoC",2017,791.58,584.67,758,501,257,2017,2010,1.04298711
FL-511,"Pensacola/Escambia, Santa Rosa Counties CoC",2018,796.29,589.42,632,487,145,2018,2010,1.01811977
FL-511,"Pensacola/Escambia, Santa Rosa Counties CoC",2019,799.43,588.16,518,341,177,2019,2010,1.0
FL-512,St. Johns County CoC,2010,1074.89,792.92,1252,201,1051,2010,2010,1.17243736
FL-512,St. Johns County CoC,2011,1063.89,815.65,1391,190,1201,2011,2010,1.13656147
FL-512,St. Johns County CoC,2012,1064.76,792.94,1385,184,1201,2012,2010,1.11351777
FL-512,St. Johns County CoC,2013,1069.05,795.71,1437,233,1204,2013,2010,1.09744288
FL-512,St. Johns County CoC,2014,1082.26,810.83,1401,197,1204,2014,2010,1.07992447
FL-512,St. Johns County CoC,2015,1110.02,835.26,1161,198,963,2015,2010,1.07864415
FL-512,St. Johns County CoC,2016,1124.38,841.25,1064,255,809,2016,2010,1.06520643
FL-512,St. Johns County CoC,2017,1151.91,847.71,445,179,266,2017,2010,1.04298711
FL-512,St. Johns County CoC,2018,1170.61,854.16,342,178,164,2018,2010,1.01811977
FL-512,St. Johns County CoC,2019,1195.14,870.04,356,156,200,2019,2010,1.0
FL-513,"Palm Bay, Melbourne/Brevard County CoC",2010,902.74,711.36,1221,1002,219,2010,2010,1.17243736
FL-513,"Palm Bay, Melbourne/Brevard County CoC",2011,883.36,695.92,1907,690,1217,2011,2010,1.13656147
FL-513,"Palm Bay, Melbourne/Brevard County CoC",2012,860.79,677.32,2062,743,1319,2012,2010,1.11351777
FL-513,"Palm Bay, Melbourne/Brevard County CoC",2013,846.28,661.43,1567,707,860,2013,2010,1.09744288
FL-513,"Palm Bay, Melbourne/Brevard County CoC",2014,841.54,661.65,1477,617,860,2014,2010,1.07992447
FL-513,"Palm Bay, Melbourne/Brevard County CoC",2015,850.07,668.31,1072,684,388,2015,2010,1.07864415
FL-513,"Palm Bay, Melbourne/Brevard County CoC",2016,862.61,676.02,827,644,183,2016,2010,1.06520643
FL-513,"Palm Bay, Melbourne/Brevard County CoC",2017,881.77,686.44,845,592,253,2017,2010,1.04298711
FL-513,"Palm Bay, Melbourne/Brevard County CoC",2018,914.32,705.25,734,481,253,2018,2010,1.01811977
FL-513,"Palm Bay, Melbourne/Brevard County CoC",2019,948.05,719.84,815,418,397,2019,2010,1.0
FL-514,Ocala/Marion County CoC,2010,757.57,566.47,576,382,194,2010,2010,1.17243736
FL-514,Ocala/Marion County CoC,2011,726.02,561.27,1032,432,600,2011,2010,1.13656147
FL-514,Ocala/Marion County CoC,2012,715.65,559.06,911,311,600,2012,2010,1.11351777
FL-514,Ocala/Marion County CoC,2013,685.75,541.39,530,325,205,2013,2010,1.09744288
FL-514,Ocala/Marion County CoC,2014,679.89,532.76,918,274,644,2014,2010,1.07992447
FL-514,Ocala/Marion County CoC,2015,685.8,538.24,787,259,528,2015,2010,1.07864415
FL-514,Ocala/Marion County CoC,2016,696.71,540.76,823,295,528,2016,2010,1.06520643
FL-514,Ocala/Marion County CoC,2017,694.29,534.66,725,290,435,2017,2010,1.04298711
FL-514,Ocala/Marion County CoC,2018,697.97,537.02,572,301,271,2018,2010,1.01811977
FL-514,Ocala/Marion County CoC,2019,715.49,539.06,475,296,179,2019,2010,1.0
FL-515,"Panama City/Bay, Jackson Counties CoC",2010,740.93,478.48,326,224,102,2010,2010,1.17243736
FL-515,"Panama City/Bay, Jackson Counties CoC",2011,733.64,483.58,411,296,115,2011,2010,1.13656147
FL-515,"Panama City/Bay, Jackson Counties CoC",2012,727.64,499.82,322,235,87,2012,2010,1.11351777
FL-515,"Panama City/Bay, Jackson Counties CoC",2013,722.04,504.38,301,201,100,2013,2010,1.09744288
FL-515,"Panama City/Bay, Jackson Counties CoC",2014,726.76,511.88,268,196,72,2014,2010,1.07992447
FL-515,"Panama City/Bay, Jackson Counties CoC",2015,722.9,501.29,317,183,134,2015,2010,1.07864415
FL-515,"Panama City/Bay, Jackson Counties CoC",2016,740.29,513.66,310,174,136,2016,2010,1.06520643
FL-515,"Panama City/Bay, Jackson Counties CoC",2017,748.77,517.43,336,143,193,2017,2010,1.04298711
FL-515,"Panama City/Bay, Jackson Counties CoC",2018,756.08,511.82,381,109,272,2018,2010,1.01811977
FL-515,"Panama City/Bay, Jackson Counties CoC",2019,768.07,501.68,488,133,355,2019,2010,1.0
FL-517,"Hendry, Hardee, Highlands Counties CoC",2010,676.99,502.3,4220,101,4119,2010,2010,1.17243736
FL-517,"Hendry, Hardee, Highlands Counties CoC",2011,660.23,500.54,1319,114,1205,2011,2010,1.13656147
FL-517,"Hendry, Hardee, Highlands Counties CoC",2012,638.81,482.81,1319,114,1205,2012,2010,1.11351777
FL-517,"Hendry, Hardee, Highlands Counties CoC",2013,612.68,465.39,3847,136,3711,2013,2010,1.09744288
FL-517,"Hendry, Hardee, Highlands Counties CoC",2014,613.76,459.52,1346,234,1112,2014,2010,1.07992447
FL-517,"Hendry, Hardee, Highlands Counties CoC",2015,596.15,452.47,1218,278,940,2015,2010,1.07864415
FL-517,"Hendry, Hardee, Highlands Counties CoC",2016,595.75,444.51,1071,313,758,2016,2010,1.06520643
FL-517,"Hendry, Hardee, Highlands Counties CoC",2017,598.54,444.77,609,91,518,2017,2010,1.04298711
FL-517,"Hendry, Hardee, Highlands Counties CoC",2018,604.48,451.08,453,69,384,2018,2010,1.01811977
FL-517,"Hendry, Hardee, Highlands Counties CoC",2019,618.28,464.66,398,48,350,2019,2010,1.0
FL-518,"Columbia, Hamilton, Lafayette, Suwannee Counties CoC",2010,562.65,392.81,1114,165,949,2010,2010,1.17243736
FL-518,"Columbia, Hamilton, Lafayette, Suwannee Counties CoC",2011,585.22,394.14,1179,83,1096,2011,2010,1.13656147
FL-518,"Columbia, Hamilton, Lafayette, Suwannee Counties CoC",2012,569.81,381.64,1180,84,1096,2012,2010,1.11351777
FL-518,"Columbia, Hamilton, Lafayette, Suwannee Counties CoC",2013,577.33,396.2,1278,81,1197,2013,2010,1.09744288
FL-518,"Columbia, Hamilton, Lafayette, Suwannee Counties CoC",2014,567.46,405.97,1070,83,987,2014,2010,1.07992447
FL-518,"Columbia, Hamilton, Lafayette, Suwannee Counties CoC",2015,578.49,433.43,1115,66,1049,2015,2010,1.07864415
FL-518,"Columbia, Hamilton, Lafayette, Suwannee Counties CoC",2016,584.87,437.06,1145,96,1049,2016,2010,1.06520643
FL-518,"Columbia, Hamilton, Lafayette, Suwannee Counties CoC",2017,586.81,454.36,502,99,403,2017,2010,1.04298711
FL-518,"Columbia, Hamilton, Lafayette, Suwannee Counties CoC",2018,588.17,450.58,493,90,403,2018,2010,1.01811977
FL-518,"Columbia, Hamilton, Lafayette, Suwannee Counties CoC",2019,586.98,457.37,538,113,425,2019,2010,1.0
FL-519,Pasco County CoC,2010,867.46,639.34,4527,1674,2853,2010,2010,1.17243736
FL-519,Pasco County CoC,2011,873.19,646.84,4502,343,4159,2011,2010,1.13656147
FL-519,Pasco County CoC,2012,871.91,644.37,4351,192,4159,2012,2010,1.11351777
FL-519,Pasco County CoC,2013,856.49,628.47,3305,105,3200,2013,2010,1.09744288
FL-519,Pasco County CoC,2014,848.33,635.25,3356,156,3200,2014,2010,1.07992447
FL-519,Pasco County CoC,2015,853.07,644.75,1019,159,860,2015,2010,1.07864415
FL-519,Pasco County CoC,2016,860.81,644.75,1055,195,860,2016,2010,1.06520643
FL-519,Pasco County CoC,2017,880.37,646.4,2593,178,2415,2017,2010,1.04298711
FL-519,Pasco County CoC,2018,897.67,653.88,2668,253,2415,2018,2010,1.01811977
FL-519,Pasco County CoC,2019,917.72,659.38,894,206,688,2019,2010,1.0
FL-520,"Citrus, Hernando, Lake, Sumter Counties CoC",2010,831.42,601.35,1385,295,1090,2010,2010,1.17243736
FL-520,"Citrus, Hernando, Lake, Sumter Counties CoC",2011,838.01,609.48,1715,330,1385,2011,2010,1.13656147
FL-520,"Citrus, Hernando, Lake, Sumter Counties CoC",2012,836.59,608.84,1788,403,1385,2012,2010,1.11351777
FL-520,"Citrus, Hernando, Lake, Sumter Counties CoC",2013,824.64,602.01,709,303,406,2013,2010,1.09744288
FL-520,"Citrus, Hernando, Lake, Sumter Counties CoC",2014,815.31,591.31,511,310,201,2014,2010,1.07992447
FL-520,"Citrus, Hernando, Lake, Sumter Counties CoC",2015,812.36,600.29,731,267,464,2015,2010,1.07864415
FL-520,"Citrus, Hernando, Lake, Sumter Counties CoC",2016,823.32,597.7,595,303,292,2016,2010,1.06520643
FL-520,"Citrus, Hernando, Lake, Sumter Counties CoC",2017,824.82,596.59,635,282,353,2017,2010,1.04298711
FL-520,"Citrus, Hernando, Lake, Sumter Counties CoC",2018,850.1,611.68,711,449,262,2018,2010,1.01811977
FL-520,"Citrus, Hernando, Lake, Sumter Counties CoC",2019,873.22,617.68,677,346,331,2019,2010,1.0
FL-600,Miami-Dade County CoC,2010,1062.2,760.62,3879,3120,759,2010,2010,1.17243736
FL-600,Miami-Dade County CoC,2011,1076.16,776.06,3817,3028,789,2011,2010,1.13656147
FL-600,Miami-Dade County CoC,2012,1073.74,772.8,3976,3108,868,2012,2010,1.11351777
FL-600,Miami-Dade County CoC,2013,1080.75,785.9,3802,2963,839,2013,2010,1.09744288
FL-600,Miami-Dade County CoC,2014,1082.93,787.65,4156,3316,840,2014,2010,1.07992447
FL-600,Miami-Dade County CoC,2015,1105.05,797.29,4152,3145,1007,2015,2010,1.07864415
FL-600,Miami-Dade County CoC,2016,1124.13,811.85,4235,3253,982,2016,2010,1.06520643
FL-600,Miami-Dade County CoC,2017,1148.32,830.73,3721,2710,1011,2017,2010,1.04298711
FL-600,Miami-Dade County CoC,2018,1185.18,840.31,3516,2486,1030,2018,2010,1.01811977
FL-600,Miami-Dade County CoC,2019,1226.49,873.54,3472,2464,1008,2019,2010,1.0
FL-601,Ft Lauderdale/Broward County CoC,2010,1197.69,921.74,3225,2425,800,2010,2010,1.17243736
FL-601,Ft Lauderdale/Broward County CoC,2011,1189.89,916.83,3801,2533,1268,2011,2010,1.13656147
FL-601,Ft Lauderdale/Broward County CoC,2012,1175.74,903.95,3183,1915,1268,2012,2010,1.11351777
FL-601,Ft Lauderdale/Broward County CoC,2013,1171.06,897.23,2810,1981,829,2013,2010,1.09744288
FL-601,Ft Lauderdale/Broward County CoC,2014,1166.2,885.98,2766,1887,879,2014,2010,1.07992447
FL-601,Ft Lauderdale/Broward County CoC,2015,1191.03,896.21,2615,1796,819,2015,2010,1.07864415
FL-601,Ft Lauderdale/Broward County CoC,2016,1213.98,910.17,2302,1520,782,2016,2010,1.06520643
FL-601,Ft Lauderdale/Broward County CoC,2017,1237.4,924.57,2450,1493,957,2017,2010,1.04298711
FL-601,Ft Lauderdale/Broward County CoC,2018,1272.05,951.42,2318,1449,869,2018,2010,1.01811977
FL-601,Ft Lauderdale/Broward County CoC,2019,1301.59,974.45,2803,1453,1350,2019,2010,1.0
FL-602,Charlotte County CoC,2010,887.59,739.23,376,202,174,2010,2010,1.17243736
FL-602,Charlotte County CoC,2011,864.08,696.51,828,192,636,2011,2010,1.13656147
FL-602,Charlotte County CoC,2012,818.32,674.13,756,211,545,2012,2010,1.11351777
FL-602,Charlotte County CoC,2013,819.73,661.85,573,186,387,2013,2010,1.09744288
FL-602,Charlotte County CoC,2014,820.88,658.69,511,203,308,2014,2010,1.07992447
FL-602,Charlotte County CoC,2015,821.51,657.22,562,162,400,2015,2010,1.07864415
FL-602,Charlotte County CoC,2016,832.62,663.82,388,134,254,2016,2010,1.06520643
FL-602,Charlotte County CoC,2017,861.02,669.81,222,89,133,2017,2010,1.04298711
FL-602,Charlotte County CoC,2018,887.77,690.37,164,78,86,2018,2010,1.01811977
FL-602,Charlotte County CoC,2019,916.64,723.3,156,89,67,2019,2010,1.0
FL-603,"Ft Myers, Cape Coral/Lee County CoC",2010,960.44,749.93,944,461,483,2010,2010,1.17243736
FL-603,"Ft Myers, Cape Coral/Lee County CoC",2011,924.68,719.51,969,513,456,2011,2010,1.13656147
FL-603,"Ft Myers, Cape Coral/Lee County CoC",2012,878.74,689.45,781,410,371,2012,2010,1.11351777
FL-603,"Ft Myers, Cape Coral/Lee County CoC",2013,870.97,682.95,848,452,396,2013,2010,1.09744288
FL-603,"Ft Myers, Cape Coral/Lee County CoC",2014,855.54,676.12,871,427,444,2014,2010,1.07992447
FL-603,"Ft Myers, Cape Coral/Lee County CoC",2015,869.8,679.85,614,300,314,2015,2010,1.07864415
FL-603,"Ft Myers, Cape Coral/Lee County CoC",2016,891.68,688.59,439,256,183,2016,2010,1.06520643
FL-603,"Ft Myers, Cape Coral/Lee County CoC",2017,925.63,710.53,431,244,187,2017,2010,1.04298711
FL-603,"Ft Myers, Cape Coral/Lee County CoC",2018,974.9,734.42,728,524,204,2018,2010,1.01811977
FL-603,"Ft Myers, Cape Coral/Lee County CoC",2019,1028.36,773.4,372,210,162,2019,2010,1.0
FL-604,Monroe County CoC,2010,1349.93,941.62,1040,324,716,2010,2010,1.17243736
FL-604,Monroe County CoC,2011,1299.03,908.84,904,346,558,2011,2010,1.13656147
FL-604,Monroe County CoC,2012,1374.05,964.32,922,364,558,2012,2010,1.11351777
FL-604,Monroe County CoC,2013,1384.99,962.1,652,347,305,2013,2010,1.09744288
FL-604,Monroe County CoC,2014,1420.23,977.4,678,383,295,2014,2010,1.07992447
FL-604,Monroe County CoC,2015,1397.72,991.27,615,301,314,2015,2010,1.07864415
FL-604,Monroe County CoC,2016,1441.83,1036.88,575,305,270,2016,2010,1.06520643
FL-604,Monroe County CoC,2017,1462.72,1048.47,631,339,292,2017,2010,1.04298711
FL-604,Monroe County CoC,2018,1543.31,1105.2,973,761,212,2018,2010,1.01811977
FL-604,Monroe County CoC,2019,1546.61,1104.67,501,292,209,2019,2010,1.0
FL-605,West Palm Beach/Palm Beach County CoC,2010,1189.7,887.17,2147,740,1407,2010,2010,1.17243736
FL-605,West Palm Beach/Palm Beach County CoC,2011,1176.2,870.58,2148,751,1397,2011,2010,1.13656147
FL-605,West Palm Beach/Palm Beach County CoC,2012,1163.84,858.38,2116,719,1397,2012,2010,1.11351777
FL-605,West Palm Beach/Palm Beach County CoC,2013,1149.68,846.34,1559,612,947,2013,2010,1.09744288
FL-605,West Palm Beach/Palm Beach County CoC,2014,1141.2,841.37,1596,649,947,2014,2010,1.07992447
FL-605,West Palm Beach/Palm Beach County CoC,2015,1169.5,849.27,1421,596,825,2015,2010,1.07864415
FL-605,West Palm Beach/Palm Beach County CoC,2016,1187.86,864.89,1332,507,825,2016,2010,1.06520643
FL-605,West Palm Beach/Palm Beach County CoC,2017,1213.95,875.69,1607,526,1081,2017,2010,1.04298711
FL-605,West Palm Beach/Palm Beach County CoC,2018,1242.67,896.06,1309,458,851,2018,2010,1.01811977
FL-605,West Palm Beach/Palm Beach County CoC,2019,1290.15,930.02,1397,457,940,2019,2010,1.0
FL-606,Naples/Collier County CoC,2010,1094.4,853.93,401,324,77,2010,2010,1.17243736
FL-606,Naples/Collier County CoC,2011,1045.86,816.37,390,285,105,2011,2010,1.13656147
FL-606,Naples/Collier County CoC,2012,1020.87,790.81,455,350,105,2012,2010,1.11351777
FL-606,Naples/Collier County CoC,2013,989.22,783.3,396,342,54,2013,2010,1.09744288
FL-606,Naples/Collier County CoC,2014,1004.24,779.1,361,326,35,2014,2010,1.07992447
FL-606,Naples/Collier County CoC,2015,1026.84,793.93,389,345,44,2015,2010,1.07864415
FL-606,Naples/Collier County CoC,2016,1104.69,828.57,545,328,217,2016,2010,1.06520643
FL-606,Naples/Collier County CoC,2017,1123.36,849.93,621,434,187,2017,2010,1.04298711
FL-606,Naples/Collier County CoC,2018,1170.47,856.89,653,440,213,2018,2010,1.01811977
FL-606,Naples/Collier County CoC,2019,1208.31,899.72,498,399,99,2019,2010,1.0
GA-500,Atlanta CoC,2010,866.54,600.45,7019,4855,2164,2010,2010,1.17243736
GA-500,Atlanta CoC,2011,870.32,596.3,6805,4427,2378,2011,2010,1.13656147
GA-500,Atlanta CoC,2012,876.0,606.29,6811,4433,2378,2012,2010,1.11351777
GA-500,Atlanta CoC,2013,868.3,609.66,5536,3803,1733,2013,2010,1.09744288
GA-500,Atlanta CoC,2014,880.86,615.39,4797,3422,1375,2014,2010,1.07992447
GA-500,Atlanta CoC,2015,897.49,629.74,4317,3280,1037,2015,2010,1.07864415
GA-500,Atlanta CoC,2016,918.01,636.77,4063,3225,838,2016,2010,1.06520643
GA-500,Atlanta CoC,2017,954.22,637.04,3572,2891,681,2017,2010,1.04298711
GA-500,Atlanta CoC,2018,1000.44,645.45,3076,2336,740,2018,2010,1.01811977
GA-500,Atlanta CoC,2019,1047.72,659.4,3217,2498,719,2019,2010,1.0
GA-501,Georgia Balance of State CoC,2010,672.94,444.44,9750,1943,7807,2010,2010,1.17243736
GA-501,Georgia Balance of State CoC,2011,676.49,447.32,11168,2313,8855,2011,2010,1.13656147
GA-501,Georgia Balance of State CoC,2012,676.99,452.38,11105,2250,8855,2012,2010,1.11351777
GA-501,Georgia Balance of State CoC,2013,679.24,457.04,7651,2334,5317,2013,2010,1.09744288
GA-501,Georgia Balance of State CoC,2014,678.73,456.68,7577,2260,5317,2014,2010,1.07992447
GA-501,Georgia Balance of State CoC,2015,687.82,463.84,5797,2279,3518,2015,2010,1.07864415
GA-501,Georgia Balance of State CoC,2016,696.87,465.81,5575,2057,3518,2016,2010,1.06520643
GA-501,Georgia Balance of State CoC,2017,707.15,468.35,3716,1843,1873,2017,2010,1.04298711
GA-501,Georgia Balance of State CoC,2018,720.38,474.8,3730,1857,1873,2018,2010,1.01811977
GA-501,Georgia Balance of State CoC,2019,737.25,481.16,4183,1921,2262,2019,2010,1.0
GA-502,Fulton County CoC,2010,955.24,776.33,,,,2010,2010,1.17243736
GA-502,Fulton County CoC,2011,935.49,748.97,,,,2011,2010,1.13656147
GA-502,Fulton County CoC,2012,920.75,730.14,,,,2012,2010,1.11351777
GA-502,Fulton County CoC,2013,919.24,722.84,428,298,130,2013,2010,1.09744288
GA-502,Fulton County CoC,2014,926.49,729.48,477,374,103,2014,2010,1.07992447
GA-502,Fulton County CoC,2015,937.98,734.8,473,420,53,2015,2010,1.07864415
GA-502,Fulton County CoC,2016,984.46,752.86,483,422,61,2016,2010,1.06520643
GA-502,Fulton County CoC,2017,1018.84,768.44,293,203,90,2017,2010,1.04298711
GA-502,Fulton County CoC,2018,1051.85,791.86,222,134,88,2018,2010,1.01811977
GA-502,Fulton County CoC,2019,1099.35,823.03,632,556,76,2019,2010,1.0
GA-503,Athens-Clarke County CoC,2010,714.71,547.83,496,269,227,2010,2010,1.17243736
GA-503,Athens-Clarke County CoC,2011,698.25,534.56,407,278,129,2011,2010,1.13656147
GA-503,Athens-Clarke County CoC,2012,701.22,536.93,361,138,223,2012,2010,1.11351777
GA-503,Athens-Clarke County CoC,2013,698.35,539.16,213,118,95,2013,2010,1.09744288
GA-503,Athens-Clarke County CoC,2014,686.05,537.18,247,160,87,2014,2010,1.07992447
GA-503,Athens-Clarke County CoC,2015,691.58,538.49,226,135,91,2015,2010,1.07864415
GA-503,Athens-Clarke County CoC,2016,691.04,538.75,224,148,76,2016,2010,1.06520643
GA-503,Athens-Clarke County CoC,2017,700.21,541.92,239,146,93,2017,2010,1.04298711
GA-503,Athens-Clarke County CoC,2018,702.04,543.33,212,166,46,2018,2010,1.01811977
GA-503,Athens-Clarke County CoC,2019,711.1,543.53,237,182,55,2019,2010,1.0
GA-504,Augusta-Richmond County CoC,2010,630.63,477.67,556,512,44,2010,2010,1.17243736
GA-504,Augusta-Richmond County CoC,2011,641.28,477.69,497,492,5,2011,2010,1.13656147
GA-504,Augusta-Richmond County CoC,2012,640.14,480.74,396,391,5,2012,2010,1.11351777
GA-504,Augusta-Richmond County CoC,2013,644.35,492.46,476,330,146,2013,2010,1.09744288
GA-504,Augusta-Richmond County CoC,2014,654.27,487.02,472,326,146,2014,2010,1.07992447
GA-504,Augusta-Richmond County CoC,2015,652.46,494.06,407,278,129,2015,2010,1.07864415
GA-504,Augusta-Richmond County CoC,2016,649.5,495.58,287,266,21,2016,2010,1.06520643
GA-504,Augusta-Richmond County CoC,2017,659.25,500.25,246,199,47,2017,2010,1.04298711
GA-504,Augusta-Richmond County CoC,2018,670.3,501.37,269,222,47,2018,2010,1.01811977
GA-504,Augusta-Richmond County CoC,2019,693.6,527.03,384,223,161,2019,2010,1.0
GA-505,Columbus-Muscogee/Russell County CoC,2010,632.07,417.21,468,264,204,2010,2010,1.17243736
GA-505,Columbus-Muscogee/Russell County CoC,2011,635.74,427.46,486,261,225,2011,2010,1.13656147
GA-505,Columbus-Muscogee/Russell County CoC,2012,649.48,430.62,333,278,55,2012,2010,1.11351777
GA-505,Columbus-Muscogee/Russell County CoC,2013,672.34,439.35,294,234,60,2013,2010,1.09744288
GA-505,Columbus-Muscogee/Russell County CoC,2014,678.0,442.1,312,199,113,2014,2010,1.07992447
GA-505,Columbus-Muscogee/Russell County CoC,2015,691.1,453.55,371,206,165,2015,2010,1.07864415
GA-505,Columbus-Muscogee/Russell County CoC,2016,704.47,468.73,329,243,86,2016,2010,1.06520643
GA-505,Columbus-Muscogee/Russell County CoC,2017,708.04,478.28,319,246,73,2017,2010,1.04298711
GA-505,Columbus-Muscogee/Russell County CoC,2018,711.02,493.45,276,196,80,2018,2010,1.01811977
GA-505,Columbus-Muscogee/Russell County CoC,2019,719.74,509.84,278,226,52,2019,2010,1.0
GA-506,Marietta/Cobb County CoC,2010,920.29,757.8,470,344,126,2010,2010,1.17243736
GA-506,Marietta/Cobb County CoC,2011,913.25,746.03,370,321,49,2011,2010,1.13656147
GA-506,Marietta/Cobb County CoC,2012,904.52,729.59,392,343,49,2012,2010,1.11351777
GA-506,Marietta/Cobb County CoC,2013,897.09,716.24,495,351,144,2013,2010,1.09744288
GA-506,Marietta/Cobb County CoC,2014,904.1,716.7,523,379,144,2014,2010,1.07992447
GA-506,Marietta/Cobb County CoC,2015,922.59,728.93,415,324,91,2015,2010,1.07864415
GA-506,Marietta/Cobb County CoC,2016,950.27,747.04,405,314,91,2016,2010,1.06520643
GA-506,Marietta/Cobb County CoC,2017,976.95,769.66,403,285,118,2017,2010,1.04298711
GA-506,Marietta/Cobb County CoC,2018,1011.56,800.17,384,266,118,2018,2010,1.01811977
GA-506,Marietta/Cobb County CoC,2019,1045.54,831.47,451,324,127,2019,2010,1.0
GA-507,Savannah/Chatham County CoC,2010,806.13,612.58,1077,559,518,2010,2010,1.17243736
GA-507,Savannah/Chatham County CoC,2011,821.92,630.08,1242,631,611,2011,2010,1.13656147
GA-507,Savannah/Chatham County CoC,2012,826.8,633.96,1118,487,631,2012,2010,1.11351777
GA-507,Savannah/Chatham County CoC,2013,822.22,626.06,1165,543,622,2013,2010,1.09744288
GA-507,Savannah/Chatham County CoC,2014,813.57,618.48,1315,574,741,2014,2010,1.07992447
GA-507,Savannah/Chatham County CoC,2015,834.97,627.95,1100,578,522,2015,2010,1.07864415
GA-507,Savannah/Chatham County CoC,2016,842.51,625.5,1070,553,517,2016,2010,1.06520643
GA-507,Savannah/Chatham County CoC,2017,851.39,628.22,926,563,363,2017,2010,1.04298711
GA-507,Savannah/Chatham County CoC,2018,868.9,640.51,1009,545,464,2018,2010,1.01811977
GA-507,Savannah/Chatham County CoC,2019,890.41,656.25,686,455,231,2019,2010,1.0
GA-508,DeKalb County CoC,2010,908.85,726.95,,,,2010,2010,1.17243736
GA-508,DeKalb County CoC,2011,900.8,716.01,,,,2011,2010,1.13656147
GA-508,DeKalb County CoC,2012,892.07,706.19,,,,2012,2010,1.11351777
GA-508,DeKalb County CoC,2013,882.48,702.1,713,499,214,2013,2010,1.09744288
GA-508,DeKalb County CoC,2014,876.59,698.78,801,520,281,2014,2010,1.07992447
GA-508,DeKalb County CoC,2015,892.88,707.62,684,487,197,2015,2010,1.07864415
GA-508,DeKalb County CoC,2016,914.05,719.36,473,315,158,2016,2010,1.06520643
GA-508,DeKalb County CoC,2017,938.57,732.56,460,275,185,2017,2010,1.04298711
GA-508,DeKalb County CoC,2018,971.49,746.34,321,178,143,2018,2010,1.01811977
GA-508,DeKalb County CoC,2019,1003.45,774.63,375,178,197,2019,2010,1.0
HI-500,Hawaii Balance of State CoC,2010,1203.55,772.34,1663,738,925,2010,2010,1.17243736
HI-500,Hawaii Balance of State CoC,2011,1169.5,774.33,1954,720,1234,2011,2010,1.13656147
HI-500,Hawaii Balance of State CoC,2012,1142.05,769.67,1893,691,1202,2012,2010,1.11351777
HI-500,Hawaii Balance of State CoC,2013,1133.41,767.79,1779,654,1125,2013,2010,1.09744288
HI-500,Hawaii Balance of State CoC,2014,1112.96,756.81,2206,734,1472,2014,2010,1.07992447
HI-500,Hawaii Balance of State CoC,2015,1108.86,763.33,2717,813,1904,2015,2010,1.07864415
HI-500,Hawaii Balance of State CoC,2016,1112.48,771.33,2981,846,2135,2016,2010,1.06520643
HI-500,Hawaii Balance of State CoC,2017,1119.54,776.89,2261,785,1476,2017,2010,1.04298711
HI-500,Hawaii Balance of State CoC,2018,1155.26,788.03,2035,705,1330,2018,2010,1.01811977
HI-500,Hawaii Balance of State CoC,2019,1192.19,815.26,1995,758,1237,2019,2010,1.0
HI-501,Honolulu City and County CoC,2010,1452.63,976.66,4171,2797,1374,2010,2010,1.17243736
HI-501,Honolulu City and County CoC,2011,1458.81,986.31,4234,2912,1322,2011,2010,1.13656147
HI-501,Honolulu City and County CoC,2012,1472.08,1003.93,4353,3035,1318,2012,2010,1.11351777
HI-501,Honolulu City and County CoC,2013,1473.71,1017.11,4556,3091,1465,2013,2010,1.09744288
HI-501,Honolulu City and County CoC,2014,1484.32,1035.33,4712,3079,1633,2014,2010,1.07992447
HI-501,Honolulu City and County CoC,2015,1608.82,1055.8,4903,2964,1939,2015,2010,1.07864415
HI-501,Honolulu City and County CoC,2016,1629.07,1059.48,4940,2767,2173,2016,2010,1.06520643
HI-501,Honolulu City and County CoC,2017,1666.75,1076.57,4959,2635,2324,2017,2010,1.04298711
HI-501,Honolulu City and County CoC,2018,1697.2,1087.79,4495,2350,2145,2018,2010,1.01811977
HI-501,Honolulu City and County CoC,2019,1703.47,1091.04,4417,2014,2403,2019,2010,1.0
IA-500,"Sioux City/Dakota, Woodbury Counties CoC",2010,563.7,433.32,308,294,14,2010,2010,1.17243736
IA-500,"Sioux City/Dakota, Woodbury Counties CoC",2011,561.59,426.4,366,337,29,2011,2010,1.13656147
IA-500,"Sioux City/Dakota, Woodbury Counties CoC",2012,572.39,435.0,250,233,17,2012,2010,1.11351777
IA-500,"Sioux City/Dakota, Woodbury Counties CoC",2013,567.81,435.61,236,224,12,2013,2010,1.09744288
IA-500,"Sioux City/Dakota, Woodbury Counties CoC",2014,569.41,427.15,297,268,29,2014,2010,1.07992447
IA-500,"Sioux City/Dakota, Woodbury Counties CoC",2015,586.02,436.12,276,265,11,2015,2010,1.07864415
IA-500,"Sioux City/Dakota, Woodbury Counties CoC",2016,592.21,432.55,348,339,9,2016,2010,1.06520643
IA-500,"Sioux City/Dakota, Woodbury Counties CoC",2017,592.77,439.4,288,286,2,2017,2010,1.04298711
IA-500,"Sioux City/Dakota, Woodbury Counties CoC",2018,603.64,449.89,264,258,6,2018,2010,1.01811977
IA-500,"Sioux City/Dakota, Woodbury Counties CoC",2019,618.06,461.44,255,248,7,2019,2010,1.0
IA-501,Iowa Balance of State CoC,2010,553.33,401.13,1686,1653,33,2010,2010,1.17243736
IA-501,Iowa Balance of State CoC,2011,555.01,403.54,1782,1754,28,2011,2010,1.13656147
IA-501,Iowa Balance of State CoC,2012,558.5,406.3,1860,1803,57,2012,2010,1.11351777
IA-501,Iowa Balance of State CoC,2013,568.67,412.06,1920,1859,61,2013,2010,1.09744288
IA-501,Iowa Balance of State CoC,2014,575.83,415.46,1939,1874,65,2014,2010,1.07992447
IA-501,Iowa Balance of State CoC,2015,586.93,421.93,1975,1876,99,2015,2010,1.07864415
IA-501,Iowa Balance of State CoC,2016,594.51,429.74,1923,1858,65,2016,2010,1.06520643
IA-501,Iowa Balance of State CoC,2017,604.11,434.71,1792,1742,50,2017,2010,1.04298711
IA-501,Iowa Balance of State CoC,2018,611.87,436.64,1721,1593,128,2018,2010,1.01811977
IA-501,Iowa Balance of State CoC,2019,616.22,440.0,1379,1290,89,2019,2010,1.0
IA-502,Des Moines/Polk County CoC,2010,750.51,610.43,1020,956,64,2010,2010,1.17243736
IA-502,Des Moines/Polk County CoC,2011,752.43,608.36,986,922,64,2011,2010,1.13656147
IA-502,Des Moines/Polk County CoC,2012,754.97,613.63,818,744,74,2012,2010,1.11351777
IA-502,Des Moines/Polk County CoC,2013,775.94,618.94,928,867,61,2013,2010,1.09744288
IA-502,Des Moines/Polk County CoC,2014,778.17,621.35,886,784,102,2014,2010,1.07992447
IA-502,Des Moines/Polk County CoC,2015,787.96,632.85,830,737,93,2015,2010,1.07864415
IA-502,Des Moines/Polk County CoC,2016,803.4,642.97,793,724,69,2016,2010,1.06520643
IA-502,Des Moines/Polk County CoC,2017,818.39,650.18,676,624,52,2017,2010,1.04298711
IA-502,Des Moines/Polk County CoC,2018,821.38,655.15,764,657,107,2018,2010,1.01811977
IA-502,Des Moines/Polk County CoC,2019,839.05,669.42,681,589,92,2019,2010,1.0
ID-500,Boise/Ada County CoC,2010,813.6,657.48,872,747,125,2010,2010,1.17243736
ID-500,Boise/Ada County CoC,2011,818.74,649.95,838,741,97,2011,2010,1.13656147
ID-500,Boise/Ada County CoC,2012,809.81,640.08,754,701,53,2012,2010,1.11351777
ID-500,Boise/Ada County CoC,2013,801.77,635.08,694,645,49,2013,2010,1.09744288
ID-500,Boise/Ada County CoC,2014,800.05,631.32,753,707,46,2014,2010,1.07992447
ID-500,Boise/Ada County CoC,2015,813.99,641.85,755,674,81,2015,2010,1.07864415
ID-500,Boise/Ada County CoC,2016,825.94,651.0,867,742,125,2016,2010,1.06520643
ID-500,Boise/Ada County CoC,2017,839.9,664.48,833,722,111,2017,2010,1.04298711
ID-500,Boise/Ada County CoC,2018,872.07,679.25,756,635,121,2018,2010,1.01811977
ID-500,Boise/Ada County CoC,2019,907.3,710.78,713,652,61,2019,2010,1.0
ID-501,Idaho Balance of State CoC,2010,644.91,473.29,1474,817,657,2010,2010,1.17243736
ID-501,Idaho Balance of State CoC,2011,639.57,469.43,1361,844,517,2011,2010,1.13656147
ID-501,Idaho Balance of State CoC,2012,639.48,468.55,1214,781,433,2012,2010,1.11351777
ID-501,Idaho Balance of State CoC,2013,635.95,469.87,1087,759,328,2013,2010,1.09744288
ID-501,Idaho Balance of State CoC,2014,637.37,469.21,1351,761,590,2014,2010,1.07992447
ID-501,Idaho Balance of State CoC,2015,643.58,478.28,1211,823,388,2015,2010,1.07864415
ID-501,Idaho Balance of State CoC,2016,653.59,482.39,1380,767,613,2016,2010,1.06520643
ID-501,Idaho Balance of State CoC,2017,660.51,492.29,1204,676,528,2017,2010,1.04298711
ID-501,Idaho Balance of State CoC,2018,666.41,496.84,1256,654,602,2018,2010,1.01811977
ID-501,Idaho Balance of State CoC,2019,681.45,500.96,1602,678,924,2019,2010,1.0
IL-500,McHenry County CoC,2010,1075.59,815.37,212,211,1,2010,2010,1.17243736
IL-500,McHenry County CoC,2011,1061.91,810.54,182,179,3,2011,2010,1.13656147
IL-500,McHenry County CoC,2012,1048.23,801.1,196,193,3,2012,2010,1.11351777
IL-500,McHenry County CoC,2013,1064.18,809.61,185,180,5,2013,2010,1.09744288
IL-500,McHenry County CoC,2014,1040.94,810.17,166,161,5,2014,2010,1.07992447
IL-500,McHenry County CoC,2015,1043.62,813.02,177,168,9,2015,2010,1.07864415
IL-500,McHenry County CoC,2016,1040.3,806.06,154,150,4,2016,2010,1.06520643
IL-500,McHenry County CoC,2017,1064.84,823.68,155,150,5,2017,2010,1.04298711
IL-500,McHenry County CoC,2018,1062.48,814.09,179,174,5,2018,2010,1.01811977
IL-500,McHenry County CoC,2019,1080.3,815.23,159,158,1,2019,2010,1.0
IL-501,"Rockford/DeKalb, Winnebago, Boone Counties CoC",2010,691.46,530.62,739,612,127,2010,2010,1.17243736
IL-501,"Rockford/DeKalb, Winnebago, Boone Counties CoC",2011,692.33,532.99,740,568,172,2011,2010,1.13656147
IL-501,"Rockford/DeKalb, Winnebago, Boone Counties CoC",2012,689.7,535.45,852,637,215,2012,2010,1.11351777
IL-501,"Rockford/DeKalb, Winnebago, Boone Counties CoC",2013,692.43,535.05,895,605,290,2013,2010,1.09744288
IL-501,"Rockford/DeKalb, Winnebago, Boone Counties CoC",2014,697.71,535.74,506,469,37,2014,2010,1.07992447
IL-501,"Rockford/DeKalb, Winnebago, Boone Counties CoC",2015,707.23,542.69,428,397,31,2015,2010,1.07864415
IL-501,"Rockford/DeKalb, Winnebago, Boone Counties CoC",2016,706.62,538.44,336,284,52,2016,2010,1.06520643
IL-501,"Rockford/DeKalb, Winnebago, Boone Counties CoC",2017,712.0,534.53,381,346,35,2017,2010,1.04298711
IL-501,"Rockford/DeKalb, Winnebago, Boone Counties CoC",2018,707.4,525.85,356,310,46,2018,2010,1.01811977
IL-501,"Rockford/DeKalb, Winnebago, Boone Counties CoC",2019,702.42,523.17,403,358,45,2019,2010,1.0
IL-502,"Waukegan, North Chicago/Lake County CoC",2010,1049.11,782.33,474,454,20,2010,2010,1.17243736
IL-502,"Waukegan, North Chicago/Lake County CoC",2011,1054.65,777.52,464,461,3,2011,2010,1.13656147
IL-502,"Waukegan, North Chicago/Lake County CoC",2012,1052.35,758.54,450,445,5,2012,2010,1.11351777
IL-502,"Waukegan, North Chicago/Lake County CoC",2013,1049.76,761.11,497,492,5,2013,2010,1.09744288
IL-502,"Waukegan, North Chicago/Lake County CoC",2014,1060.14,766.08,409,404,5,2014,2010,1.07992447
IL-502,"Waukegan, North Chicago/Lake County CoC",2015,1073.32,772.47,386,381,5,2015,2010,1.07864415
IL-502,"Waukegan, North Chicago/Lake County CoC",2016,1086.81,779.88,299,280,19,2016,2010,1.06520643
IL-502,"Waukegan, North Chicago/Lake County CoC",2017,1110.08,783.88,228,201,27,2017,2010,1.04298711
IL-502,"Waukegan, North Chicago/Lake County CoC",2018,1126.62,784.95,277,253,24,2018,2010,1.01811977
IL-502,"Waukegan, North Chicago/Lake County CoC",2019,1134.81,791.51,252,220,32,2019,2010,1.0
IL-503,"Champaign, Urbana, Rantoul/Champaign County CoC",2010,721.9,554.46,534,530,4,2010,2010,1.17243736
IL-503,"Champaign, Urbana, Rantoul/Champaign County CoC",2011,741.21,558.71,231,205,26,2011,2010,1.13656147
IL-503,"Champaign, Urbana, Rantoul/Champaign County CoC",2012,750.54,561.99,209,183,26,2012,2010,1.11351777
IL-503,"Champaign, Urbana, Rantoul/Champaign County CoC",2013,756.01,563.91,214,171,43,2013,2010,1.09744288
IL-503,"Champaign, Urbana, Rantoul/Champaign County CoC",2014,753.09,560.09,205,193,12,2014,2010,1.07992447
IL-503,"Champaign, Urbana, Rantoul/Champaign County CoC",2015,770.11,567.71,163,153,10,2015,2010,1.07864415
IL-503,"Champaign, Urbana, Rantoul/Champaign County CoC",2016,762.6,570.5,188,170,18,2016,2010,1.06520643
IL-503,"Champaign, Urbana, Rantoul/Champaign County CoC",2017,758.62,577.14,160,143,17,2017,2010,1.04298711
IL-503,"Champaign, Urbana, Rantoul/Champaign County CoC",2018,750.26,579.32,188,179,9,2018,2010,1.01811977
IL-503,"Champaign, Urbana, Rantoul/Champaign County CoC",2019,748.67,585.89,151,149,2,2019,2010,1.0
IL-504,Madison County CoC,2010,627.03,476.36,202,161,41,2010,2010,1.17243736
IL-504,Madison County CoC,2011,630.91,478.82,256,207,49,2011,2010,1.13656147
IL-504,Madison County CoC,2012,634.75,481.6,196,182,14,2012,2010,1.11351777
IL-504,Madison County CoC,2013,644.78,487.73,201,173,28,2013,2010,1.09744288
IL-504,Madison County CoC,2014,640.21,487.62,240,224,16,2014,2010,1.07992447
IL-504,Madison County CoC,2015,646.45,489.86,168,144,24,2015,2010,1.07864415
IL-504,Madison County CoC,2016,646.08,492.39,199,176,23,2016,2010,1.06520643
IL-504,Madison County CoC,2017,649.97,497.22,176,155,21,2017,2010,1.04298711
IL-504,Madison County CoC,2018,644.68,495.2,146,95,51,2018,2010,1.01811977
IL-504,Madison County CoC,2019,633.22,483.97,101,69,32,2019,2010,1.0
IL-506,"Joliet, Bolingbrook/Will County CoC",2010,949.06,711.35,389,358,31,2010,2010,1.17243736
IL-506,"Joliet, Bolingbrook/Will County CoC",2011,963.13,713.11,353,320,33,2011,2010,1.13656147
IL-506,"Joliet, Bolingbrook/Will County CoC",2012,970.61,710.16,291,282,9,2012,2010,1.11351777
IL-506,"Joliet, Bolingbrook/Will County CoC",2013,987.17,730.22,288,281,7,2013,2010,1.09744288
IL-506,"Joliet, Bolingbrook/Will County CoC",2014,996.18,738.64,309,294,15,2014,2010,1.07992447
IL-506,"Joliet, Bolingbrook/Will County CoC",2015,1014.83,745.8,340,314,26,2015,2010,1.07864415
IL-506,"Joliet, Bolingbrook/Will County CoC",2016,1024.26,749.0,290,242,48,2016,2010,1.06520643
IL-506,"Joliet, Bolingbrook/Will County CoC",2017,1037.46,752.4,282,251,31,2017,2010,1.04298711
IL-506,"Joliet, Bolingbrook/Will County CoC",2018,1051.83,755.62,341,298,43,2018,2010,1.01811977
IL-506,"Joliet, Bolingbrook/Will County CoC",2019,1051.35,756.7,278,235,43,2019,2010,1.0
IL-507,"Peoria, Pekin/Fulton, Tazewell, Peoria, Woodford Counties CoC",2010,606.92,447.47,376,346,30,2010,2010,1.17243736
IL-507,"Peoria, Pekin/Fulton, Tazewell, Peoria, Woodford Counties CoC",2011,602.47,448.37,313,304,9,2011,2010,1.13656147
IL-507,"Peoria, Pekin/Fulton, Tazewell, Peoria, Woodford Counties CoC",2012,595.22,451.73,376,367,9,2012,2010,1.11351777
IL-507,"Peoria, Pekin/Fulton, Tazewell, Peoria, Woodford Counties CoC",2013,601.5,461.61,396,370,26,2013,2010,1.09744288
IL-507,"Peoria, Pekin/Fulton, Tazewell, Peoria, Woodford Counties CoC",2014,602.5,464.35,405,379,26,2014,2010,1.07992447
IL-507,"Peoria, Pekin/Fulton, Tazewell, Peoria, Woodford Counties CoC",2015,612.52,472.38,451,383,68,2015,2010,1.07864415
IL-507,"Peoria, Pekin/Fulton, Tazewell, Peoria, Woodford Counties CoC",2016,624.65,481.98,378,308,70,2016,2010,1.06520643
IL-507,"Peoria, Pekin/Fulton, Tazewell, Peoria, Woodford Counties CoC",2017,633.53,477.54,329,293,36,2017,2010,1.04298711
IL-507,"Peoria, Pekin/Fulton, Tazewell, Peoria, Woodford Counties CoC",2018,641.79,473.41,400,366,34,2018,2010,1.01811977
IL-507,"Peoria, Pekin/Fulton, Tazewell, Peoria, Woodford Counties CoC",2019,631.65,471.1,285,270,15,2019,2010,1.0
IL-508,"East St. Louis, Belleville/St. Clair County CoC",2010,635.45,442.37,514,220,294,2010,2010,1.17243736
IL-508,"East St. Louis, Belleville/St. Clair County CoC",2011,651.39,444.53,370,185,185,2011,2010,1.13656147
IL-508,"East St. Louis, Belleville/St. Clair County CoC",2012,657.69,445.55,451,166,285,2012,2010,1.11351777
IL-508,"East St. Louis, Belleville/St. Clair County CoC",2013,678.24,450.59,213,146,67,2013,2010,1.09744288
IL-508,"East St. Louis, Belleville/St. Clair County CoC",2014,673.57,447.39,339,201,138,2014,2010,1.07992447
IL-508,"East St. Louis, Belleville/St. Clair County CoC",2015,671.67,448.56,318,166,152,2015,2010,1.07864415
IL-508,"East St. Louis, Belleville/St. Clair County CoC",2016,677.08,453.75,240,157,83,2016,2010,1.06520643
IL-508,"East St. Louis, Belleville/St. Clair County CoC",2017,660.16,452.01,300,154,146,2017,2010,1.04298711
IL-508,"East St. Louis, Belleville/St. Clair County CoC",2018,670.04,451.92,250,160,90,2018,2010,1.01811977
IL-508,"East St. Louis, Belleville/St. Clair County CoC",2019,661.74,453.25,247,153,94,2019,2010,1.0
IL-510,Chicago CoC,2010,929.92,678.54,6240,5356,884,2010,2010,1.17243736
IL-510,Chicago CoC,2011,935.25,680.52,6635,4913,1722,2011,2010,1.13656147
IL-510,Chicago CoC,2012,940.39,678.66,6710,4988,1722,2012,2010,1.11351777
IL-510,Chicago CoC,2013,956.31,681.42,6276,5060,1216,2013,2010,1.09744288
IL-510,Chicago CoC,2014,966.23,678.65,6287,5328,959,2014,2010,1.07992447
IL-510,Chicago CoC,2015,979.35,679.08,6786,4731,2055,2015,2010,1.07864415
IL-510,Chicago CoC,2016,999.52,682.52,5889,4646,1243,2016,2010,1.06520643
IL-510,Chicago CoC,2017,1017.4,684.12,5657,4096,1561,2017,2010,1.04298711
IL-510,Chicago CoC,2018,1033.21,686.5,5450,4093,1357,2018,2010,1.01811977
IL-510,Chicago CoC,2019,1059.72,700.53,5290,4030,1260,2019,2010,1.0
IL-511,Cook County CoC,2010,1019.93,815.45,1390,1139,251,2010,2010,1.17243736
IL-511,Cook County CoC,2011,1021.55,809.46,1257,1024,233,2011,2010,1.13656147
IL-511,Cook County CoC,2012,1022.45,799.94,1242,1009,233,2012,2010,1.11351777
IL-511,Cook County CoC,2013,1019.11,800.72,1242,1091,151,2013,2010,1.09744288
IL-511,Cook County CoC,2014,1015.37,793.88,1182,1031,151,2014,2010,1.07992447
IL-511,Cook County CoC,2015,1025.25,793.2,895,785,110,2015,2010,1.07864415
IL-511,Cook County CoC,2016,1033.58,797.26,952,842,110,2016,2010,1.06520643
IL-511,Cook County CoC,2017,1041.64,801.74,780,688,92,2017,2010,1.04298711
IL-511,Cook County CoC,2018,1058.86,805.43,873,781,92,2018,2010,1.01811977
IL-511,Cook County CoC,2019,1073.14,817.1,897,792,105,2019,2010,1.0
IL-512,Bloomington/Central Illinois CoC,2010,601.48,451.21,639,419,220,2010,2010,1.17243736
IL-512,Bloomington/Central Illinois CoC,2011,602.45,445.19,635,419,216,2011,2010,1.13656147
IL-512,Bloomington/Central Illinois CoC,2012,609.39,451.63,668,452,216,2012,2010,1.11351777
IL-512,Bloomington/Central Illinois CoC,2013,617.78,452.84,536,420,116,2013,2010,1.09744288
IL-512,Bloomington/Central Illinois CoC,2014,624.64,457.14,669,553,116,2014,2010,1.07992447
IL-512,Bloomington/Central Illinois CoC,2015,640.44,462.61,619,565,54,2015,2010,1.07864415
IL-512,Bloomington/Central Illinois CoC,2016,645.06,464.97,411,363,48,2016,2010,1.06520643
IL-512,Bloomington/Central Illinois CoC,2017,645.66,462.13,433,392,41,2017,2010,1.04298711
IL-512,Bloomington/Central Illinois CoC,2018,639.86,470.03,387,362,25,2018,2010,1.01811977
IL-512,Bloomington/Central Illinois CoC,2019,644.94,470.91,319,258,61,2019,2010,1.0
IL-513,Springfield/Sangamon County CoC,2010,610.28,489.88,287,284,3,2010,2010,1.17243736
IL-513,Springfield/Sangamon County CoC,2011,615.56,485.0,227,227,0,2011,2010,1.13656147
IL-513,Springfield/Sangamon County CoC,2012,625.85,492.12,251,242,9,2012,2010,1.11351777
IL-513,Springfield/Sangamon County CoC,2013,630.07,490.33,280,270,10,2013,2010,1.09744288
IL-513,Springfield/Sangamon County CoC,2014,623.69,480.97,269,248,21,2014,2010,1.07992447
IL-513,Springfield/Sangamon County CoC,2015,626.33,478.49,326,311,15,2015,2010,1.07864415
IL-513,Springfield/Sangamon County CoC,2016,628.75,490.2,261,246,15,2016,2010,1.06520643
IL-513,Springfield/Sangamon County CoC,2017,636.71,495.77,230,219,11,2017,2010,1.04298711
IL-513,Springfield/Sangamon County CoC,2018,640.88,503.43,271,252,19,2018,2010,1.01811977
IL-513,Springfield/Sangamon County CoC,2019,652.09,511.73,284,259,25,2019,2010,1.0
IL-514,DuPage County CoC,2010,1112.09,910.61,712,604,108,2010,2010,1.17243736
IL-514,DuPage County CoC,2011,1109.44,900.68,676,643,33,2011,2010,1.13656147
IL-514,DuPage County CoC,2012,1114.25,898.78,641,608,33,2012,2010,1.11351777
IL-514,DuPage County CoC,2013,1115.98,900.67,665,636,29,2013,2010,1.09744288
IL-514,DuPage County CoC,2014,1123.87,893.07,654,625,29,2014,2010,1.07992447
IL-514,DuPage County CoC,2015,1137.14,903.06,672,642,30,2015,2010,1.07864415
IL-514,DuPage County CoC,2016,1160.86,920.07,555,525,30,2016,2010,1.06520643
IL-514,DuPage County CoC,2017,1179.38,932.1,331,316,15,2017,2010,1.04298711
IL-514,DuPage County CoC,2018,1205.24,945.07,295,280,15,2018,2010,1.01811977
IL-514,DuPage County CoC,2019,1225.92,958.72,309,299,10,2019,2010,1.0
IL-515,South Central Illinois CoC,2010,473.64,343.92,190,172,18,2010,2010,1.17243736
IL-515,South Central Illinois CoC,2011,466.79,342.38,160,160,0,2011,2010,1.13656147
IL-515,South Central Illinois CoC,2012,471.12,343.13,124,124,0,2012,2010,1.11351777
IL-515,South Central Illinois CoC,2013,474.72,349.4,149,130,19,2013,2010,1.09744288
IL-515,South Central Illinois CoC,2014,474.08,347.57,118,114,4,2014,2010,1.07992447
IL-515,South Central Illinois CoC,2015,479.14,349.33,122,98,24,2015,2010,1.07864415
IL-515,South Central Illinois CoC,2016,476.96,354.06,133,121,12,2016,2010,1.06520643
IL-515,South Central Illinois CoC,2017,475.71,357.43,108,76,32,2017,2010,1.04298711
IL-515,South Central Illinois CoC,2018,478.05,357.95,92,70,22,2018,2010,1.01811977
IL-515,South Central Illinois CoC,2019,482.8,365.15,94,59,35,2019,2010,1.0
IL-516,Decatur/Macon County CoC,2010,526.38,402.35,197,145,52,2010,2010,1.17243736
IL-516,Decatur/Macon County CoC,2011,533.12,405.98,206,165,41,2011,2010,1.13656147
IL-516,Decatur/Macon County CoC,2012,555.72,414.96,210,158,52,2012,2010,1.11351777
IL-516,Decatur/Macon County CoC,2013,548.44,416.13,247,190,57,2013,2010,1.09744288
IL-516,Decatur/Macon County CoC,2014,549.85,410.65,256,190,66,2014,2010,1.07992447
IL-516,Decatur/Macon County CoC,2015,550.6,421.83,238,199,39,2015,2010,1.07864415
IL-516,Decatur/Macon County CoC,2016,545.2,414.59,157,150,7,2016,2010,1.06520643
IL-516,Decatur/Macon County CoC,2017,532.34,411.64,130,114,16,2017,2010,1.04298711
IL-516,Decatur/Macon County CoC,2018,528.52,412.72,161,140,21,2018,2010,1.01811977
IL-516,Decatur/Macon County CoC,2019,525.79,415.92,169,158,11,2019,2010,1.0
IL-517,"Aurora, Elgin/Kane County CoC",2010,1003.45,770.29,445,392,53,2010,2010,1.17243736
IL-517,"Aurora, Elgin/Kane County CoC",2011,998.21,772.21,444,401,43,2011,2010,1.13656147
IL-517,"Aurora, Elgin/Kane County CoC",2012,992.68,769.24,431,388,43,2012,2010,1.11351777
IL-517,"Aurora, Elgin/Kane County CoC",2013,997.84,776.18,451,405,46,2013,2010,1.09744288
IL-517,"Aurora, Elgin/Kane County CoC",2014,1013.8,777.32,405,359,46,2014,2010,1.07992447
IL-517,"Aurora, Elgin/Kane County CoC",2015,1025.36,781.86,388,374,14,2015,2010,1.07864415
IL-517,"Aurora, Elgin/Kane County CoC",2016,1031.27,789.4,355,341,14,2016,2010,1.06520643
IL-517,"Aurora, Elgin/Kane County CoC",2017,1044.75,794.17,360,335,25,2017,2010,1.04298711
IL-517,"Aurora, Elgin/Kane County CoC",2018,1064.24,798.03,430,405,25,2018,2010,1.01811977
IL-517,"Aurora, Elgin/Kane County CoC",2019,1058.87,806.13,388,343,45,2019,2010,1.0
IL-518,"Rock Island, Moline/Northwestern Illinois CoC",2010,529.5,396.83,392,385,7,2010,2010,1.17243736
IL-518,"Rock Island, Moline/Northwestern Illinois CoC",2011,528.77,398.72,313,285,28,2011,2010,1.13656147
IL-518,"Rock Island, Moline/Northwestern Illinois CoC",2012,537.01,400.96,263,235,28,2012,2010,1.11351777
IL-518,"Rock Island, Moline/Northwestern Illinois CoC",2013,541.37,402.71,219,218,1,2013,2010,1.09744288
IL-518,"Rock Island, Moline/Northwestern Illinois CoC",2014,539.88,401.87,218,217,1,2014,2010,1.07992447
IL-518,"Rock Island, Moline/Northwestern Illinois CoC",2015,544.31,405.71,254,238,16,2015,2010,1.07864415
IL-518,"Rock Island, Moline/Northwestern Illinois CoC",2016,544.02,404.18,340,301,39,2016,2010,1.06520643
IL-518,"Rock Island, Moline/Northwestern Illinois CoC",2017,546.87,405.72,243,234,9,2017,2010,1.04298711
IL-518,"Rock Island, Moline/Northwestern Illinois CoC",2018,551.69,407.8,198,182,16,2018,2010,1.01811977
IL-518,"Rock Island, Moline/Northwestern Illinois CoC",2019,559.37,414.2,211,195,16,2019,2010,1.0
IL-519,West Central Illinois CoC,2010,472.77,332.66,172,172,0,2010,2010,1.17243736
IL-519,West Central Illinois CoC,2011,483.69,342.15,160,137,23,2011,2010,1.13656147
IL-519,West Central Illinois CoC,2012,486.97,337.4,172,149,23,2012,2010,1.11351777
IL-519,West Central Illinois CoC,2013,494.4,347.3,133,128,5,2013,2010,1.09744288
IL-519,West Central Illinois CoC,2014,493.02,345.57,145,140,5,2014,2010,1.07992447
IL-519,West Central Illinois CoC,2015,485.98,342.23,100,98,2,2015,2010,1.07864415
IL-519,West Central Illinois CoC,2016,498.78,344.18,102,102,0,2016,2010,1.06520643
IL-519,West Central Illinois CoC,2017,500.54,349.9,80,80,0,2017,2010,1.04298711
IL-519,West Central Illinois CoC,2018,505.25,350.3,67,67,0,2018,2010,1.01811977
IL-519,West Central Illinois CoC,2019,515.77,366.67,68,66,2,2019,2010,1.0
IL-520,Southern Illinois CoC,2010,458.81,314.44,291,248,43,2010,2010,1.17243736
IL-520,Southern Illinois CoC,2011,472.57,320.41,387,286,101,2011,2010,1.13656147
IL-520,Southern Illinois CoC,2012,478.24,328.9,411,341,70,2012,2010,1.11351777
IL-520,Southern Illinois CoC,2013,482.49,332.36,338,263,75,2013,2010,1.09744288
IL-520,Southern Illinois CoC,2014,482.5,331.84,325,279,46,2014,2010,1.07992447
IL-520,Southern Illinois CoC,2015,490.63,339.93,346,316,30,2015,2010,1.07864415
IL-520,Southern Illinois CoC,2016,487.08,341.03,351,332,19,2016,2010,1.06520643
IL-520,Southern Illinois CoC,2017,489.95,342.43,435,298,137,2017,2010,1.04298711
IL-520,Southern Illinois CoC,2018,493.1,340.89,282,234,48,2018,2010,1.01811977
IL-520,Southern Illinois CoC,2019,498.16,346.68,294,239,55,2019,2010,1.0
IN-502,Indiana Balance of State CoC,2010,635.0,475.97,4958,3872,1086,2010,2010,1.17243736
IN-502,Indiana Balance of State CoC,2011,634.93,472.39,4609,4077,532,2011,2010,1.13656147
IN-502,Indiana Balance of State CoC,2012,635.76,472.83,4612,3896,716,2012,2010,1.11351777
IN-502,Indiana Balance of State CoC,2013,637.59,472.28,4497,3917,580,2013,2010,1.09744288
IN-502,Indiana Balance of State CoC,2014,635.6,469.86,4081,3752,329,2014,2010,1.07992447
IN-502,Indiana Balance of State CoC,2015,642.11,472.69,4197,3725,472,2015,2010,1.07864415
IN-502,Indiana Balance of State CoC,2016,643.18,474.38,4179,3618,561,2016,2010,1.06520643
IN-502,Indiana Balance of State CoC,2017,646.87,476.85,3655,3212,443,2017,2010,1.04298711
IN-502,Indiana Balance of State CoC,2018,651.62,482.18,3576,3133,443,2018,2010,1.01811977
IN-502,Indiana Balance of State CoC,2019,657.55,484.3,3904,3367,537,2019,2010,1.0
IN-503,Indianapolis CoC,2010,699.37,555.71,1494,1361,133,2010,2010,1.17243736
IN-503,Indianapolis CoC,2011,696.01,552.73,1587,1473,114,2011,2010,1.13656147
IN-503,Indianapolis CoC,2012,699.21,557.05,1647,1474,173,2012,2010,1.11351777
IN-503,Indianapolis CoC,2013,707.01,559.14,1599,1479,120,2013,2010,1.09744288
IN-503,Indianapolis CoC,2014,703.17,556.12,1890,1816,74,2014,2010,1.07992447
IN-503,Indianapolis CoC,2015,708.29,557.04,1666,1555,111,2015,2010,1.07864415
IN-503,Indianapolis CoC,2016,713.3,561.12,1619,1489,130,2016,2010,1.06520643
IN-503,Indianapolis CoC,2017,721.0,565.99,1783,1657,126,2017,2010,1.04298711
IN-503,Indianapolis CoC,2018,725.93,570.69,1682,1546,136,2018,2010,1.01811977
IN-503,Indianapolis CoC,2019,741.67,582.14,1567,1462,105,2019,2010,1.0
KS-502,Wichita/Sedgwick County CoC,2010,592.98,445.27,384,352,32,2010,2010,1.17243736
KS-502,Wichita/Sedgwick County CoC,2011,592.58,443.53,634,526,108,2011,2010,1.13656147
KS-502,Wichita/Sedgwick County CoC,2012,605.33,449.22,550,475,75,2012,2010,1.11351777
KS-502,Wichita/Sedgwick County CoC,2013,613.88,457.41,538,467,71,2013,2010,1.09744288
KS-502,Wichita/Sedgwick County CoC,2014,617.16,459.44,631,548,83,2014,2010,1.07992447
KS-502,Wichita/Sedgwick County CoC,2015,629.82,463.9,561,462,99,2015,2010,1.07864415
KS-502,Wichita/Sedgwick County CoC,2016,637.52,469.75,571,492,79,2016,2010,1.06520643
KS-502,Wichita/Sedgwick County CoC,2017,642.1,477.16,575,464,111,2017,2010,1.04298711
KS-502,Wichita/Sedgwick County CoC,2018,644.83,479.0,573,515,58,2018,2010,1.01811977
KS-502,Wichita/Sedgwick County CoC,2019,650.64,483.74,593,536,57,2019,2010,1.0
KS-503,Topeka/Shawnee County CoC,2010,606.87,459.64,356,337,19,2010,2010,1.17243736
KS-503,Topeka/Shawnee County CoC,2011,602.81,459.47,336,315,21,2011,2010,1.13656147
KS-503,Topeka/Shawnee County CoC,2012,617.07,471.06,577,527,50,2012,2010,1.11351777
KS-503,Topeka/Shawnee County CoC,2013,620.83,467.5,439,416,23,2013,2010,1.09744288
KS-503,Topeka/Shawnee County CoC,2014,627.24,473.22,416,385,31,2014,2010,1.07992447
KS-503,Topeka/Shawnee County CoC,2015,634.58,472.61,405,372,33,2015,2010,1.07864415
KS-503,Topeka/Shawnee County CoC,2016,633.98,476.99,381,334,47,2016,2010,1.06520643
KS-503,Topeka/Shawnee County CoC,2017,637.1,472.5,356,322,34,2017,2010,1.04298711
KS-503,Topeka/Shawnee County CoC,2018,645.45,489.21,408,347,61,2018,2010,1.01811977
KS-503,Topeka/Shawnee County CoC,2019,651.4,496.14,441,373,68,2019,2010,1.0
KS-505,"Overland Park, Shawnee/Johnson County CoC",2010,883.09,707.04,210,166,44,2010,2010,1.17243736
KS-505,"Overland Park, Shawnee/Johnson County CoC",2011,878.3,701.05,315,247,68,2011,2010,1.13656147
KS-505,"Overland Park, Shawnee/Johnson County CoC",2012,879.78,696.56,288,220,68,2012,2010,1.11351777
KS-505,"Overland Park, Shawnee/Johnson County CoC",2013,883.89,699.03,213,196,17,2013,2010,1.09744288
KS-505,"Overland Park, Shawnee/Johnson County CoC",2014,876.87,693.03,167,160,7,2014,2010,1.07992447
KS-505,"Overland Park, Shawnee/Johnson County CoC",2015,893.2,700.08,174,151,23,2015,2010,1.07864415
KS-505,"Overland Park, Shawnee/Johnson County CoC",2016,903.07,713.38,153,143,10,2016,2010,1.06520643
KS-505,"Overland Park, Shawnee/Johnson County CoC",2017,915.5,730.09,130,113,17,2017,2010,1.04298711
KS-505,"Overland Park, Shawnee/Johnson County CoC",2018,939.61,738.83,168,130,38,2018,2010,1.01811977
KS-505,"Overland Park, Shawnee/Johnson County CoC",2019,964.7,757.84,189,150,39,2019,2010,1.0
KS-507,Kansas Balance of State CoC,2010,559.76,377.43,859,800,59,2010,2010,1.17243736
KS-507,Kansas Balance of State CoC,2011,565.81,383.01,1023,962,61,2011,2010,1.13656147
KS-507,Kansas Balance of State CoC,2012,571.44,384.42,1043,982,61,2012,2010,1.11351777
KS-507,Kansas Balance of State CoC,2013,582.23,392.76,1141,1059,82,2013,2010,1.09744288
KS-507,Kansas Balance of State CoC,2014,581.61,393.36,1307,1225,82,2014,2010,1.07992447
KS-507,Kansas Balance of State CoC,2015,591.5,399.8,1208,1093,115,2015,2010,1.07864415
KS-507,Kansas Balance of State CoC,2016,600.57,406.86,903,807,96,2016,2010,1.06520643
KS-507,Kansas Balance of State CoC,2017,604.32,411.72,1037,895,142,2017,2010,1.04298711
KS-507,Kansas Balance of State CoC,2018,604.37,415.54,918,757,161,2018,2010,1.01811977
KS-507,Kansas Balance of State CoC,2019,608.45,421.84,1056,822,234,2019,2010,1.0
KY-500,Kentucky Balance of State CoC,2010,514.11,357.58,3446,2704,742,2010,2010,1.17243736
KY-500,Kentucky Balance of State CoC,2011,513.58,358.26,2834,2133,701,2011,2010,1.13656147
KY-500,Kentucky Balance of State CoC,2012,518.32,359.92,2328,1627,701,2012,2010,1.11351777
KY-500,Kentucky Balance of State CoC,2013,528.12,366.8,2392,1792,600,2013,2010,1.09744288
KY-500,Kentucky Balance of State CoC,2014,527.79,370.91,2229,1559,670,2014,2010,1.07992447
KY-500,Kentucky Balance of State CoC,2015,533.67,377.35,2119,1497,622,2015,2010,1.07864415
KY-500,Kentucky Balance of State CoC,2016,539.6,380.16,2057,1484,573,2016,2010,1.06520643
KY-500,Kentucky Balance of State CoC,2017,541.64,380.5,1940,1415,525,2017,2010,1.04298711
KY-500,Kentucky Balance of State CoC,2018,546.26,382.06,2077,1385,692,2018,2010,1.01811977
KY-500,Kentucky Balance of State CoC,2019,552.52,391.61,2221,1571,650,2019,2010,1.0
KY-501,Louisville-Jefferson County CoC,2010,645.86,495.57,1626,1460,166,2010,2010,1.17243736
KY-501,Louisville-Jefferson County CoC,2011,640.75,489.66,1628,1536,92,2011,2010,1.13656147
KY-501,Louisville-Jefferson County CoC,2012,646.64,492.9,1532,1380,152,2012,2010,1.11351777
KY-501,Louisville-Jefferson County CoC,2013,650.89,498.11,1445,1382,63,2013,2010,1.09744288
KY-501,Louisville-Jefferson County CoC,2014,654.39,496.97,1316,1246,70,2014,2010,1.07992447
KY-501,Louisville-Jefferson County CoC,2015,669.05,510.96,1161,1080,81,2015,2010,1.07864415
KY-501,Louisville-Jefferson County CoC,2016,681.96,522.03,1116,1004,112,2016,2010,1.06520643
KY-501,Louisville-Jefferson County CoC,2017,693.08,529.95,1034,883,151,2017,2010,1.04298711
KY-501,Louisville-Jefferson County CoC,2018,703.01,531.96,926,773,153,2018,2010,1.01811977
KY-501,Louisville-Jefferson County CoC,2019,717.94,542.38,1071,953,118,2019,2010,1.0
KY-502,Lexington-Fayette County CoC,2010,701.87,532.9,1551,1435,116,2010,2010,1.17243736
KY-502,Lexington-Fayette County CoC,2011,703.66,533.26,1572,1514,58,2011,2010,1.13656147
KY-502,Lexington-Fayette County CoC,2012,705.0,535.5,1370,1312,58,2012,2010,1.11351777
KY-502,Lexington-Fayette County CoC,2013,710.95,540.92,1408,1317,91,2013,2010,1.09744288
KY-502,Lexington-Fayette County CoC,2014,701.7,537.66,1544,1453,91,2014,2010,1.07992447
KY-502,Lexington-Fayette County CoC,2015,710.83,544.15,1258,1219,39,2015,2010,1.07864415
KY-502,Lexington-Fayette County CoC,2016,714.34,551.14,1064,1043,21,2016,2010,1.06520643
KY-502,Lexington-Fayette County CoC,2017,722.72,554.14,1051,1000,51,2017,2010,1.04298711
KY-502,Lexington-Fayette County CoC,2018,734.81,562.05,685,662,23,2018,2010,1.01811977
KY-502,Lexington-Fayette County CoC,2019,761.21,582.13,787,776,11,2019,2010,1.0
LA-500,Lafayette/Acadiana Regional CoC,2010,511.57,324.13,731,538,193,2010,2010,1.17243736
LA-500,Lafayette/Acadiana Regional CoC,2011,529.09,328.77,577,485,92,2011,2010,1.13656147
LA-500,Lafayette/Acadiana Regional CoC,2012,537.19,335.9,518,439,79,2012,2010,1.11351777
LA-500,Lafayette/Acadiana Regional CoC,2013,552.11,344.45,542,433,109,2013,2010,1.09744288
LA-500,Lafayette/Acadiana Regional CoC,2014,558.19,349.13,471,441,30,2014,2010,1.07992447
LA-500,Lafayette/Acadiana Regional CoC,2015,572.26,359.58,493,373,120,2015,2010,1.07864415
LA-500,Lafayette/Acadiana Regional CoC,2016,583.14,366.06,463,350,113,2016,2010,1.06520643
LA-500,Lafayette/Acadiana Regional CoC,2017,589.85,379.27,357,261,96,2017,2010,1.04298711
LA-500,Lafayette/Acadiana Regional CoC,2018,595.54,388.64,363,190,173,2018,2010,1.01811977
LA-500,Lafayette/Acadiana Regional CoC,2019,604.89,404.6,360,205,155,2019,2010,1.0
LA-502,"Shreveport, Bossier/Northwest Louisiana CoC",2010,587.13,383.7,830,739,91,2010,2010,1.17243736
LA-502,"Shreveport, Bossier/Northwest Louisiana CoC",2011,609.87,397.68,733,577,156,2011,2010,1.13656147
LA-502,"Shreveport, Bossier/Northwest Louisiana CoC",2012,618.47,413.73,804,626,178,2012,2010,1.11351777
LA-502,"Shreveport, Bossier/Northwest Louisiana CoC",2013,630.66,426.52,692,513,179,2013,2010,1.09744288
LA-502,"Shreveport, Bossier/Northwest Louisiana CoC",2014,640.84,429.38,655,529,126,2014,2010,1.07992447
LA-502,"Shreveport, Bossier/Northwest Louisiana CoC",2015,644.88,438.5,390,310,80,2015,2010,1.07864415
LA-502,"Shreveport, Bossier/Northwest Louisiana CoC",2016,653.25,439.0,478,413,65,2016,2010,1.06520643
LA-502,"Shreveport, Bossier/Northwest Louisiana CoC",2017,656.44,442.26,349,302,47,2017,2010,1.04298711
LA-502,"Shreveport, Bossier/Northwest Louisiana CoC",2018,655.41,449.88,375,331,44,2018,2010,1.01811977
LA-502,"Shreveport, Bossier/Northwest Louisiana CoC",2019,655.78,455.97,292,232,60,2019,2010,1.0
LA-503,New Orleans/Jefferson Parish CoC,2010,869.44,656.38,8725,1340,7385,2010,2010,1.17243736
LA-503,New Orleans/Jefferson Parish CoC,2011,863.64,663.19,6687,1313,5374,2011,2010,1.13656147
LA-503,New Orleans/Jefferson Parish CoC,2012,859.3,661.23,4903,1464,3439,2012,2010,1.11351777
LA-503,New Orleans/Jefferson Parish CoC,2013,855.96,654.12,2337,1298,1039,2013,2010,1.09744288
LA-503,New Orleans/Jefferson Parish CoC,2014,843.22,646.76,1981,1163,818,2014,2010,1.07992447
LA-503,New Orleans/Jefferson Parish CoC,2015,843.25,652.16,1703,914,789,2015,2010,1.07864415
LA-503,New Orleans/Jefferson Parish CoC,2016,844.95,650.48,1626,909,717,2016,2010,1.06520643
LA-503,New Orleans/Jefferson Parish CoC,2017,849.96,647.64,1301,776,525,2017,2010,1.04298711
LA-503,New Orleans/Jefferson Parish CoC,2018,850.78,646.95,1188,594,594,2018,2010,1.01811977
LA-503,New Orleans/Jefferson Parish CoC,2019,854.58,652.38,1179,749,430,2019,2010,1.0
LA-505,Monroe/Northeast Louisiana CoC,2010,471.57,315.39,228,187,41,2010,2010,1.17243736
LA-505,Monroe/Northeast Louisiana CoC,2011,477.17,320.36,227,197,30,2011,2010,1.13656147
LA-505,Monroe/Northeast Louisiana CoC,2012,477.42,318.52,257,198,59,2012,2010,1.11351777
LA-505,Monroe/Northeast Louisiana CoC,2013,477.38,326.37,200,172,28,2013,2010,1.09744288
LA-505,Monroe/Northeast Louisiana CoC,2014,480.98,329.64,220,182,38,2014,2010,1.07992447
LA-505,Monroe/Northeast Louisiana CoC,2015,484.12,327.5,191,170,21,2015,2010,1.07864415
LA-505,Monroe/Northeast Louisiana CoC,2016,484.92,326.01,188,175,13,2016,2010,1.06520643
LA-505,Monroe/Northeast Louisiana CoC,2017,501.55,333.75,185,160,25,2017,2010,1.04298711
LA-505,Monroe/Northeast Louisiana CoC,2018,509.99,336.44,187,179,8,2018,2010,1.01811977
LA-505,Monroe/Northeast Louisiana CoC,2019,521.81,336.01,188,171,17,2019,2010,1.0
LA-506,Slidell/Southeast Louisiana CoC,2010,728.21,476.06,357,195,162,2010,2010,1.17243736
LA-506,Slidell/Southeast Louisiana CoC,2011,736.06,480.77,281,241,40,2011,2010,1.13656147
LA-506,Slidell/Southeast Louisiana CoC,2012,746.85,496.23,276,237,39,2012,2010,1.11351777
LA-506,Slidell/Southeast Louisiana CoC,2013,745.92,501.02,276,241,35,2013,2010,1.09744288
LA-506,Slidell/Southeast Louisiana CoC,2014,744.2,504.05,262,219,43,2014,2010,1.07992447
LA-506,Slidell/Southeast Louisiana CoC,2015,743.42,516.2,243,193,50,2015,2010,1.07864415
LA-506,Slidell/Southeast Louisiana CoC,2016,743.95,516.59,275,215,60,2016,2010,1.06520643
LA-506,Slidell/Southeast Louisiana CoC,2017,739.06,521.42,248,159,89,2017,2010,1.04298711
LA-506,Slidell/Southeast Louisiana CoC,2018,740.4,526.98,194,135,59,2018,2010,1.01811977
LA-506,Slidell/Southeast Louisiana CoC,2019,767.15,534.18,215,139,76,2019,2010,1.0
LA-507,Alexandria/Central Louisiana CoC,2010,524.37,329.89,151,104,47,2010,2010,1.17243736
LA-507,Alexandria/Central Louisiana CoC,2011,528.07,331.09,208,173,35,2011,2010,1.13656147
LA-507,Alexandria/Central Louisiana CoC,2012,538.7,346.18,188,173,15,2012,2010,1.11351777
LA-507,Alexandria/Central Louisiana CoC,2013,550.71,354.95,118,87,31,2013,2010,1.09744288
LA-507,Alexandria/Central Louisiana CoC,2014,559.62,363.9,141,128,13,2014,2010,1.07992447
LA-507,Alexandria/Central Louisiana CoC,2015,580.8,372.09,154,130,24,2015,2010,1.07864415
LA-507,Alexandria/Central Louisiana CoC,2016,592.16,376.44,167,113,54,2016,2010,1.06520643
LA-507,Alexandria/Central Louisiana CoC,2017,598.4,381.41,159,98,61,2017,2010,1.04298711
LA-507,Alexandria/Central Louisiana CoC,2018,616.52,399.28,177,124,53,2018,2010,1.01811977
LA-507,Alexandria/Central Louisiana CoC,2019,614.56,405.02,114,95,19,2019,2010,1.0
LA-509,Louisiana Balance of State CoC,2010,644.48,443.9,1460,993,467,2010,2010,1.17243736
LA-509,Louisiana Balance of State CoC,2011,665.66,459.57,578,419,159,2011,2010,1.13656147
LA-509,Louisiana Balance of State CoC,2012,681.07,473.46,826,670,156,2012,2010,1.11351777
LA-509,Louisiana Balance of State CoC,2013,694.98,484.52,1061,907,154,2013,2010,1.09744288
LA-509,Louisiana Balance of State CoC,2014,696.5,493.15,876,841,35,2014,2010,1.07992447
LA-509,Louisiana Balance of State CoC,2015,712.64,502.7,907,800,107,2015,2010,1.07864415
LA-509,Louisiana Balance of State CoC,2016,714.46,514.06,797,678,119,2016,2010,1.06520643
LA-509,Louisiana Balance of State CoC,2017,721.88,522.09,706,574,132,2017,2010,1.04298711
LA-509,Louisiana Balance of State CoC,2018,724.83,520.96,575,441,134,2018,2010,1.01811977
LA-509,Louisiana Balance of State CoC,2019,730.29,517.95,593,376,217,2019,2010,1.0
MA-500,Boston CoC,2010,1256.06,706.93,5139,4884,255,2010,2010,1.17243736
MA-500,Boston CoC,2011,1255.23,707.18,5476,5294,182,2011,2010,1.13656147
MA-500,Boston CoC,2012,1272.34,704.52,5607,5426,181,2012,2010,1.11351777
MA-500,Boston CoC,2013,1281.86,699.72,5881,5688,193,2013,2010,1.09744288
MA-500,Boston CoC,2014,1287.38,674.33,5987,5807,180,2014,2010,1.07992447
MA-500,Boston CoC,2015,1320.03,675.18,6492,6353,139,2015,2010,1.07864415
MA-500,Boston CoC,2016,1342.27,667.95,6240,6073,167,2016,2010,1.06520643
MA-500,Boston CoC,2017,1365.79,672.49,6135,5949,186,2017,2010,1.04298711
MA-500,Boston CoC,2018,1418.07,696.23,6188,6025,163,2018,2010,1.01811977
MA-500,Boston CoC,2019,1486.91,746.8,6242,6121,121,2019,2010,1.0
MA-502,Lynn CoC,2010,923.55,586.58,464,439,25,2010,2010,1.17243736
MA-502,Lynn CoC,2011,913.45,573.9,531,502,29,2011,2010,1.13656147
MA-502,Lynn CoC,2012,894.78,566.2,414,400,14,2012,2010,1.11351777
MA-502,Lynn CoC,2013,892.09,563.03,468,453,15,2013,2010,1.09744288
MA-502,Lynn CoC,2014,880.46,556.16,382,372,10,2014,2010,1.07992447
MA-502,Lynn CoC,2015,918.24,564.24,445,428,17,2015,2010,1.07864415
MA-502,Lynn CoC,2016,933.18,607.13,541,537,4,2016,2010,1.06520643
MA-502,Lynn CoC,2017,954.06,632.87,582,531,51,2017,2010,1.04298711
MA-502,Lynn CoC,2018,966.86,626.08,1061,1019,42,2018,2010,1.01811977
MA-502,Lynn CoC,2019,1024.27,645.29,1035,1030,5,2019,2010,1.0
MA-503,Cape Cod Islands CoC,2010,1120.64,799.99,504,313,191,2010,2010,1.17243736
MA-503,Cape Cod Islands CoC,2011,1123.87,790.29,480,353,127,2011,2010,1.13656147
MA-503,Cape Cod Islands CoC,2012,1116.97,779.11,364,316,48,2012,2010,1.11351777
MA-503,Cape Cod Islands CoC,2013,1112.27,770.78,514,321,193,2013,2010,1.09744288
MA-503,Cape Cod Islands CoC,2014,1119.2,748.03,381,295,86,2014,2010,1.07992447
MA-503,Cape Cod Islands CoC,2015,1098.46,732.92,362,315,47,2015,2010,1.07864415
MA-503,Cape Cod Islands CoC,2016,1108.61,785.98,394,327,67,2016,2010,1.06520643
MA-503,Cape Cod Islands CoC,2017,1134.9,814.13,324,285,39,2017,2010,1.04298711
MA-503,Cape Cod Islands CoC,2018,1165.82,823.58,358,319,39,2018,2010,1.01811977
MA-503,Cape Cod Islands CoC,2019,1193.63,854.89,371,333,38,2019,2010,1.0
MA-504,Springfield/Hampden County CoC,2010,711.54,478.52,886,876,10,2010,2010,1.17243736
MA-504,Springfield/Hampden County CoC,2011,724.16,479.7,1025,1020,5,2011,2010,1.13656147
MA-504,Springfield/Hampden County CoC,2012,719.98,463.88,2444,2409,35,2012,2010,1.11351777
MA-504,Springfield/Hampden County CoC,2013,731.17,465.93,2117,2072,45,2013,2010,1.09744288
MA-504,Springfield/Hampden County CoC,2014,741.53,469.53,2690,2655,35,2014,2010,1.07992447
MA-504,Springfield/Hampden County CoC,2015,757.79,486.71,3002,2992,10,2015,2010,1.07864415
MA-504,Springfield/Hampden County CoC,2016,754.42,498.34,2385,2350,35,2016,2010,1.06520643
MA-504,Springfield/Hampden County CoC,2017,758.52,497.93,2311,2258,53,2017,2010,1.04298711
MA-504,Springfield/Hampden County CoC,2018,757.45,488.72,3368,3324,44,2018,2010,1.01811977
MA-504,Springfield/Hampden County CoC,2019,760.95,478.07,2443,2401,42,2019,2010,1.0
MA-505,"New Bedford, Attleboro, Taunton/Bristol County CoC",2010,846.05,590.72,548,476,72,2010,2010,1.17243736
MA-505,"New Bedford, Attleboro, Taunton/Bristol County CoC",2011,845.64,595.11,575,531,44,2011,2010,1.13656147
MA-505,"New Bedford, Attleboro, Taunton/Bristol County CoC",2012,833.16,594.02,623,577,46,2012,2010,1.11351777
MA-505,"New Bedford, Attleboro, Taunton/Bristol County CoC",2013,831.99,589.95,588,539,49,2013,2010,1.09744288
MA-505,"New Bedford, Attleboro, Taunton/Bristol County CoC",2014,827.15,586.5,571,541,30,2014,2010,1.07992447
MA-505,"New Bedford, Attleboro, Taunton/Bristol County CoC",2015,839.13,592.06,677,586,91,2015,2010,1.07864415
MA-505,"New Bedford, Attleboro, Taunton/Bristol County CoC",2016,841.06,583.56,712,630,82,2016,2010,1.06520643
MA-505,"New Bedford, Attleboro, Taunton/Bristol County CoC",2017,847.82,596.86,586,501,85,2017,2010,1.04298711
MA-505,"New Bedford, Attleboro, Taunton/Bristol County CoC",2018,844.41,577.35,617,526,91,2018,2010,1.01811977
MA-505,"New Bedford, Attleboro, Taunton/Bristol County CoC",2019,869.71,601.93,689,602,87,2019,2010,1.0
MA-506,Worcester City & County CoC,2010,874.9,615.68,1409,1354,55,2010,2010,1.17243736
MA-506,Worcester City & County CoC,2011,871.58,614.44,1315,1264,51,2011,2010,1.13656147
MA-506,Worcester City & County CoC,2012,871.31,617.98,1572,1499,73,2012,2010,1.11351777
MA-506,Worcester City & County CoC,2013,876.42,625.21,1657,1602,55,2013,2010,1.09744288
MA-506,Worcester City & County CoC,2014,877.29,627.78,1796,1747,49,2014,2010,1.07992447
MA-506,Worcester City & County CoC,2015,885.51,641.73,1682,1606,76,2015,2010,1.07864415
MA-506,Worcester City & County CoC,2016,895.46,653.73,1572,1506,66,2016,2010,1.06520643
MA-506,Worcester City & County CoC,2017,908.78,656.56,1507,1371,136,2017,2010,1.04298711
MA-506,Worcester City & County CoC,2018,921.86,655.9,1852,1682,170,2018,2010,1.01811977
MA-506,Worcester City & County CoC,2019,933.14,652.26,1593,1424,169,2019,2010,1.0
MA-507,"Pittsfield/Berkshire, Franklin, Hampshire Counties CoC",2010,798.43,563.2,280,193,87,2010,2010,1.17243736
MA-507,"Pittsfield/Berkshire, Franklin, Hampshire Counties CoC",2011,805.74,571.07,192,170,22,2011,2010,1.13656147
MA-507,"Pittsfield/Berkshire, Franklin, Hampshire Counties CoC",2012,808.69,572.4,717,658,59,2012,2010,1.11351777
MA-507,"Pittsfield/Berkshire, Franklin, Hampshire Counties CoC",2013,821.8,572.84,678,638,40,2013,2010,1.09744288
MA-507,"Pittsfield/Berkshire, Franklin, Hampshire Counties CoC",2014,811.78,556.33,753,724,29,2014,2010,1.07992447
MA-507,"Pittsfield/Berkshire, Franklin, Hampshire Counties CoC",2015,827.84,569.71,781,762,19,2015,2010,1.07864415
MA-507,"Pittsfield/Berkshire, Franklin, Hampshire Counties CoC",2016,839.83,577.25,653,625,28,2016,2010,1.06520643
MA-507,"Pittsfield/Berkshire, Franklin, Hampshire Counties CoC",2017,860.31,586.3,557,502,55,2017,2010,1.04298711
MA-507,"Pittsfield/Berkshire, Franklin, Hampshire Counties CoC",2018,869.49,605.23,651,597,54,2018,2010,1.01811977
MA-507,"Pittsfield/Berkshire, Franklin, Hampshire Counties CoC",2019,880.19,624.81,546,512,34,2019,2010,1.0
MA-509,Cambridge CoC,2010,1575.13,1057.83,559,489,70,2010,2010,1.17243736
MA-509,Cambridge CoC,2011,1621.88,1100.4,471,419,52,2011,2010,1.13656147
MA-509,Cambridge CoC,2012,1640.19,1127.3,485,413,72,2012,2010,1.11351777
MA-509,Cambridge CoC,2013,1654.95,1149.64,535,466,69,2013,2010,1.09744288
MA-509,Cambridge CoC,2014,1690.28,1148.2,551,504,47,2014,2010,1.07992447
MA-509,Cambridge CoC,2015,1716.18,1162.38,464,432,32,2015,2010,1.07864415
MA-509,Cambridge CoC,2016,1742.39,1140.17,517,448,69,2016,2010,1.06520643
MA-509,Cambridge CoC,2017,1839.41,1180.46,530,463,67,2017,2010,1.04298711
MA-509,Cambridge CoC,2018,1951.94,1258.2,561,482,79,2018,2010,1.01811977
MA-509,Cambridge CoC,2019,2123.23,1391.34,555,497,58,2019,2010,1.0
MA-511,"Quincy, Brockton, Weymouth, Plymouth City and County CoC",2010,1112.61,806.89,1186,1155,31,2010,2010,1.17243736
MA-511,"Quincy, Brockton, Weymouth, Plymouth City and County CoC",2011,1125.09,817.84,1468,1450,18,2011,2010,1.13656147
MA-511,"Quincy, Brockton, Weymouth, Plymouth City and County CoC",2012,1119.8,810.56,1424,1364,60,2012,2010,1.11351777
MA-511,"Quincy, Brockton, Weymouth, Plymouth City and County CoC",2013,1127.03,829.55,1690,1641,49,2013,2010,1.09744288
MA-511,"Quincy, Brockton, Weymouth, Plymouth City and County CoC",2014,1122.55,817.49,1643,1603,40,2014,2010,1.07992447
MA-511,"Quincy, Brockton, Weymouth, Plymouth City and County CoC",2015,1139.1,802.34,1803,1775,28,2015,2010,1.07864415
MA-511,"Quincy, Brockton, Weymouth, Plymouth City and County CoC",2016,1149.47,777.71,1692,1654,38,2016,2010,1.06520643
MA-511,"Quincy, Brockton, Weymouth, Plymouth City and County CoC",2017,1186.29,798.46,1109,1059,50,2017,2010,1.04298711
MA-511,"Quincy, Brockton, Weymouth, Plymouth City and County CoC",2018,1209.26,821.28,1090,1068,22,2018,2010,1.01811977
MA-511,"Quincy, Brockton, Weymouth, Plymouth City and County CoC",2019,1225.62,822.12,1088,1075,13,2019,2010,1.0
MA-515,Fall River CoC,2010,640.48,427.38,253,238,15,2010,2010,1.17243736
MA-515,Fall River CoC,2011,641.08,455.64,288,277,11,2011,2010,1.13656147
MA-515,Fall River CoC,2012,646.99,459.47,307,285,22,2012,2010,1.11351777
MA-515,Fall River CoC,2013,659.09,476.4,235,220,15,2013,2010,1.09744288
MA-515,Fall River CoC,2014,658.05,480.66,354,276,78,2014,2010,1.07992447
MA-515,Fall River CoC,2015,672.58,495.81,406,406,0,2015,2010,1.07864415
MA-515,Fall River CoC,2016,676.02,499.75,386,379,7,2016,2010,1.06520643
MA-515,Fall River CoC,2017,678.35,505.11,297,278,19,2017,2010,1.04298711
MA-515,Fall River CoC,2018,682.84,509.72,377,345,32,2018,2010,1.01811977
MA-515,Fall River CoC,2019,688.05,503.87,320,316,4,2019,2010,1.0
MA-516,Massachusetts Balance of State CoC,2010,1217.73,824.66,3537,3365,172,2010,2010,1.17243736
MA-516,Massachusetts Balance of State CoC,2011,1205.86,815.36,3302,3177,125,2011,2010,1.13656147
MA-516,Massachusetts Balance of State CoC,2012,1210.66,812.86,3544,3432,112,2012,2010,1.11351777
MA-516,Massachusetts Balance of State CoC,2013,1219.8,828.85,4666,4539,127,2013,2010,1.09744288
MA-516,Massachusetts Balance of State CoC,2014,1230.89,838.59,6129,5954,175,2014,2010,1.07992447
MA-516,Massachusetts Balance of State CoC,2015,1253.57,849.5,5021,4887,134,2015,2010,1.07864415
MA-516,Massachusetts Balance of State CoC,2016,1278.03,862.02,4516,4319,197,2016,2010,1.06520643
MA-516,Massachusetts Balance of State CoC,2017,1311.18,870.41,3627,3377,250,2017,2010,1.04298711
MA-516,Massachusetts Balance of State CoC,2018,1346.25,883.13,3945,3696,249,2018,2010,1.01811977
MA-516,Massachusetts Balance of State CoC,2019,1392.99,902.36,3589,3331,258,2019,2010,1.0
MD-501,Baltimore CoC,2010,799.58,532.54,3419,2191,1228,2010,2010,1.17243736
MD-501,Baltimore CoC,2011,801.23,544.54,4094,2299,1795,2011,2010,1.13656147
MD-501,Baltimore CoC,2012,809.91,557.55,3854,2059,1795,2012,2010,1.11351777
MD-501,Baltimore CoC,2013,818.86,560.99,2638,2343,295,2013,2010,1.09744288
MD-501,Baltimore CoC,2014,830.93,568.3,2567,2272,295,2014,2010,1.07992447
MD-501,Baltimore CoC,2015,851.52,582.11,2796,2459,337,2015,2010,1.07864415
MD-501,Baltimore CoC,2016,873.11,592.44,2725,2388,337,2016,2010,1.06520643
MD-501,Baltimore CoC,2017,885.19,599.22,2669,2123,546,2017,2010,1.04298711
MD-501,Baltimore CoC,2018,898.86,607.14,2508,1962,546,2018,2010,1.01811977
MD-501,Baltimore CoC,2019,912.0,609.93,2294,1914,380,2019,2010,1.0
MD-503,Annapolis/Anne Arundel County CoC,2010,1358.9,1005.2,395,266,129,2010,2010,1.17243736
MD-503,Annapolis/Anne Arundel County CoC,2011,1380.12,1003.08,382,312,70,2011,2010,1.13656147
MD-503,Annapolis/Anne Arundel County CoC,2012,1381.73,1006.31,373,311,62,2012,2010,1.11351777
MD-503,Annapolis/Anne Arundel County CoC,2013,1406.79,1030.14,400,315,85,2013,2010,1.09744288
MD-503,Annapolis/Anne Arundel County CoC,2014,1422.92,1042.21,384,333,51,2014,2010,1.07992447
MD-503,Annapolis/Anne Arundel County CoC,2015,1458.22,1069.14,335,287,48,2015,2010,1.07864415
MD-503,Annapolis/Anne Arundel County CoC,2016,1463.03,1080.52,390,338,52,2016,2010,1.06520643
MD-503,Annapolis/Anne Arundel County CoC,2017,1486.85,1089.57,376,263,113,2017,2010,1.04298711
MD-503,Annapolis/Anne Arundel County CoC,2018,1491.35,1094.78,366,280,86,2018,2010,1.01811977
MD-503,Annapolis/Anne Arundel County CoC,2019,1513.72,1114.26,302,241,61,2019,2010,1.0
MD-504,Howard County CoC,2010,1406.43,1137.31,221,157,64,2010,2010,1.17243736
MD-504,Howard County CoC,2011,1402.77,1141.3,189,133,56,2011,2010,1.13656147
MD-504,Howard County CoC,2012,1422.9,1144.13,230,148,82,2012,2010,1.11351777
MD-504,Howard County CoC,2013,1451.49,1155.49,194,139,55,2013,2010,1.09744288
MD-504,Howard County CoC,2014,1497.39,1190.74,170,148,22,2014,2010,1.07992447
MD-504,Howard County CoC,2015,1539.62,1212.72,166,123,43,2015,2010,1.07864415
MD-504,Howard County CoC,2016,1566.8,1251.31,214,205,9,2016,2010,1.06520643
MD-504,Howard County CoC,2017,1577.25,1267.53,168,115,53,2017,2010,1.04298711
MD-504,Howard County CoC,2018,1569.42,1280.06,168,125,43,2018,2010,1.01811977
MD-504,Howard County CoC,2019,1581.6,1279.29,201,129,72,2019,2010,1.0
MD-505,Baltimore County CoC,2010,1063.92,848.72,891,589,302,2010,2010,1.17243736
MD-505,Baltimore County CoC,2011,1077.93,858.07,881,494,387,2011,2010,1.13656147
MD-505,Baltimore County CoC,2012,1103.36,866.75,800,522,278,2012,2010,1.11351777
MD-505,Baltimore County CoC,2013,1105.36,878.01,919,464,455,2013,2010,1.09744288
MD-505,Baltimore County CoC,2014,1118.15,877.38,569,392,177,2014,2010,1.07992447
MD-505,Baltimore County CoC,2015,1146.61,891.51,745,450,295,2015,2010,1.07864415
MD-505,Baltimore County CoC,2016,1169.88,904.83,763,448,315,2016,2010,1.06520643
MD-505,Baltimore County CoC,2017,1183.88,918.39,609,389,220,2017,2010,1.04298711
MD-505,Baltimore County CoC,2018,1188.6,927.14,758,472,286,2018,2010,1.01811977
MD-505,Baltimore County CoC,2019,1203.82,934.95,735,486,249,2019,2010,1.0
MD-506,Carroll County CoC,2010,926.52,664.54,211,183,28,2010,2010,1.17243736
MD-506,Carroll County CoC,2011,925.16,645.93,179,157,22,2011,2010,1.13656147
MD-506,Carroll County CoC,2012,948.87,667.8,167,131,36,2012,2010,1.11351777
MD-506,Carroll County CoC,2013,953.96,675.28,134,127,7,2013,2010,1.09744288
MD-506,Carroll County CoC,2014,963.63,667.04,124,118,6,2014,2010,1.07992447
MD-506,Carroll County CoC,2015,981.18,685.63,140,129,11,2015,2010,1.07864415
MD-506,Carroll County CoC,2016,969.53,677.61,136,136,0,2016,2010,1.06520643
MD-506,Carroll County CoC,2017,988.04,687.83,147,125,22,2017,2010,1.04298711
MD-506,Carroll County CoC,2018,989.23,704.51,173,151,22,2018,2010,1.01811977
MD-506,Carroll County CoC,2019,977.96,676.02,144,121,23,2019,2010,1.0
MD-511,Mid-Shore Regional CoC,2010,776.58,496.06,96,68,28,2010,2010,1.17243736
MD-511,Mid-Shore Regional CoC,2011,748.43,501.17,85,76,9,2011,2010,1.13656147
MD-511,Mid-Shore Regional CoC,2012,765.37,517.27,80,73,7,2012,2010,1.11351777
MD-511,Mid-Shore Regional CoC,2013,775.58,542.26,87,67,20,2013,2010,1.09744288
MD-511,Mid-Shore Regional CoC,2014,787.14,558.36,111,93,18,2014,2010,1.07992447
MD-511,Mid-Shore Regional CoC,2015,797.74,553.56,158,123,35,2015,2010,1.07864415
MD-511,Mid-Shore Regional CoC,2016,835.26,569.52,138,112,26,2016,2010,1.06520643
MD-511,Mid-Shore Regional CoC,2017,839.99,573.52,153,136,17,2017,2010,1.04298711
MD-511,Mid-Shore Regional CoC,2018,833.75,567.2,141,111,30,2018,2010,1.01811977
MD-511,Mid-Shore Regional CoC,2019,840.87,553.62,164,146,18,2019,2010,1.0
MD-513,"Wicomico, Somerset, Worcester Counties CoC",2010,789.44,554.89,240,197,43,2010,2010,1.17243736
MD-513,"Wicomico, Somerset, Worcester Counties CoC",2011,797.56,567.95,253,215,38,2011,2010,1.13656147
MD-513,"Wicomico, Somerset, Worcester Counties CoC",2012,795.8,577.98,221,221,0,2012,2010,1.11351777
MD-513,"Wicomico, Somerset, Worcester Counties CoC",2013,792.95,580.04,360,319,41,2013,2010,1.09744288
MD-513,"Wicomico, Somerset, Worcester Counties CoC",2014,796.25,604.39,336,295,41,2014,2010,1.07992447
MD-513,"Wicomico, Somerset, Worcester Counties CoC",2015,805.46,603.59,326,278,48,2015,2010,1.07864415
MD-513,"Wicomico, Somerset, Worcester Counties CoC",2016,801.42,582.08,262,225,37,2016,2010,1.06520643
MD-513,"Wicomico, Somerset, Worcester Counties CoC",2017,804.58,578.61,260,218,42,2017,2010,1.04298711
MD-513,"Wicomico, Somerset, Worcester Counties CoC",2018,802.76,563.54,292,260,32,2018,2010,1.01811977
MD-513,"Wicomico, Somerset, Worcester Counties CoC",2019,789.8,552.56,275,238,37,2019,2010,1.0
MD-514,Maryland Balance of State CoC,2010,958.51,610.93,3519,1318,2201,2010,2010,1.17243736
MD-514,Maryland Balance of State CoC,2011,979.0,619.96,2232,1225,1007,2011,2010,1.13656147
MD-514,Maryland Balance of State CoC,2012,988.02,636.73,2106,1150,956,2012,2010,1.11351777
MD-514,Maryland Balance of State CoC,2013,1005.05,646.76,1783,1148,635,2013,2010,1.09744288
MD-514,Maryland Balance of State CoC,2014,1016.9,649.69,2045,1340,705,2014,2010,1.07992447
MD-514,Maryland Balance of State CoC,2015,1034.95,657.09,1999,1276,723,2015,2010,1.07864415
MD-514,Maryland Balance of State CoC,2016,1046.92,661.72,1536,982,554,2016,2010,1.06520643
MD-514,Maryland Balance of State CoC,2017,1051.61,661.36,1446,942,504,2017,2010,1.04298711
MD-514,Maryland Balance of State CoC,2018,1057.17,663.6,1420,919,501,2018,2010,1.01811977
MD-514,Maryland Balance of State CoC,2019,1074.49,671.37,1352,992,360,2019,2010,1.0
MD-600,Prince George's County CoC,2010,1244.34,1016.23,789,663,126,2010,2010,1.17243736
MD-600,Prince George's County CoC,2011,1256.99,1015.54,772,670,102,2011,2010,1.13656147
MD-600,Prince George's County CoC,2012,1275.04,1024.6,641,475,166,2012,2010,1.11351777
MD-600,Prince George's County CoC,2013,1285.87,1032.42,686,500,186,2013,2010,1.09744288
MD-600,Prince George's County CoC,2014,1297.83,1042.86,659,480,179,2014,2010,1.07992447
MD-600,Prince George's County CoC,2015,1318.94,1057.2,625,472,153,2015,2010,1.07864415
MD-600,Prince George's County CoC,2016,1336.84,1078.18,544,442,102,2016,2010,1.06520643
MD-600,Prince George's County CoC,2017,1352.76,1089.47,525,437,88,2017,2010,1.04298711
MD-600,Prince George's County CoC,2018,1369.26,1103.29,478,393,85,2018,2010,1.01811977
MD-600,Prince George's County CoC,2019,1390.21,1113.43,447,374,73,2019,2010,1.0
MD-601,Montgomery County CoC,2010,1568.78,1206.77,1064,883,181,2010,2010,1.17243736
MD-601,Montgomery County CoC,2011,1576.74,1216.11,1141,915,226,2011,2010,1.13656147
MD-601,Montgomery County CoC,2012,1589.75,1228.32,982,852,130,2012,2010,1.11351777
MD-601,Montgomery County CoC,2013,1603.48,1238.1,1004,861,143,2013,2010,1.09744288
MD-601,Montgomery County CoC,2014,1607.51,1246.33,891,796,95,2014,2010,1.07992447
MD-601,Montgomery County CoC,2015,1663.89,1261.67,1100,997,103,2015,2010,1.07864415
MD-601,Montgomery County CoC,2016,1658.97,1274.84,981,885,96,2016,2010,1.06520643
MD-601,Montgomery County CoC,2017,1661.59,1298.72,894,763,131,2017,2010,1.04298711
MD-601,Montgomery County CoC,2018,1664.21,1306.45,840,707,133,2018,2010,1.01811977
MD-601,Montgomery County CoC,2019,1672.63,1313.02,647,572,75,2019,2010,1.0
ME-500,Maine Statewide CoC,2010,730.04,488.84,2379,2351,28,2010,2010,1.17243736
ME-500,Maine Statewide CoC,2011,736.8,492.09,2447,2418,29,2011,2010,1.13656147
ME-500,Maine Statewide CoC,2012,741.34,508.24,2393,2360,33,2012,2010,1.11351777
ME-500,Maine Statewide CoC,2013,748.97,518.77,3016,2954,62,2013,2010,1.09744288
ME-500,Maine Statewide CoC,2014,743.21,517.26,2726,2633,93,2014,2010,1.07992447
ME-500,Maine Statewide CoC,2015,748.92,526.77,2372,2313,59,2015,2010,1.07864415
ME-500,Maine Statewide CoC,2016,754.01,527.2,2241,2121,120,2016,2010,1.06520643
ME-500,Maine Statewide CoC,2017,752.77,518.99,2280,2100,180,2017,2010,1.04298711
ME-500,Maine Statewide CoC,2018,757.92,515.54,2516,2418,98,2018,2010,1.01811977
ME-500,Maine Statewide CoC,2019,776.38,516.12,2106,2011,95,2019,2010,1.0
MI-500,Michigan Balance of State CoC,2010,572.49,420.34,3021,2094,927,2010,2010,1.17243736
MI-500,Michigan Balance of State CoC,2011,569.29,418.28,2601,2178,423,2011,2010,1.13656147
MI-500,Michigan Balance of State CoC,2012,569.86,419.34,2335,1912,423,2012,2010,1.11351777
MI-500,Michigan Balance of State CoC,2013,570.58,423.47,1880,1358,522,2013,2010,1.09744288
MI-500,Michigan Balance of State CoC,2014,571.13,426.59,2333,1811,522,2014,2010,1.07992447
MI-500,Michigan Balance of State CoC,2015,574.28,429.19,1824,1600,224,2015,2010,1.07864415
MI-500,Michigan Balance of State CoC,2016,576.55,430.88,1536,1312,224,2016,2010,1.06520643
MI-500,Michigan Balance of State CoC,2017,577.83,430.75,1549,1307,242,2017,2010,1.04298711
MI-500,Michigan Balance of State CoC,2018,575.67,427.45,1413,1213,200,2018,2010,1.01811977
MI-500,Michigan Balance of State CoC,2019,579.77,426.21,1298,1164,134,2019,2010,1.0
MI-501,Detroit CoC,2010,648.24,500.06,2812,2550,262,2010,2010,1.17243736
MI-501,Detroit CoC,2011,640.46,492.03,3138,2785,353,2011,2010,1.13656147
MI-501,Detroit CoC,2012,630.12,481.75,3115,2762,353,2012,2010,1.11351777
MI-501,Detroit CoC,2013,618.27,472.91,2789,2507,282,2013,2010,1.09744288
MI-501,Detroit CoC,2014,603.14,460.63,2755,2473,282,2014,2010,1.07992447
MI-501,Detroit CoC,2015,607.78,462.34,2597,2446,151,2015,2010,1.07864415
MI-501,Detroit CoC,2016,603.54,460.36,2335,2142,193,2016,2010,1.06520643
MI-501,Detroit CoC,2017,610.89,461.91,2078,1858,220,2017,2010,1.04298711
MI-501,Detroit CoC,2018,615.95,467.11,1769,1611,158,2018,2010,1.01811977
MI-501,Detroit CoC,2019,628.21,476.14,1965,1879,86,2019,2010,1.0
MI-502,"Dearborn, Dearborn Heights, Westland/Wayne County CoC",2010,782.27,608.28,458,452,6,2010,2010,1.17243736
MI-502,"Dearborn, Dearborn Heights, Westland/Wayne County CoC",2011,769.78,593.65,482,463,19,2011,2010,1.13656147
MI-502,"Dearborn, Dearborn Heights, Westland/Wayne County CoC",2012,768.59,593.1,476,457,19,2012,2010,1.11351777
MI-502,"Dearborn, Dearborn Heights, Westland/Wayne County CoC",2013,764.78,589.93,380,358,22,2013,2010,1.09744288
MI-502,"Dearborn, Dearborn Heights, Westland/Wayne County CoC",2014,766.49,590.05,456,434,22,2014,2010,1.07992447
MI-502,"Dearborn, Dearborn Heights, Westland/Wayne County CoC",2015,771.59,595.22,333,322,11,2015,2010,1.07864415
MI-502,"Dearborn, Dearborn Heights, Westland/Wayne County CoC",2016,780.43,601.87,277,266,11,2016,2010,1.06520643
MI-502,"Dearborn, Dearborn Heights, Westland/Wayne County CoC",2017,779.6,606.11,226,212,14,2017,2010,1.04298711
MI-502,"Dearborn, Dearborn Heights, Westland/Wayne County CoC",2018,781.0,612.57,211,198,13,2018,2010,1.01811977
MI-502,"Dearborn, Dearborn Heights, Westland/Wayne County CoC",2019,785.39,616.75,222,205,17,2019,2010,1.0
MI-503,"St. Clair Shores, Warren/Macomb County CoC",2010,760.21,614.87,896,311,585,2010,2010,1.17243736
MI-503,"St. Clair Shores, Warren/Macomb County CoC",2011,758.88,606.37,656,350,306,2011,2010,1.13656147
MI-503,"St. Clair Shores, Warren/Macomb County CoC",2012,757.39,606.0,607,301,306,2012,2010,1.11351777
MI-503,"St. Clair Shores, Warren/Macomb County CoC",2013,766.42,605.05,504,305,199,2013,2010,1.09744288
MI-503,"St. Clair Shores, Warren/Macomb County CoC",2014,772.14,613.21,343,301,42,2014,2010,1.07992447
MI-503,"St. Clair Shores, Warren/Macomb County CoC",2015,783.52,623.34,450,381,69,2015,2010,1.07864415
MI-503,"St. Clair Shores, Warren/Macomb County CoC",2016,795.44,640.01,403,354,49,2016,2010,1.06520643
MI-503,"St. Clair Shores, Warren/Macomb County CoC",2017,807.24,641.44,354,290,64,2017,2010,1.04298711
MI-503,"St. Clair Shores, Warren/Macomb County CoC",2018,819.79,650.92,270,242,28,2018,2010,1.01811977
MI-503,"St. Clair Shores, Warren/Macomb County CoC",2019,828.93,661.66,265,245,20,2019,2010,1.0
MI-504,"Pontiac, Royal Oak/Oakland County CoC",2010,920.63,695.7,731,451,280,2010,2010,1.17243736
MI-504,"Pontiac, Royal Oak/Oakland County CoC",2011,906.57,688.09,713,476,237,2011,2010,1.13656147
MI-504,"Pontiac, Royal Oak/Oakland County CoC",2012,898.6,676.6,743,506,237,2012,2010,1.11351777
MI-504,"Pontiac, Royal Oak/Oakland County CoC",2013,890.87,671.78,698,610,88,2013,2010,1.09744288
MI-504,"Pontiac, Royal Oak/Oakland County CoC",2014,886.91,668.83,457,382,75,2014,2010,1.07992447
MI-504,"Pontiac, Royal Oak/Oakland County CoC",2015,900.78,676.07,485,389,96,2015,2010,1.07864415
MI-504,"Pontiac, Royal Oak/Oakland County CoC",2016,914.27,687.43,438,362,76,2016,2010,1.06520643
MI-504,"Pontiac, Royal Oak/Oakland County CoC",2017,941.36,702.65,412,365,47,2017,2010,1.04298711
MI-504,"Pontiac, Royal Oak/Oakland County CoC",2018,960.26,711.1,427,356,71,2018,2010,1.01811977
MI-504,"Pontiac, Royal Oak/Oakland County CoC",2019,984.95,728.86,425,382,43,2019,2010,1.0
MI-505,Flint/Genesee County CoC,2010,600.48,484.84,277,199,78,2010,2010,1.17243736
MI-505,Flint/Genesee County CoC,2011,596.79,474.06,490,329,161,2011,2010,1.13656147
MI-505,Flint/Genesee County CoC,2012,591.78,469.9,435,289,146,2012,2010,1.11351777
MI-505,Flint/Genesee County CoC,2013,590.28,464.42,387,270,117,2013,2010,1.09744288
MI-505,Flint/Genesee County CoC,2014,591.1,461.07,635,288,347,2014,2010,1.07992447
MI-505,Flint/Genesee County CoC,2015,590.45,460.86,488,308,180,2015,2010,1.07864415
MI-505,Flint/Genesee County CoC,2016,592.87,467.12,377,290,87,2016,2010,1.06520643
MI-505,Flint/Genesee County CoC,2017,592.55,466.12,420,295,125,2017,2010,1.04298711
MI-505,Flint/Genesee County CoC,2018,591.21,469.38,438,338,100,2018,2010,1.01811977
MI-505,Flint/Genesee County CoC,2019,597.87,468.72,450,402,48,2019,2010,1.0
MI-506,"Grand Rapids, Wyoming/Kent County CoC",2010,725.48,589.55,585,575,10,2010,2010,1.17243736
MI-506,"Grand Rapids, Wyoming/Kent County CoC",2011,715.44,580.37,627,611,16,2011,2010,1.13656147
MI-506,"Grand Rapids, Wyoming/Kent County CoC",2012,714.12,578.86,712,682,30,2012,2010,1.11351777
MI-506,"Grand Rapids, Wyoming/Kent County CoC",2013,713.47,574.74,732,688,44,2013,2010,1.09744288
MI-506,"Grand Rapids, Wyoming/Kent County CoC",2014,715.26,573.71,793,760,33,2014,2010,1.07992447
MI-506,"Grand Rapids, Wyoming/Kent County CoC",2015,722.91,581.8,912,886,26,2015,2010,1.07864415
MI-506,"Grand Rapids, Wyoming/Kent County CoC",2016,735.21,592.85,800,759,41,2016,2010,1.06520643
MI-506,"Grand Rapids, Wyoming/Kent County CoC",2017,757.89,609.14,912,851,61,2017,2010,1.04298711
MI-506,"Grand Rapids, Wyoming/Kent County CoC",2018,776.37,623.36,723,675,48,2018,2010,1.01811977
MI-506,"Grand Rapids, Wyoming/Kent County CoC",2019,804.31,634.36,759,743,16,2019,2010,1.0
MI-507,"Portage, Kalamazoo City & County CoC",2010,679.18,544.69,679,637,42,2010,2010,1.17243736
MI-507,"Portage, Kalamazoo City & County CoC",2011,686.97,549.72,822,768,54,2011,2010,1.13656147
MI-507,"Portage, Kalamazoo City & County CoC",2012,674.96,542.57,729,708,21,2012,2010,1.11351777
MI-507,"Portage, Kalamazoo City & County CoC",2013,676.5,539.65,642,611,31,2013,2010,1.09744288
MI-507,"Portage, Kalamazoo City & County CoC",2014,676.3,539.2,681,671,10,2014,2010,1.07992447
MI-507,"Portage, Kalamazoo City & County CoC",2015,680.23,537.6,568,560,8,2015,2010,1.07864415
MI-507,"Portage, Kalamazoo City & County CoC",2016,689.87,539.07,374,366,8,2016,2010,1.06520643
MI-507,"Portage, Kalamazoo City & County CoC",2017,690.77,544.2,479,451,28,2017,2010,1.04298711
MI-507,"Portage, Kalamazoo City & County CoC",2018,693.81,553.02,567,514,53,2018,2010,1.01811977
MI-507,"Portage, Kalamazoo City & County CoC",2019,705.3,554.01,702,529,173,2019,2010,1.0
MI-508,"Lansing, East Lansing/Ingham County CoC",2010,766.23,600.5,535,392,143,2010,2010,1.17243736
MI-508,"Lansing, East Lansing/Ingham County CoC",2011,756.43,591.58,444,374,70,2011,2010,1.13656147
MI-508,"Lansing, East Lansing/Ingham County CoC",2012,747.89,584.15,470,400,70,2012,2010,1.11351777
MI-508,"Lansing, East Lansing/Ingham County CoC",2013,751.0,582.82,423,357,66,2013,2010,1.09744288
MI-508,"Lansing, East Lansing/Ingham County CoC",2014,741.4,578.93,429,414,15,2014,2010,1.07992447
MI-508,"Lansing, East Lansing/Ingham County CoC",2015,734.84,578.8,418,365,53,2015,2010,1.07864415
MI-508,"Lansing, East Lansing/Ingham County CoC",2016,749.7,589.16,471,355,116,2016,2010,1.06520643
MI-508,"Lansing, East Lansing/Ingham County CoC",2017,752.68,592.81,435,390,45,2017,2010,1.04298711
MI-508,"Lansing, East Lansing/Ingham County CoC",2018,751.33,596.01,419,380,39,2018,2010,1.01811977
MI-508,"Lansing, East Lansing/Ingham County CoC",2019,754.98,602.62,476,466,10,2019,2010,1.0
MI-509,Washtenaw County CoC,2010,934.28,714.27,474,439,35,2010,2010,1.17243736
MI-509,Washtenaw County CoC,2011,924.48,693.88,469,426,43,2011,2010,1.13656147
MI-509,Washtenaw County CoC,2012,922.32,686.49,381,338,43,2012,2010,1.11351777
MI-509,Washtenaw County CoC,2013,913.69,686.22,510,344,166,2013,2010,1.09744288
MI-509,Washtenaw County CoC,2014,931.32,694.66,545,379,166,2014,2010,1.07992447
MI-509,Washtenaw County CoC,2015,956.93,700.35,372,292,80,2015,2010,1.07864415
MI-509,Washtenaw County CoC,2016,979.95,713.35,342,301,41,2016,2010,1.06520643
MI-509,Washtenaw County CoC,2017,990.87,731.37,302,262,40,2017,2010,1.04298711
MI-509,Washtenaw County CoC,2018,1021.48,747.97,282,255,27,2018,2010,1.01811977
MI-509,Washtenaw County CoC,2019,1043.07,763.44,273,261,12,2019,2010,1.0
MI-510,Saginaw City & County CoC,2010,594.3,458.32,305,278,27,2010,2010,1.17243736
MI-510,Saginaw City & County CoC,2011,599.14,464.35,390,313,77,2011,2010,1.13656147
MI-510,Saginaw City & County CoC,2012,594.59,455.26,402,325,77,2012,2010,1.11351777
MI-510,Saginaw City & County CoC,2013,591.03,448.26,350,343,7,2013,2010,1.09744288
MI-510,Saginaw City & County CoC,2014,585.62,443.84,325,313,12,2014,2010,1.07992447
MI-510,Saginaw City & County CoC,2015,588.1,443.85,308,289,19,2015,2010,1.07864415
MI-510,Saginaw City & County CoC,2016,586.4,445.14,343,326,17,2016,2010,1.06520643
MI-510,Saginaw City & County CoC,2017,598.63,450.38,388,373,15,2017,2010,1.04298711
MI-510,Saginaw City & County CoC,2018,604.01,450.06,357,345,12,2018,2010,1.01811977
MI-510,Saginaw City & County CoC,2019,601.8,450.85,364,352,12,2019,2010,1.0
MI-511,Lenawee County CoC,2010,642.13,509.89,120,115,5,2010,2010,1.17243736
MI-511,Lenawee County CoC,2011,637.88,509.69,166,152,14,2011,2010,1.13656147
MI-511,Lenawee County CoC,2012,630.95,504.6,118,96,22,2012,2010,1.11351777
MI-511,Lenawee County CoC,2013,633.95,506.09,124,111,13,2013,2010,1.09744288
MI-511,Lenawee County CoC,2014,624.47,499.39,138,118,20,2014,2010,1.07992447
MI-511,Lenawee County CoC,2015,629.03,507.89,128,110,18,2015,2010,1.07864415
MI-511,Lenawee County CoC,2016,638.56,505.55,137,119,18,2016,2010,1.06520643
MI-511,Lenawee County CoC,2017,626.11,489.47,128,128,0,2017,2010,1.04298711
MI-511,Lenawee County CoC,2018,622.44,491.57,117,117,0,2018,2010,1.01811977
MI-511,Lenawee County CoC,2019,618.86,486.09,123,120,3,2019,2010,1.0
MI-512,"Grand Traverse, Antrim, Leelanau Counties CoC",2010,731.09,534.78,296,285,11,2010,2010,1.17243736
MI-512,"Grand Traverse, Antrim, Leelanau Counties CoC",2011,743.31,537.51,234,213,21,2011,2010,1.13656147
MI-512,"Grand Traverse, Antrim, Leelanau Counties CoC",2012,725.9,537.8,316,268,48,2012,2010,1.11351777
MI-512,"Grand Traverse, Antrim, Leelanau Counties CoC",2013,727.4,535.21,328,289,39,2013,2010,1.09744288
MI-512,"Grand Traverse, Antrim, Leelanau Counties CoC",2014,724.9,544.88,396,341,55,2014,2010,1.07992447
MI-512,"Grand Traverse, Antrim, Leelanau Counties CoC",2015,733.35,540.53,302,265,37,2015,2010,1.07864415
MI-512,"Grand Traverse, Antrim, Leelanau Counties CoC",2016,731.42,534.88,243,233,10,2016,2010,1.06520643
MI-512,"Grand Traverse, Antrim, Leelanau Counties CoC",2017,747.87,536.93,228,188,40,2017,2010,1.04298711
MI-512,"Grand Traverse, Antrim, Leelanau Counties CoC",2018,745.71,532.3,235,212,23,2018,2010,1.01811977
MI-512,"Grand Traverse, Antrim, Leelanau Counties CoC",2019,753.96,527.93,168,164,4,2019,2010,1.0
MI-514,Battle Creek/Calhoun County CoC,2010,600.73,489.42,186,133,53,2010,2010,1.17243736
MI-514,Battle Creek/Calhoun County CoC,2011,590.52,480.34,192,136,56,2011,2010,1.13656147
MI-514,Battle Creek/Calhoun County CoC,2012,591.97,483.92,216,160,56,2012,2010,1.11351777
MI-514,Battle Creek/Calhoun County CoC,2013,594.53,488.65,236,172,64,2013,2010,1.09744288
MI-514,Battle Creek/Calhoun County CoC,2014,594.77,483.53,284,230,54,2014,2010,1.07992447
MI-514,Battle Creek/Calhoun County CoC,2015,600.79,490.82,285,226,59,2015,2010,1.07864415
MI-514,Battle Creek/Calhoun County CoC,2016,610.22,499.68,246,209,37,2016,2010,1.06520643
MI-514,Battle Creek/Calhoun County CoC,2017,610.28,496.52,204,175,29,2017,2010,1.04298711
MI-514,Battle Creek/Calhoun County CoC,2018,617.11,496.9,236,195,41,2018,2010,1.01811977
MI-514,Battle Creek/Calhoun County CoC,2019,630.71,506.59,241,203,38,2019,2010,1.0
MI-515,Monroe City & County CoC,2010,706.3,545.07,140,136,4,2010,2010,1.17243736
MI-515,Monroe City & County CoC,2011,687.19,533.56,121,117,4,2011,2010,1.13656147
MI-515,Monroe City & County CoC,2012,687.74,527.65,113,109,4,2012,2010,1.11351777
MI-515,Monroe City & County CoC,2013,686.82,525.07,139,136,3,2013,2010,1.09744288
MI-515,Monroe City & County CoC,2014,695.35,534.45,185,182,3,2014,2010,1.07992447
MI-515,Monroe City & County CoC,2015,703.98,541.84,185,181,4,2015,2010,1.07864415
MI-515,Monroe City & County CoC,2016,697.28,522.48,176,173,3,2016,2010,1.06520643
MI-515,Monroe City & County CoC,2017,692.21,522.9,193,190,3,2017,2010,1.04298711
MI-515,Monroe City & County CoC,2018,701.95,522.37,209,199,10,2018,2010,1.01811977
MI-515,Monroe City & County CoC,2019,708.48,510.87,167,167,0,2019,2010,1.0
MI-516,"Norton Shores, Muskegon City & County CoC",2010,581.17,445.3,646,325,321,2010,2010,1.17243736
MI-516,"Norton Shores, Muskegon City & County CoC",2011,580.53,454.41,691,459,232,2011,2010,1.13656147
MI-516,"Norton Shores, Muskegon City & County CoC",2012,574.45,442.88,457,225,232,2012,2010,1.11351777
MI-516,"Norton Shores, Muskegon City & County CoC",2013,570.56,447.67,644,236,408,2013,2010,1.09744288
MI-516,"Norton Shores, Muskegon City & County CoC",2014,572.15,444.1,584,176,408,2014,2010,1.07992447
MI-516,"Norton Shores, Muskegon City & County CoC",2015,579.51,444.77,179,166,13,2015,2010,1.07864415
MI-516,"Norton Shores, Muskegon City & County CoC",2016,586.69,450.33,191,184,7,2016,2010,1.06520643
MI-516,"Norton Shores, Muskegon City & County CoC",2017,586.37,455.95,135,125,10,2017,2010,1.04298711
MI-516,"Norton Shores, Muskegon City & County CoC",2018,600.0,461.07,159,125,34,2018,2010,1.01811977
MI-516,"Norton Shores, Muskegon City & County CoC",2019,605.46,470.84,136,120,16,2019,2010,1.0
MI-517,Jackson City & County CoC,2010,648.39,479.09,323,304,19,2010,2010,1.17243736
MI-517,Jackson City & County CoC,2011,659.65,498.45,246,190,56,2011,2010,1.13656147
MI-517,Jackson City & County CoC,2012,650.25,503.17,256,200,56,2012,2010,1.11351777
MI-517,Jackson City & County CoC,2013,642.07,508.46,187,154,33,2013,2010,1.09744288
MI-517,Jackson City & County CoC,2014,638.25,502.67,240,207,33,2014,2010,1.07992447
MI-517,Jackson City & County CoC,2015,641.12,507.59,159,152,7,2015,2010,1.07864415
MI-517,Jackson City & County CoC,2016,632.69,492.91,169,162,7,2016,2010,1.06520643
MI-517,Jackson City & County CoC,2017,630.93,483.01,140,126,14,2017,2010,1.04298711
MI-517,Jackson City & County CoC,2018,624.62,489.6,81,72,9,2018,2010,1.01811977
MI-517,Jackson City & County CoC,2019,644.7,509.22,113,100,13,2019,2010,1.0
MI-518,Livingston County CoC,2010,869.83,709.81,121,108,13,2010,2010,1.17243736
MI-518,Livingston County CoC,2011,879.33,698.0,135,64,71,2011,2010,1.13656147
MI-518,Livingston County CoC,2012,863.7,684.89,150,79,71,2012,2010,1.11351777
MI-518,Livingston County CoC,2013,858.13,674.49,127,97,30,2013,2010,1.09744288
MI-518,Livingston County CoC,2014,843.45,673.14,135,105,30,2014,2010,1.07992447
MI-518,Livingston County CoC,2015,865.34,670.74,103,101,2,2015,2010,1.07864415
MI-518,Livingston County CoC,2016,862.89,666.22,77,75,2,2016,2010,1.06520643
MI-518,Livingston County CoC,2017,896.01,671.18,103,91,12,2017,2010,1.04298711
MI-518,Livingston County CoC,2018,894.31,688.67,90,78,12,2018,2010,1.01811977
MI-518,Livingston County CoC,2019,929.02,700.56,89,89,0,2019,2010,1.0
MI-519,Holland/Ottawa County CoC,2010,736.65,614.65,306,304,2,2010,2010,1.17243736
MI-519,Holland/Ottawa County CoC,2011,737.09,612.54,343,340,3,2011,2010,1.13656147
MI-519,Holland/Ottawa County CoC,2012,728.47,601.85,322,319,3,2012,2010,1.11351777
MI-519,Holland/Ottawa County CoC,2013,733.97,604.28,318,297,21,2013,2010,1.09744288
MI-519,Holland/Ottawa County CoC,2014,733.71,607.54,387,379,8,2014,2010,1.07992447
MI-519,Holland/Ottawa County CoC,2015,740.77,613.05,285,279,6,2015,2010,1.07864415
MI-519,Holland/Ottawa County CoC,2016,757.13,617.82,261,257,4,2016,2010,1.06520643
MI-519,Holland/Ottawa County CoC,2017,769.1,632.86,258,250,8,2017,2010,1.04298711
MI-519,Holland/Ottawa County CoC,2018,764.65,627.44,226,210,16,2018,2010,1.01811977
MI-519,Holland/Ottawa County CoC,2019,785.95,644.82,225,208,17,2019,2010,1.0
MI-523,Eaton County CoC,2010,729.7,582.9,147,131,16,2010,2010,1.17243736
MI-523,Eaton County CoC,2011,719.22,583.54,225,120,105,2011,2010,1.13656147
MI-523,Eaton County CoC,2012,715.3,583.56,239,134,105,2012,2010,1.11351777
MI-523,Eaton County CoC,2013,715.97,583.2,129,96,33,2013,2010,1.09744288
MI-523,Eaton County CoC,2014,705.27,576.31,126,111,15,2014,2010,1.07992447
MI-523,Eaton County CoC,2015,702.87,575.32,135,126,9,2015,2010,1.07864415
MI-523,Eaton County CoC,2016,711.2,586.88,120,111,9,2016,2010,1.06520643
MI-523,Eaton County CoC,2017,715.46,578.34,107,101,6,2017,2010,1.04298711
MI-523,Eaton County CoC,2018,709.61,568.34,122,117,5,2018,2010,1.01811977
MI-523,Eaton County CoC,2019,725.29,579.42,114,114,0,2019,2010,1.0
MN-500,Minneapolis/Hennepin County CoC,2010,937.77,725.33,3056,2808,248,2010,2010,1.17243736
MN-500,Minneapolis/Hennepin County CoC,2011,936.55,719.92,3100,2931,169,2011,2010,1.13656147
MN-500,Minneapolis/Hennepin County CoC,2012,937.64,722.13,3285,3141,144,2012,2010,1.11351777
MN-500,Minneapolis/Hennepin County CoC,2013,947.05,726.79,3591,3427,164,2013,2010,1.09744288
MN-500,Minneapolis/Hennepin County CoC,2014,949.06,726.37,3731,3521,210,2014,2010,1.07992447
MN-500,Minneapolis/Hennepin County CoC,2015,966.83,732.86,3215,3092,123,2015,2010,1.07864415
MN-500,Minneapolis/Hennepin County CoC,2016,992.68,749.14,3056,2886,170,2016,2010,1.06520643
MN-500,Minneapolis/Hennepin County CoC,2017,1018.51,763.51,3057,2759,298,2017,2010,1.04298711
MN-500,Minneapolis/Hennepin County CoC,2018,1044.57,778.94,3013,2609,404,2018,2010,1.01811977
MN-500,Minneapolis/Hennepin County CoC,2019,1070.32,802.71,3400,2797,603,2019,2010,1.0
MN-501,St. Paul/Ramsey County CoC,2010,851.72,674.88,1424,1328,96,2010,2010,1.17243736
MN-501,St. Paul/Ramsey County CoC,2011,848.81,664.45,1439,1322,117,2011,2010,1.13656147
MN-501,St. Paul/Ramsey County CoC,2012,837.64,661.55,1218,1107,111,2012,2010,1.11351777
MN-501,St. Paul/Ramsey County CoC,2013,846.59,664.48,1417,1346,71,2013,2010,1.09744288
MN-501,St. Paul/Ramsey County CoC,2014,847.6,663.54,1500,1432,68,2014,2010,1.07992447
MN-501,St. Paul/Ramsey County CoC,2015,856.2,674.28,1398,1314,84,2015,2010,1.07864415
MN-501,St. Paul/Ramsey County CoC,2016,882.67,688.24,1346,1210,136,2016,2010,1.06520643
MN-501,St. Paul/Ramsey County CoC,2017,916.02,701.98,1438,1272,166,2017,2010,1.04298711
MN-501,St. Paul/Ramsey County CoC,2018,922.95,718.12,1424,1295,129,2018,2010,1.01811977
MN-501,St. Paul/Ramsey County CoC,2019,943.61,740.02,1579,1262,317,2019,2010,1.0
MN-502,Rochester/Southeast Minnesota CoC,2010,651.96,454.98,419,406,13,2010,2010,1.17243736
MN-502,Rochester/Southeast Minnesota CoC,2011,652.3,447.52,361,356,5,2011,2010,1.13656147
MN-502,Rochester/Southeast Minnesota CoC,2012,652.86,451.51,379,359,20,2012,2010,1.11351777
MN-502,Rochester/Southeast Minnesota CoC,2013,655.05,456.43,452,425,27,2013,2010,1.09744288
MN-502,Rochester/Southeast Minnesota CoC,2014,659.2,457.49,482,458,24,2014,2010,1.07992447
MN-502,Rochester/Southeast Minnesota CoC,2015,664.35,462.73,451,429,22,2015,2010,1.07864415
MN-502,Rochester/Southeast Minnesota CoC,2016,683.04,471.84,423,409,14,2016,2010,1.06520643
MN-502,Rochester/Southeast Minnesota CoC,2017,697.73,478.65,552,495,57,2017,2010,1.04298711
MN-502,Rochester/Southeast Minnesota CoC,2018,699.62,486.94,497,431,66,2018,2010,1.01811977
MN-502,Rochester/Southeast Minnesota CoC,2019,711.09,497.97,452,394,58,2019,2010,1.0
MN-503,"Dakota, Anoka, Washington, Scott, Carver Counties CoC",2010,995.76,770.92,924,749,175,2010,2010,1.17243736
MN-503,"Dakota, Anoka, Washington, Scott, Carver Counties CoC",2011,990.63,759.79,696,618,78,2011,2010,1.13656147
MN-503,"Dakota, Anoka, Washington, Scott, Carver Counties CoC",2012,992.2,754.72,853,667,186,2012,2010,1.11351777
MN-503,"Dakota, Anoka, Washington, Scott, Carver Counties CoC",2013,996.53,758.53,745,635,110,2013,2010,1.09744288
MN-503,"Dakota, Anoka, Washington, Scott, Carver Counties CoC",2014,993.17,762.83,735,637,98,2014,2010,1.07992447
MN-503,"Dakota, Anoka, Washington, Scott, Carver Counties CoC",2015,1004.57,772.98,608,428,180,2015,2010,1.07864415
MN-503,"Dakota, Anoka, Washington, Scott, Carver Counties CoC",2016,1025.71,791.12,618,411,207,2016,2010,1.06520643
MN-503,"Dakota, Anoka, Washington, Scott, Carver Counties CoC",2017,1041.17,801.9,544,434,110,2017,2010,1.04298711
MN-503,"Dakota, Anoka, Washington, Scott, Carver Counties CoC",2018,1060.85,806.69,625,413,212,2018,2010,1.01811977
MN-503,"Dakota, Anoka, Washington, Scott, Carver Counties CoC",2019,1090.58,825.42,686,450,236,2019,2010,1.0
MN-504,Northeast Minnesota CoC,2010,556.02,366.28,208,89,119,2010,2010,1.17243736
MN-504,Northeast Minnesota CoC,2011,549.37,360.03,174,91,83,2011,2010,1.13656147
MN-504,Northeast Minnesota CoC,2012,562.23,372.2,178,80,98,2012,2010,1.11351777
MN-504,Northeast Minnesota CoC,2013,571.86,374.09,265,94,171,2013,2010,1.09744288
MN-504,Northeast Minnesota CoC,2014,564.66,368.75,200,66,134,2014,2010,1.07992447
MN-504,Northeast Minnesota CoC,2015,586.44,396.22,68,45,23,2015,2010,1.07864415
MN-504,Northeast Minnesota CoC,2016,590.04,398.37,77,60,17,2016,2010,1.06520643
MN-504,Northeast Minnesota CoC,2017,577.86,381.54,99,58,41,2017,2010,1.04298711
MN-504,Northeast Minnesota CoC,2018,587.0,385.75,90,47,43,2018,2010,1.01811977
MN-504,Northeast Minnesota CoC,2019,603.78,408.05,90,62,28,2019,2010,1.0
MN-505,St. Cloud/Central Minnesota CoC,2010,703.67,516.72,541,433,108,2010,2010,1.17243736
MN-505,St. Cloud/Central Minnesota CoC,2011,710.1,515.33,599,402,197,2011,2010,1.13656147
MN-505,St. Cloud/Central Minnesota CoC,2012,717.05,520.73,547,407,140,2012,2010,1.11351777
MN-505,St. Cloud/Central Minnesota CoC,2013,724.39,529.33,657,460,197,2013,2010,1.09744288
MN-505,St. Cloud/Central Minnesota CoC,2014,720.7,532.53,607,500,107,2014,2010,1.07992447
MN-505,St. Cloud/Central Minnesota CoC,2015,728.72,541.45,696,491,205,2015,2010,1.07864415
MN-505,St. Cloud/Central Minnesota CoC,2016,734.53,541.33,669,502,167,2016,2010,1.06520643
MN-505,St. Cloud/Central Minnesota CoC,2017,729.59,536.21,862,633,229,2017,2010,1.04298711
MN-505,St. Cloud/Central Minnesota CoC,2018,734.74,536.02,584,479,105,2018,2010,1.01811977
MN-505,St. Cloud/Central Minnesota CoC,2019,741.19,543.38,679,466,213,2019,2010,1.0
MN-506,Northwest Minnesota CoC,2010,520.94,355.6,422,254,168,2010,2010,1.17243736
MN-506,Northwest Minnesota CoC,2011,528.47,359.61,252,215,37,2011,2010,1.13656147
MN-506,Northwest Minnesota CoC,2012,531.44,357.96,301,250,51,2012,2010,1.11351777
MN-506,Northwest Minnesota CoC,2013,532.01,362.57,253,249,4,2013,2010,1.09744288
MN-506,Northwest Minnesota CoC,2014,527.6,362.75,299,280,19,2014,2010,1.07992447
MN-506,Northwest Minnesota CoC,2015,536.97,362.76,254,239,15,2015,2010,1.07864415
MN-506,Northwest Minnesota CoC,2016,546.0,368.1,290,288,2,2016,2010,1.06520643
MN-506,Northwest Minnesota CoC,2017,552.48,367.57,288,285,3,2017,2010,1.04298711
MN-506,Northwest Minnesota CoC,2018,563.41,364.29,274,266,8,2018,2010,1.01811977
MN-506,Northwest Minnesota CoC,2019,577.22,374.63,268,260,8,2019,2010,1.0
MN-508,Moorhead/West Central Minnesota CoC,2010,558.0,406.07,278,196,82,2010,2010,1.17243736
MN-508,Moorhead/West Central Minnesota CoC,2011,556.34,399.75,263,155,108,2011,2010,1.13656147
MN-508,Moorhead/West Central Minnesota CoC,2012,565.99,406.67,254,224,30,2012,2010,1.11351777
MN-508,Moorhead/West Central Minnesota CoC,2013,571.45,416.16,287,251,36,2013,2010,1.09744288
MN-508,Moorhead/West Central Minnesota CoC,2014,578.05,422.84,214,203,11,2014,2010,1.07992447
MN-508,Moorhead/West Central Minnesota CoC,2015,597.51,427.1,242,234,8,2015,2010,1.07864415
MN-508,Moorhead/West Central Minnesota CoC,2016,612.05,443.08,211,199,12,2016,2010,1.06520643
MN-508,Moorhead/West Central Minnesota CoC,2017,627.52,458.47,215,212,3,2017,2010,1.04298711
MN-508,Moorhead/West Central Minnesota CoC,2018,637.91,472.35,246,240,6,2018,2010,1.01811977
MN-508,Moorhead/West Central Minnesota CoC,2019,639.37,468.41,216,215,1,2019,2010,1.0
MN-509,Duluth/St. Louis County CoC,2010,678.13,431.12,524,406,118,2010,2010,1.17243736
MN-509,Duluth/St. Louis County CoC,2011,678.91,438.12,494,370,124,2011,2010,1.13656147
MN-509,Duluth/St. Louis County CoC,2012,674.37,436.08,568,386,182,2012,2010,1.11351777
MN-509,Duluth/St. Louis County CoC,2013,672.81,430.64,410,300,110,2013,2010,1.09744288
MN-509,Duluth/St. Louis County CoC,2014,670.81,427.48,429,305,124,2014,2010,1.07992447
MN-509,Duluth/St. Louis County CoC,2015,668.19,423.82,490,323,167,2015,2010,1.07864415
MN-509,Duluth/St. Louis County CoC,2016,666.34,419.93,528,370,158,2016,2010,1.06520643
MN-509,Duluth/St. Louis County CoC,2017,683.83,427.78,505,312,193,2017,2010,1.04298711
MN-509,Duluth/St. Louis County CoC,2018,692.24,437.59,425,277,148,2018,2010,1.01811977
MN-509,Duluth/St. Louis County CoC,2019,712.68,442.03,519,336,183,2019,2010,1.0
MN-511,Southwest Minnesota CoC,2010,525.92,359.52,73,61,12,2010,2010,1.17243736
MN-511,Southwest Minnesota CoC,2011,522.59,368.2,117,107,10,2011,2010,1.13656147
MN-511,Southwest Minnesota CoC,2012,532.8,371.31,161,133,28,2012,2010,1.11351777
MN-511,Southwest Minnesota CoC,2013,541.14,375.75,137,112,25,2013,2010,1.09744288
MN-511,Southwest Minnesota CoC,2014,534.47,379.78,180,180,0,2014,2010,1.07992447
MN-511,Southwest Minnesota CoC,2015,539.6,381.58,124,110,14,2015,2010,1.07864415
MN-511,Southwest Minnesota CoC,2016,546.91,389.9,123,117,6,2016,2010,1.06520643
MN-511,Southwest Minnesota CoC,2017,548.24,393.63,108,100,8,2017,2010,1.04298711
MN-511,Southwest Minnesota CoC,2018,553.5,397.56,65,65,0,2018,2010,1.01811977
MN-511,Southwest Minnesota CoC,2019,561.38,407.16,88,82,6,2019,2010,1.0
MO-500,St. Louis County CoC,2010,777.63,603.28,659,408,251,2010,2010,1.17243736
MO-500,St. Louis County CoC,2011,775.64,598.2,657,552,105,2011,2010,1.13656147
MO-500,St. Louis County CoC,2012,775.89,598.43,543,438,105,2012,2010,1.11351777
MO-500,St. Louis County CoC,2013,787.17,598.86,388,359,29,2013,2010,1.09744288
MO-500,St. Louis County CoC,2014,786.24,593.59,402,347,55,2014,2010,1.07992447
MO-500,St. Louis County CoC,2015,791.3,599.45,438,379,59,2015,2010,1.07864415
MO-500,St. Louis County CoC,2016,804.01,610.79,465,417,48,2016,2010,1.06520643
MO-500,St. Louis County CoC,2017,812.93,622.02,462,418,44,2017,2010,1.04298711
MO-500,St. Louis County CoC,2018,811.53,619.76,450,424,26,2018,2010,1.01811977
MO-500,St. Louis County CoC,2019,826.22,628.64,487,460,27,2019,2010,1.0
MO-501,St. Louis City CoC,2010,591.53,450.4,1305,1168,137,2010,2010,1.17243736
MO-501,St. Louis City CoC,2011,596.67,457.66,1344,1215,129,2011,2010,1.13656147
MO-501,St. Louis City CoC,2012,609.87,462.64,1506,1381,125,2012,2010,1.11351777
MO-501,St. Louis City CoC,2013,617.32,465.78,1423,1327,96,2013,2010,1.09744288
MO-501,St. Louis City CoC,2014,621.47,464.65,1354,1258,96,2014,2010,1.07992447
MO-501,St. Louis City CoC,2015,635.7,470.21,1312,1200,112,2015,2010,1.07864415
MO-501,St. Louis City CoC,2016,645.05,472.57,1248,1150,98,2016,2010,1.06520643
MO-501,St. Louis City CoC,2017,641.46,473.91,1336,1194,142,2017,2010,1.04298711
MO-501,St. Louis City CoC,2018,654.18,487.46,949,852,97,2018,2010,1.01811977
MO-501,St. Louis City CoC,2019,673.16,498.01,1031,978,53,2019,2010,1.0
MO-503,"St. Charles, Lincoln, Warren Counties CoC",2010,786.47,598.26,1089,688,401,2010,2010,1.17243736
MO-503,"St. Charles, Lincoln, Warren Counties CoC",2011,788.08,592.47,1003,626,377,2011,2010,1.13656147
MO-503,"St. Charles, Lincoln, Warren Counties CoC",2012,797.38,595.43,1023,544,479,2012,2010,1.11351777
MO-503,"St. Charles, Lincoln, Warren Counties CoC",2013,806.01,603.57,940,576,364,2013,2010,1.09744288
MO-503,"St. Charles, Lincoln, Warren Counties CoC",2014,810.81,611.77,896,614,282,2014,2010,1.07992447
MO-503,"St. Charles, Lincoln, Warren Counties CoC",2015,835.15,625.05,803,556,247,2015,2010,1.07864415
MO-503,"St. Charles, Lincoln, Warren Counties CoC",2016,833.2,633.45,610,380,230,2016,2010,1.06520643
MO-503,"St. Charles, Lincoln, Warren Counties CoC",2017,839.53,638.17,578,351,227,2017,2010,1.04298711
MO-503,"St. Charles, Lincoln, Warren Counties CoC",2018,847.33,634.0,532,370,162,2018,2010,1.01811977
MO-503,"St. Charles, Lincoln, Warren Counties CoC",2019,870.97,639.39,438,311,127,2019,2010,1.0
MO-600,"Springfield/Greene, Christian, Webster Counties CoC",2010,598.63,472.91,662,503,159,2010,2010,1.17243736
MO-600,"Springfield/Greene, Christian, Webster Counties CoC",2011,602.92,469.96,591,464,127,2011,2010,1.13656147
MO-600,"Springfield/Greene, Christian, Webster Counties CoC",2012,600.62,472.35,662,494,168,2012,2010,1.11351777
MO-600,"Springfield/Greene, Christian, Webster Counties CoC",2013,598.55,470.42,711,529,182,2013,2010,1.09744288
MO-600,"Springfield/Greene, Christian, Webster Counties CoC",2014,592.58,465.64,656,572,84,2014,2010,1.07992447
MO-600,"Springfield/Greene, Christian, Webster Counties CoC",2015,599.45,469.4,584,409,175,2015,2010,1.07864415
MO-600,"Springfield/Greene, Christian, Webster Counties CoC",2016,603.62,472.51,496,284,212,2016,2010,1.06520643
MO-600,"Springfield/Greene, Christian, Webster Counties CoC",2017,606.42,474.92,455,255,200,2017,2010,1.04298711
MO-600,"Springfield/Greene, Christian, Webster Counties CoC",2018,610.58,479.3,479,282,197,2018,2010,1.01811977
MO-600,"Springfield/Greene, Christian, Webster Counties CoC",2019,616.57,482.51,492,411,81,2019,2010,1.0
MO-602,"Joplin/Jasper, Newton Counties CoC",2010,513.19,393.52,393,319,74,2010,2010,1.17243736
MO-602,"Joplin/Jasper, Newton Counties CoC",2011,508.08,391.16,457,341,116,2011,2010,1.13656147
MO-602,"Joplin/Jasper, Newton Counties CoC",2012,513.22,395.64,1724,1666,58,2012,2010,1.11351777
MO-602,"Joplin/Jasper, Newton Counties CoC",2013,517.17,404.7,574,539,35,2013,2010,1.09744288
MO-602,"Joplin/Jasper, Newton Counties CoC",2014,524.04,416.36,315,281,34,2014,2010,1.07992447
MO-602,"Joplin/Jasper, Newton Counties CoC",2015,537.02,421.65,258,238,20,2015,2010,1.07864415
MO-602,"Joplin/Jasper, Newton Counties CoC",2016,550.27,425.92,297,238,59,2016,2010,1.06520643
MO-602,"Joplin/Jasper, Newton Counties CoC",2017,551.27,429.89,270,229,41,2017,2010,1.04298711
MO-602,"Joplin/Jasper, Newton Counties CoC",2018,542.21,418.28,275,220,55,2018,2010,1.01811977
MO-602,"Joplin/Jasper, Newton Counties CoC",2019,546.3,416.52,237,188,49,2019,2010,1.0
MO-603,"St. Joseph/Andrew, Buchanan, DeKalb Counties CoC",2010,542.12,418.13,164,138,26,2010,2010,1.17243736
MO-603,"St. Joseph/Andrew, Buchanan, DeKalb Counties CoC",2011,546.1,418.69,181,156,25,2011,2010,1.13656147
MO-603,"St. Joseph/Andrew, Buchanan, DeKalb Counties CoC",2012,561.83,424.26,186,171,15,2012,2010,1.11351777
MO-603,"St. Joseph/Andrew, Buchanan, DeKalb Counties CoC",2013,559.64,434.18,186,177,9,2013,2010,1.09744288
MO-603,"St. Joseph/Andrew, Buchanan, DeKalb Counties CoC",2014,546.54,419.65,200,194,6,2014,2010,1.07992447
MO-603,"St. Joseph/Andrew, Buchanan, DeKalb Counties CoC",2015,566.07,433.99,164,156,8,2015,2010,1.07864415
MO-603,"St. Joseph/Andrew, Buchanan, DeKalb Counties CoC",2016,562.35,433.59,195,185,10,2016,2010,1.06520643
MO-603,"St. Joseph/Andrew, Buchanan, DeKalb Counties CoC",2017,566.38,439.66,210,192,18,2017,2010,1.04298711
MO-603,"St. Joseph/Andrew, Buchanan, DeKalb Counties CoC",2018,564.81,425.9,204,174,30,2018,2010,1.01811977
MO-603,"St. Joseph/Andrew, Buchanan, DeKalb Counties CoC",2019,572.43,435.11,255,218,37,2019,2010,1.0
MO-604,"Kansas City (MO&KS), Independence, Lee’s Summit/Jackson, Wyandotte Counties CoC",2010,682.75,517.58,2153,1946,207,2010,2010,1.17243736
MO-604,"Kansas City (MO&KS), Independence, Lee’s Summit/Jackson, Wyandotte Counties CoC",2011,681.0,518.23,2992,2020,972,2011,2010,1.13656147
MO-604,"Kansas City (MO&KS), Independence, Lee’s Summit/Jackson, Wyandotte Counties CoC",2012,682.81,520.3,2705,1876,829,2012,2010,1.11351777
MO-604,"Kansas City (MO&KS), Independence, Lee’s Summit/Jackson, Wyandotte Counties CoC",2013,687.32,523.93,2691,1766,925,2013,2010,1.09744288
MO-604,"Kansas City (MO&KS), Independence, Lee’s Summit/Jackson, Wyandotte Counties CoC",2014,688.17,524.59,2193,1918,275,2014,2010,1.07992447
MO-604,"Kansas City (MO&KS), Independence, Lee’s Summit/Jackson, Wyandotte Counties CoC",2015,692.31,529.8,1686,1530,156,2015,2010,1.07864415
MO-604,"Kansas City (MO&KS), Independence, Lee’s Summit/Jackson, Wyandotte Counties CoC",2016,701.35,533.22,1699,1465,234,2016,2010,1.06520643
MO-604,"Kansas City (MO&KS), Independence, Lee’s Summit/Jackson, Wyandotte Counties CoC",2017,712.34,537.85,1671,1442,229,2017,2010,1.04298711
MO-604,"Kansas City (MO&KS), Independence, Lee’s Summit/Jackson, Wyandotte Counties CoC",2018,724.12,540.68,1798,1474,324,2018,2010,1.01811977
MO-604,"Kansas City (MO&KS), Independence, Lee’s Summit/Jackson, Wyandotte Counties CoC",2019,740.75,550.2,1979,1659,320,2019,2010,1.0
MO-606,Missouri Balance of State CoC,2010,519.08,359.79,1912,1339,573,2010,2010,1.17243736
MO-606,Missouri Balance of State CoC,2011,520.68,360.7,1967,1516,451,2011,2010,1.13656147
MO-606,Missouri Balance of State CoC,2012,522.42,362.91,2114,1469,645,2012,2010,1.11351777
MO-606,Missouri Balance of State CoC,2013,527.74,369.34,2030,1472,558,2013,2010,1.09744288
MO-606,Missouri Balance of State CoC,2014,530.89,372.0,1528,1341,187,2014,2010,1.07992447
MO-606,Missouri Balance of State CoC,2015,536.99,379.05,1477,1148,329,2015,2010,1.07864415
MO-606,Missouri Balance of State CoC,2016,542.96,384.32,1431,1056,375,2016,2010,1.06520643
MO-606,Missouri Balance of State CoC,2017,546.53,385.4,1244,952,292,2017,2010,1.04298711
MO-606,Missouri Balance of State CoC,2018,550.97,386.92,1345,983,362,2018,2010,1.01811977
MO-606,Missouri Balance of State CoC,2019,557.41,394.57,1362,1003,359,2019,2010,1.0
MS-500,"Jackson/Rankin, Madison Counties CoC",2010,681.78,489.63,914,432,482,2010,2010,1.17243736
MS-500,"Jackson/Rankin, Madison Counties CoC",2011,683.64,487.05,826,390,436,2011,2010,1.13656147
MS-500,"Jackson/Rankin, Madison Counties CoC",2012,681.75,480.59,1037,380,657,2012,2010,1.11351777
MS-500,"Jackson/Rankin, Madison Counties CoC",2013,689.53,493.85,760,320,440,2013,2010,1.09744288
MS-500,"Jackson/Rankin, Madison Counties CoC",2014,690.28,496.72,846,511,335,2014,2010,1.07992447
MS-500,"Jackson/Rankin, Madison Counties CoC",2015,694.36,501.86,762,426,336,2015,2010,1.07864415
MS-500,"Jackson/Rankin, Madison Counties CoC",2016,699.01,512.23,633,297,336,2016,2010,1.06520643
MS-500,"Jackson/Rankin, Madison Counties CoC",2017,705.76,517.78,511,231,280,2017,2010,1.04298711
MS-500,"Jackson/Rankin, Madison Counties CoC",2018,711.22,522.04,446,309,137,2018,2010,1.01811977
MS-500,"Jackson/Rankin, Madison Counties CoC",2019,706.59,516.56,408,302,106,2019,2010,1.0
MS-501,Mississippi Balance of State CoC,2010,484.03,307.96,1242,660,582,2010,2010,1.17243736
MS-501,Mississippi Balance of State CoC,2011,490.06,314.86,951,512,439,2011,2010,1.13656147
MS-501,Mississippi Balance of State CoC,2012,495.66,318.48,1018,579,439,2012,2010,1.11351777
MS-501,Mississippi Balance of State CoC,2013,504.99,327.07,1052,692,360,2013,2010,1.09744288
MS-501,Mississippi Balance of State CoC,2014,508.98,329.95,954,700,254,2014,2010,1.07992447
MS-501,Mississippi Balance of State CoC,2015,521.84,336.36,809,566,243,2015,2010,1.07864415
MS-501,Mississippi Balance of State CoC,2016,523.5,339.0,785,479,306,2016,2010,1.06520643
MS-501,Mississippi Balance of State CoC,2017,530.29,342.21,697,451,246,2017,2010,1.04298711
MS-501,Mississippi Balance of State CoC,2018,534.22,346.52,560,297,263,2018,2010,1.01811977
MS-501,Mississippi Balance of State CoC,2019,540.92,351.42,480,291,189,2019,2010,1.0
MS-503,Gulf Port/Gulf Coast Regional CoC,2010,753.61,522.4,587,89,498,2010,2010,1.17243736
MS-503,Gulf Port/Gulf Coast Regional CoC,2011,758.45,543.47,529,154,375,2011,2010,1.13656147
MS-503,Gulf Port/Gulf Coast Regional CoC,2012,742.59,541.69,358,83,275,2012,2010,1.11351777
MS-503,Gulf Port/Gulf Coast Regional CoC,2013,732.22,552.36,591,71,520,2013,2010,1.09744288
MS-503,Gulf Port/Gulf Coast Regional CoC,2014,714.68,544.78,426,194,232,2014,2010,1.07992447
MS-503,Gulf Port/Gulf Coast Regional CoC,2015,702.84,544.95,412,149,263,2015,2010,1.07864415
MS-503,Gulf Port/Gulf Coast Regional CoC,2016,697.44,540.28,320,113,207,2016,2010,1.06520643
MS-503,Gulf Port/Gulf Coast Regional CoC,2017,699.44,538.85,264,71,193,2017,2010,1.04298711
MS-503,Gulf Port/Gulf Coast Regional CoC,2018,701.46,530.53,346,125,221,2018,2010,1.01811977
MS-503,Gulf Port/Gulf Coast Regional CoC,2019,701.71,531.57,296,105,191,2019,2010,1.0
MT-500,Montana Statewide CoC,2010,628.2,440.47,1615,1168,447,2010,2010,1.17243736
MT-500,Montana Statewide CoC,2011,630.64,444.19,1768,1216,552,2011,2010,1.13656147
MT-500,Montana Statewide CoC,2012,637.09,453.02,1833,1153,680,2012,2010,1.11351777
MT-500,Montana Statewide CoC,2013,650.62,458.58,1878,1094,784,2013,2010,1.09744288
MT-500,Montana Statewide CoC,2014,654.46,465.3,1745,911,834,2014,2010,1.07992447
MT-500,Montana Statewide CoC,2015,672.36,476.06,1709,837,872,2015,2010,1.07864415
MT-500,Montana Statewide CoC,2016,685.33,484.34,1418,788,630,2016,2010,1.06520643
MT-500,Montana Statewide CoC,2017,692.42,492.71,1529,985,544,2017,2010,1.04298711
MT-500,Montana Statewide CoC,2018,703.68,502.13,1405,1032,373,2018,2010,1.01811977
MT-500,Montana Statewide CoC,2019,724.37,510.42,1357,1012,345,2019,2010,1.0
NC-500,Winston-Salem/Forsyth County CoC,2010,649.05,493.16,543,502,41,2010,2010,1.17243736
NC-500,Winston-Salem/Forsyth County CoC,2011,643.11,495.5,527,476,51,2011,2010,1.13656147
NC-500,Winston-Salem/Forsyth County CoC,2012,637.52,488.4,556,436,120,2012,2010,1.11351777
NC-500,Winston-Salem/Forsyth County CoC,2013,642.16,484.87,394,381,13,2013,2010,1.09744288
NC-500,Winston-Salem/Forsyth County CoC,2014,644.47,488.0,515,496,19,2014,2010,1.07992447
NC-500,Winston-Salem/Forsyth County CoC,2015,647.22,488.31,571,549,22,2015,2010,1.07864415
NC-500,Winston-Salem/Forsyth County CoC,2016,651.11,489.91,544,506,38,2016,2010,1.06520643
NC-500,Winston-Salem/Forsyth County CoC,2017,661.54,505.46,453,428,25,2017,2010,1.04298711
NC-500,Winston-Salem/Forsyth County CoC,2018,665.19,509.34,440,407,33,2018,2010,1.01811977
NC-500,Winston-Salem/Forsyth County CoC,2019,676.53,511.49,454,430,24,2019,2010,1.0
NC-501,Asheville/Buncombe County CoC,2010,713.6,507.13,516,462,54,2010,2010,1.17243736
NC-501,Asheville/Buncombe County CoC,2011,720.49,518.02,514,452,62,2011,2010,1.13656147
NC-501,Asheville/Buncombe County CoC,2012,717.42,520.21,560,478,82,2012,2010,1.11351777
NC-501,Asheville/Buncombe County CoC,2013,733.26,532.04,570,513,57,2013,2010,1.09744288
NC-501,Asheville/Buncombe County CoC,2014,748.41,544.45,530,465,65,2014,2010,1.07992447
NC-501,Asheville/Buncombe County CoC,2015,750.18,546.07,562,488,74,2015,2010,1.07864415
NC-501,Asheville/Buncombe County CoC,2016,773.79,558.14,509,437,72,2016,2010,1.06520643
NC-501,Asheville/Buncombe County CoC,2017,794.89,563.68,562,457,105,2017,2010,1.04298711
NC-501,Asheville/Buncombe County CoC,2018,825.56,564.58,554,497,57,2018,2010,1.01811977
NC-501,Asheville/Buncombe County CoC,2019,844.52,582.17,580,502,78,2019,2010,1.0
NC-502,Durham City & County CoC,2010,784.07,617.0,675,607,68,2010,2010,1.17243736
NC-502,Durham City & County CoC,2011,780.44,604.47,597,539,58,2011,2010,1.13656147
NC-502,Durham City & County CoC,2012,781.12,598.0,698,635,63,2012,2010,1.11351777
NC-502,Durham City & County CoC,2013,783.69,605.25,753,700,53,2013,2010,1.09744288
NC-502,Durham City & County CoC,2014,789.36,606.97,811,758,53,2014,2010,1.07992447
NC-502,Durham City & County CoC,2015,808.89,623.22,813,769,44,2015,2010,1.07864415
NC-502,Durham City & County CoC,2016,829.77,639.11,354,322,32,2016,2010,1.06520643
NC-502,Durham City & County CoC,2017,861.28,653.72,354,294,60,2017,2010,1.04298711
NC-502,Durham City & County CoC,2018,876.57,668.1,338,285,53,2018,2010,1.01811977
NC-502,Durham City & County CoC,2019,913.82,701.72,361,280,81,2019,2010,1.0
NC-503,North Carolina Balance of State CoC,2010,561.23,394.56,2851,2206,645,2010,2010,1.17243736
NC-503,North Carolina Balance of State CoC,2011,564.96,395.38,2987,2306,681,2011,2010,1.13656147
NC-503,North Carolina Balance of State CoC,2012,569.64,396.3,2922,2266,656,2012,2010,1.11351777
NC-503,North Carolina Balance of State CoC,2013,576.42,401.35,3625,2467,1158,2013,2010,1.09744288
NC-503,North Carolina Balance of State CoC,2014,580.16,403.21,3195,2508,687,2014,2010,1.07992447
NC-503,North Carolina Balance of State CoC,2015,584.17,408.89,3021,2361,660,2015,2010,1.07864415
NC-503,North Carolina Balance of State CoC,2016,588.42,413.66,2963,2128,835,2016,2010,1.06520643
NC-503,North Carolina Balance of State CoC,2017,592.84,416.48,3054,2102,952,2017,2010,1.04298711
NC-503,North Carolina Balance of State CoC,2018,596.56,415.23,2991,2023,968,2018,2010,1.01811977
NC-503,North Carolina Balance of State CoC,2019,603.32,418.21,2989,2139,850,2019,2010,1.0
NC-504,"Greensboro, High Point/Guilford County CoC",2010,684.84,527.19,1070,934,136,2010,2010,1.17243736
NC-504,"Greensboro, High Point/Guilford County CoC",2011,679.6,518.18,1024,900,124,2011,2010,1.13656147
NC-504,"Greensboro, High Point/Guilford County CoC",2012,681.08,515.46,990,835,155,2012,2010,1.11351777
NC-504,"Greensboro, High Point/Guilford County CoC",2013,678.29,519.07,949,781,168,2013,2010,1.09744288
NC-504,"Greensboro, High Point/Guilford County CoC",2014,681.03,520.79,897,798,99,2014,2010,1.07992447
NC-504,"Greensboro, High Point/Guilford County CoC",2015,692.58,534.2,665,551,114,2015,2010,1.07864415
NC-504,"Greensboro, High Point/Guilford County CoC",2016,689.83,542.75,721,637,84,2016,2010,1.06520643
NC-504,"Greensboro, High Point/Guilford County CoC",2017,697.18,547.92,573,469,104,2017,2010,1.04298711
NC-504,"Greensboro, High Point/Guilford County CoC",2018,705.88,549.2,657,545,112,2018,2010,1.01811977
NC-504,"Greensboro, High Point/Guilford County CoC",2019,724.66,552.91,586,525,61,2019,2010,1.0
NC-505,Charlotte/Mecklenburg County CoC,2010,834.39,647.91,2841,2090,751,2010,2010,1.17243736
NC-505,Charlotte/Mecklenburg County CoC,2011,833.82,647.65,2847,2532,315,2011,2010,1.13656147
NC-505,Charlotte/Mecklenburg County CoC,2012,837.28,649.07,2567,2266,301,2012,2010,1.11351777
NC-505,Charlotte/Mecklenburg County CoC,2013,849.39,651.83,2418,2135,283,2013,2010,1.09744288
NC-505,Charlotte/Mecklenburg County CoC,2014,859.78,657.21,2014,1850,164,2014,2010,1.07992447
NC-505,Charlotte/Mecklenburg County CoC,2015,886.34,672.09,2001,1821,180,2015,2010,1.07864415
NC-505,Charlotte/Mecklenburg County CoC,2016,908.74,689.88,1818,1631,187,2016,2010,1.06520643
NC-505,Charlotte/Mecklenburg County CoC,2017,942.72,712.51,1476,1261,215,2017,2010,1.04298711
NC-505,Charlotte/Mecklenburg County CoC,2018,981.11,736.22,1668,1459,209,2018,2010,1.01811977
NC-505,Charlotte/Mecklenburg County CoC,2019,1018.01,769.42,1742,1546,196,2019,2010,1.0
NC-506,"Wilmington/Brunswick, New Hanover, Pender Counties CoC",2010,795.86,584.95,678,571,107,2010,2010,1.17243736
NC-506,"Wilmington/Brunswick, New Hanover, Pender Counties CoC",2011,803.09,584.98,483,392,91,2011,2010,1.13656147
NC-506,"Wilmington/Brunswick, New Hanover, Pender Counties CoC",2012,815.66,591.3,469,316,153,2012,2010,1.11351777
NC-506,"Wilmington/Brunswick, New Hanover, Pender Counties CoC",2013,817.95,588.77,348,245,103,2013,2010,1.09744288
NC-506,"Wilmington/Brunswick, New Hanover, Pender Counties CoC",2014,817.58,587.3,321,234,87,2014,2010,1.07992447
NC-506,"Wilmington/Brunswick, New Hanover, Pender Counties CoC",2015,810.08,582.44,390,269,121,2015,2010,1.07864415
NC-506,"Wilmington/Brunswick, New Hanover, Pender Counties CoC",2016,818.7,584.43,389,261,128,2016,2010,1.06520643
NC-506,"Wilmington/Brunswick, New Hanover, Pender Counties CoC",2017,808.66,584.53,322,235,87,2017,2010,1.04298711
NC-506,"Wilmington/Brunswick, New Hanover, Pender Counties CoC",2018,825.33,603.36,333,206,127,2018,2010,1.01811977
NC-506,"Wilmington/Brunswick, New Hanover, Pender Counties CoC",2019,853.83,619.78,431,269,162,2019,2010,1.0
NC-507,Raleigh/Wake County CoC,2010,837.2,682.87,1180,1059,121,2010,2010,1.17243736
NC-507,Raleigh/Wake County CoC,2011,836.98,686.68,1150,998,152,2011,2010,1.13656147
NC-507,Raleigh/Wake County CoC,2012,841.25,687.24,1116,928,188,2012,2010,1.11351777
NC-507,Raleigh/Wake County CoC,2013,858.29,697.13,1098,1002,96,2013,2010,1.09744288
NC-507,Raleigh/Wake County CoC,2014,867.97,702.62,1170,1046,124,2014,2010,1.07992447
NC-507,Raleigh/Wake County CoC,2015,892.11,711.78,904,756,148,2015,2010,1.07864415
NC-507,Raleigh/Wake County CoC,2016,924.54,734.5,818,680,138,2016,2010,1.06520643
NC-507,Raleigh/Wake County CoC,2017,953.25,753.35,884,696,188,2017,2010,1.04298711
NC-507,Raleigh/Wake County CoC,2018,984.05,771.14,983,791,192,2018,2010,1.01811977
NC-507,Raleigh/Wake County CoC,2019,1016.78,801.14,970,734,236,2019,2010,1.0
NC-509,"Gastonia/Cleveland, Gaston, Lincoln Counties CoC",2010,574.51,442.47,324,206,118,2010,2010,1.17243736
NC-509,"Gastonia/Cleveland, Gaston, Lincoln Counties CoC",2011,569.1,450.09,378,131,247,2011,2010,1.13656147
NC-509,"Gastonia/Cleveland, Gaston, Lincoln Counties CoC",2012,565.5,447.62,611,129,482,2012,2010,1.11351777
NC-509,"Gastonia/Cleveland, Gaston, Lincoln Counties CoC",2013,564.71,442.16,384,274,110,2013,2010,1.09744288
NC-509,"Gastonia/Cleveland, Gaston, Lincoln Counties CoC",2014,566.24,446.62,423,232,191,2014,2010,1.07992447
NC-509,"Gastonia/Cleveland, Gaston, Lincoln Counties CoC",2015,574.12,455.76,281,244,37,2015,2010,1.07864415
NC-509,"Gastonia/Cleveland, Gaston, Lincoln Counties CoC",2016,573.51,448.98,328,243,85,2016,2010,1.06520643
NC-509,"Gastonia/Cleveland, Gaston, Lincoln Counties CoC",2017,582.15,448.3,249,171,78,2017,2010,1.04298711
NC-509,"Gastonia/Cleveland, Gaston, Lincoln Counties CoC",2018,595.39,451.69,331,205,126,2018,2010,1.01811977
NC-509,"Gastonia/Cleveland, Gaston, Lincoln Counties CoC",2019,602.58,446.49,324,252,72,2019,2010,1.0
NC-511,Fayetteville/Cumberland County CoC,2010,735.6,523.02,1033,294,739,2010,2010,1.17243736
NC-511,Fayetteville/Cumberland County CoC,2011,747.87,529.15,1061,285,776,2011,2010,1.13656147
NC-511,Fayetteville/Cumberland County CoC,2012,756.86,542.74,1606,306,1300,2012,2010,1.11351777
NC-511,Fayetteville/Cumberland County CoC,2013,751.98,542.64,631,287,344,2013,2010,1.09744288
NC-511,Fayetteville/Cumberland County CoC,2014,754.19,546.91,653,268,385,2014,2010,1.07992447
NC-511,Fayetteville/Cumberland County CoC,2015,757.28,550.28,593,227,366,2015,2010,1.07864415
NC-511,Fayetteville/Cumberland County CoC,2016,758.71,554.25,515,224,291,2016,2010,1.06520643
NC-511,Fayetteville/Cumberland County CoC,2017,751.02,547.64,442,189,253,2017,2010,1.04298711
NC-511,Fayetteville/Cumberland County CoC,2018,752.38,548.47,372,147,225,2018,2010,1.01811977
NC-511,Fayetteville/Cumberland County CoC,2019,744.58,547.92,329,103,226,2019,2010,1.0
NC-513,Chapel Hill/Orange County CoC,2010,831.13,674.0,135,118,17,2010,2010,1.17243736
NC-513,Chapel Hill/Orange County CoC,2011,824.73,671.2,136,103,33,2011,2010,1.13656147
NC-513,Chapel Hill/Orange County CoC,2012,830.28,664.76,110,82,28,2012,2010,1.11351777
NC-513,Chapel Hill/Orange County CoC,2013,835.01,660.31,123,93,30,2013,2010,1.09744288
NC-513,Chapel Hill/Orange County CoC,2014,854.5,677.35,108,99,9,2014,2010,1.07992447
NC-513,Chapel Hill/Orange County CoC,2015,880.59,687.5,129,109,20,2015,2010,1.07864415
NC-513,Chapel Hill/Orange County CoC,2016,909.19,679.71,80,65,15,2016,2010,1.06520643
NC-513,Chapel Hill/Orange County CoC,2017,941.0,713.41,127,90,37,2017,2010,1.04298711
NC-513,Chapel Hill/Orange County CoC,2018,964.49,728.35,152,113,39,2018,2010,1.01811977
NC-513,Chapel Hill/Orange County CoC,2019,974.0,733.25,131,102,29,2019,2010,1.0
NC-516,Northwest North Carolina CoC,2010,570.51,406.03,345,124,221,2010,2010,1.17243736
NC-516,Northwest North Carolina CoC,2011,572.82,401.69,1192,131,1061,2011,2010,1.13656147
NC-516,Northwest North Carolina CoC,2012,590.54,399.76,1319,132,1187,2012,2010,1.11351777
NC-516,Northwest North Carolina CoC,2013,590.68,398.67,875,135,740,2013,2010,1.09744288
NC-516,Northwest North Carolina CoC,2014,582.32,397.97,854,120,734,2014,2010,1.07992447
NC-516,Northwest North Carolina CoC,2015,583.55,391.66,755,116,639,2015,2010,1.07864415
NC-516,Northwest North Carolina CoC,2016,588.87,395.99,520,116,404,2016,2010,1.06520643
NC-516,Northwest North Carolina CoC,2017,575.03,392.06,466,119,347,2017,2010,1.04298711
NC-516,Northwest North Carolina CoC,2018,555.62,392.91,449,140,309,2018,2010,1.01811977
NC-516,Northwest North Carolina CoC,2019,572.79,412.39,417,164,253,2019,2010,1.0
ND-500,North Dakota Statewide CoC,2010,571.94,417.58,799,768,31,2010,2010,1.17243736
ND-500,North Dakota Statewide CoC,2011,582.2,427.95,603,560,43,2011,2010,1.13656147
ND-500,North Dakota Statewide CoC,2012,593.06,444.44,688,635,53,2012,2010,1.11351777
ND-500,North Dakota Statewide CoC,2013,623.06,459.09,2069,674,1395,2013,2010,1.09744288
ND-500,North Dakota Statewide CoC,2014,643.88,472.51,1258,794,464,2014,2010,1.07992447
ND-500,North Dakota Statewide CoC,2015,690.58,494.8,1305,819,486,2015,2010,1.07864415
ND-500,North Dakota Statewide CoC,2016,723.7,519.72,923,707,216,2016,2010,1.06520643
ND-500,North Dakota Statewide CoC,2017,737.85,536.67,1089,758,331,2017,2010,1.04298711
ND-500,North Dakota Statewide CoC,2018,747.22,543.08,542,494,48,2018,2010,1.01811977
ND-500,North Dakota Statewide CoC,2019,752.27,546.8,557,545,12,2019,2010,1.0
NE-500,Nebraska Balance of State CoC,2010,489.43,355.73,1540,1196,344,2010,2010,1.17243736
NE-500,Nebraska Balance of State CoC,2011,489.72,356.68,1121,719,402,2011,2010,1.13656147
NE-500,Nebraska Balance of State CoC,2012,493.3,358.09,1278,593,685,2012,2010,1.11351777
NE-500,Nebraska Balance of State CoC,2013,502.1,362.21,713,660,53,2013,2010,1.09744288
NE-500,Nebraska Balance of State CoC,2014,504.11,366.35,560,523,37,2014,2010,1.07992447
NE-500,Nebraska Balance of State CoC,2015,514.83,373.29,549,525,24,2015,2010,1.07864415
NE-500,Nebraska Balance of State CoC,2016,524.06,379.82,551,539,12,2016,2010,1.06520643
NE-500,Nebraska Balance of State CoC,2017,529.26,384.23,506,492,14,2017,2010,1.04298711
NE-500,Nebraska Balance of State CoC,2018,539.65,387.19,559,524,35,2018,2010,1.01811977
NE-500,Nebraska Balance of State CoC,2019,550.89,396.76,506,486,20,2019,2010,1.0
NE-501,"Omaha, Council Bluffs CoC",2010,737.33,561.36,1429,1335,94,2010,2010,1.17243736
NE-501,"Omaha, Council Bluffs CoC",2011,733.05,560.23,1580,1544,36,2011,2010,1.13656147
NE-501,"Omaha, Council Bluffs CoC",2012,734.99,565.76,1530,1508,22,2012,2010,1.11351777
NE-501,"Omaha, Council Bluffs CoC",2013,743.43,571.2,1476,1459,17,2013,2010,1.09744288
NE-501,"Omaha, Council Bluffs CoC",2014,749.93,575.17,1630,1604,26,2014,2010,1.07992447
NE-501,"Omaha, Council Bluffs CoC",2015,757.02,575.78,1481,1437,44,2015,2010,1.07864415
NE-501,"Omaha, Council Bluffs CoC",2016,771.28,580.56,1509,1452,57,2016,2010,1.06520643
NE-501,"Omaha, Council Bluffs CoC",2017,780.54,594.01,1389,1332,57,2017,2010,1.04298711
NE-501,"Omaha, Council Bluffs CoC",2018,788.86,606.5,1411,1347,64,2018,2010,1.01811977
NE-501,"Omaha, Council Bluffs CoC",2019,806.22,612.41,1410,1364,46,2019,2010,1.0
NE-502,Lincoln CoC,2010,662.15,496.62,908,824,84,2010,2010,1.17243736
NE-502,Lincoln CoC,2011,658.54,491.72,847,778,69,2011,2010,1.13656147
NE-502,Lincoln CoC,2012,658.3,490.57,981,856,125,2012,2010,1.11351777
NE-502,Lincoln CoC,2013,655.29,492.4,956,853,103,2013,2010,1.09744288
NE-502,Lincoln CoC,2014,660.74,490.94,836,790,46,2014,2010,1.07992447
NE-502,Lincoln CoC,2015,663.38,495.4,714,659,55,2015,2010,1.07864415
NE-502,Lincoln CoC,2016,675.21,503.05,694,662,32,2016,2010,1.06520643
NE-502,Lincoln CoC,2017,691.19,515.63,606,557,49,2017,2010,1.04298711
NE-502,Lincoln CoC,2018,713.43,531.48,451,406,45,2018,2010,1.01811977
NE-502,Lincoln CoC,2019,727.16,547.73,449,405,44,2019,2010,1.0
NH-500,New Hampshire Balance of State CoC,2010,946.77,704.58,813,710,103,2010,2010,1.17243736
NH-500,New Hampshire Balance of State CoC,2011,947.13,705.84,808,647,161,2011,2010,1.13656147
NH-500,New Hampshire Balance of State CoC,2012,947.56,705.65,761,695,66,2012,2010,1.11351777
NH-500,New Hampshire Balance of State CoC,2013,953.85,715.5,759,647,112,2013,2010,1.09744288
NH-500,New Hampshire Balance of State CoC,2014,941.43,711.74,689,627,62,2014,2010,1.07992447
NH-500,New Hampshire Balance of State CoC,2015,940.3,706.08,718,642,76,2015,2010,1.07864415
NH-500,New Hampshire Balance of State CoC,2016,942.53,712.81,670,594,76,2016,2010,1.06520643
NH-500,New Hampshire Balance of State CoC,2017,949.92,714.52,767,657,110,2017,2010,1.04298711
NH-500,New Hampshire Balance of State CoC,2018,952.9,710.03,742,620,122,2018,2010,1.01811977
NH-500,New Hampshire Balance of State CoC,2019,956.94,715.14,669,574,95,2019,2010,1.0
NH-501,Manchester CoC,2010,954.12,786.03,415,320,95,2010,2010,1.17243736
NH-501,Manchester CoC,2011,946.36,780.69,350,271,79,2011,2010,1.13656147
NH-501,Manchester CoC,2012,945.7,772.36,399,339,60,2012,2010,1.11351777
NH-501,Manchester CoC,2013,948.32,785.8,382,304,78,2013,2010,1.09744288
NH-501,Manchester CoC,2014,953.15,789.67,407,348,59,2014,2010,1.07992447
NH-501,Manchester CoC,2015,964.39,798.42,400,352,48,2015,2010,1.07864415
NH-501,Manchester CoC,2016,982.33,801.0,400,346,54,2016,2010,1.06520643
NH-501,Manchester CoC,2017,983.61,811.5,394,342,52,2017,2010,1.04298711
NH-501,Manchester CoC,2018,990.64,797.94,427,401,26,2018,2010,1.01811977
NH-501,Manchester CoC,2019,1012.11,800.62,461,410,51,2019,2010,1.0
NH-502,Nashua/Hillsborough County CoC,2010,1092.1,843.42,346,307,39,2010,2010,1.17243736
NH-502,Nashua/Hillsborough County CoC,2011,1080.77,828.68,311,241,70,2011,2010,1.13656147
NH-502,Nashua/Hillsborough County CoC,2012,1078.71,800.01,336,295,41,2012,2010,1.11351777
NH-502,Nashua/Hillsborough County CoC,2013,1073.53,814.86,306,294,12,2013,2010,1.09744288
NH-502,Nashua/Hillsborough County CoC,2014,1078.87,831.61,280,268,12,2014,2010,1.07992447
NH-502,Nashua/Hillsborough County CoC,2015,1077.61,837.14,327,319,8,2015,2010,1.07864415
NH-502,Nashua/Hillsborough County CoC,2016,1092.13,857.03,296,283,13,2016,2010,1.06520643
NH-502,Nashua/Hillsborough County CoC,2017,1115.61,865.08,295,283,12,2017,2010,1.04298711
NH-502,Nashua/Hillsborough County CoC,2018,1116.33,853.17,281,275,6,2018,2010,1.01811977
NH-502,Nashua/Hillsborough County CoC,2019,1120.82,845.59,266,263,3,2019,2010,1.0
NJ-500,Atlantic City & County CoC,2010,956.26,692.48,588,456,132,2010,2010,1.17243736
NJ-500,Atlantic City & County CoC,2011,949.05,694.36,533,447,86,2011,2010,1.13656147
NJ-500,Atlantic City & County CoC,2012,955.54,712.55,631,562,69,2012,2010,1.11351777
NJ-500,Atlantic City & County CoC,2013,944.31,728.57,746,686,60,2013,2010,1.09744288
NJ-500,Atlantic City & County CoC,2014,934.97,718.37,544,476,68,2014,2010,1.07992447
NJ-500,Atlantic City & County CoC,2015,944.01,727.1,548,474,74,2015,2010,1.07864415
NJ-500,Atlantic City & County CoC,2016,942.43,708.85,476,360,116,2016,2010,1.06520643
NJ-500,Atlantic City & County CoC,2017,913.54,668.45,422,313,109,2017,2010,1.04298711
NJ-500,Atlantic City & County CoC,2018,918.87,652.08,437,306,131,2018,2010,1.01811977
NJ-500,Atlantic City & County CoC,2019,923.43,652.44,357,261,96,2019,2010,1.0
NJ-501,Bergen County CoC,2010,1375.47,1065.23,522,450,72,2010,2010,1.17243736
NJ-501,Bergen County CoC,2011,1376.4,1061.65,1521,1494,27,2011,2010,1.13656147
NJ-501,Bergen County CoC,2012,1371.8,1064.42,454,422,32,2012,2010,1.11351777
NJ-501,Bergen County CoC,2013,1364.04,1057.95,346,328,18,2013,2010,1.09744288
NJ-501,Bergen County CoC,2014,1347.91,1047.98,371,338,33,2014,2010,1.07992447
NJ-501,Bergen County CoC,2015,1388.05,1057.76,340,307,33,2015,2010,1.07864415
NJ-501,Bergen County CoC,2016,1394.11,1070.23,296,285,11,2016,2010,1.06520643
NJ-501,Bergen County CoC,2017,1400.46,1074.93,302,297,5,2017,2010,1.04298711
NJ-501,Bergen County CoC,2018,1422.89,1076.66,354,331,23,2018,2010,1.01811977
NJ-501,Bergen County CoC,2019,1465.22,1091.23,271,267,4,2019,2010,1.0
NJ-502,Burlington County CoC,2010,1140.78,890.37,716,688,28,2010,2010,1.17243736
NJ-502,Burlington County CoC,2011,1157.82,897.75,1035,1008,27,2011,2010,1.13656147
NJ-502,Burlington County CoC,2012,1162.15,894.69,823,794,29,2012,2010,1.11351777
NJ-502,Burlington County CoC,2013,1167.73,897.96,671,629,42,2013,2010,1.09744288
NJ-502,Burlington County CoC,2014,1179.06,886.22,1020,999,21,2014,2010,1.07992447
NJ-502,Burlington County CoC,2015,1184.51,888.11,1347,1339,8,2015,2010,1.07864415
NJ-502,Burlington County CoC,2016,1197.2,891.27,926,913,13,2016,2010,1.06520643
NJ-502,Burlington County CoC,2017,1208.01,890.95,604,560,44,2017,2010,1.04298711
NJ-502,Burlington County CoC,2018,1210.04,904.56,840,784,56,2018,2010,1.01811977
NJ-502,Burlington County CoC,2019,1226.85,919.76,518,495,23,2019,2010,1.0
NJ-503,"Camden City & County/Gloucester, Cape May, Cumberland Counties CoC",2010,892.82,669.83,1572,1221,351,2010,2010,1.17243736
NJ-503,"Camden City & County/Gloucester, Cape May, Cumberland Counties CoC",2011,896.54,688.06,1427,1230,197,2011,2010,1.13656147
NJ-503,"Camden City & County/Gloucester, Cape May, Cumberland Counties CoC",2012,905.58,700.32,1215,1051,164,2012,2010,1.11351777
NJ-503,"Camden City & County/Gloucester, Cape May, Cumberland Counties CoC",2013,913.17,699.98,1291,1098,193,2013,2010,1.09744288
NJ-503,"Camden City & County/Gloucester, Cape May, Cumberland Counties CoC",2014,914.61,703.86,1695,1593,102,2014,2010,1.07992447
NJ-503,"Camden City & County/Gloucester, Cape May, Cumberland Counties CoC",2015,927.72,707.74,1089,954,135,2015,2010,1.07864415
NJ-503,"Camden City & County/Gloucester, Cape May, Cumberland Counties CoC",2016,930.19,717.53,1068,829,239,2016,2010,1.06520643
NJ-503,"Camden City & County/Gloucester, Cape May, Cumberland Counties CoC",2017,928.57,722.22,938,811,127,2017,2010,1.04298711
NJ-503,"Camden City & County/Gloucester, Cape May, Cumberland Counties CoC",2018,940.45,724.05,999,854,145,2018,2010,1.01811977
NJ-503,"Camden City & County/Gloucester, Cape May, Cumberland Counties CoC",2019,961.78,737.83,979,760,219,2019,2010,1.0
NJ-504,Newark/Essex County CoC,2010,1008.3,768.57,1716,1497,219,2010,2010,1.17243736
NJ-504,Newark/Essex County CoC,2011,1009.71,778.85,1505,1418,87,2011,2010,1.13656147
NJ-504,Newark/Essex County CoC,2012,1008.19,769.95,1504,1335,169,2012,2010,1.11351777
NJ-504,Newark/Essex County CoC,2013,1008.18,771.27,1646,1482,164,2013,2010,1.09744288
NJ-504,Newark/Essex County CoC,2014,1002.39,772.01,1483,1260,223,2014,2010,1.07992447
NJ-504,Newark/Essex County CoC,2015,1014.81,774.62,1610,1448,162,2015,2010,1.07864415
NJ-504,Newark/Essex County CoC,2016,1020.07,771.83,1779,1336,443,2016,2010,1.06520643
NJ-504,Newark/Essex County CoC,2017,1030.35,778.01,2048,1620,428,2017,2010,1.04298711
NJ-504,Newark/Essex County CoC,2018,1045.24,778.8,2228,1832,396,2018,2010,1.01811977
NJ-504,Newark/Essex County CoC,2019,1073.82,790.36,2235,1897,338,2019,2010,1.0
NJ-506,"Jersey City, Bayonne/Hudson County CoC",2010,1168.56,813.06,1779,1597,182,2010,2010,1.17243736
NJ-506,"Jersey City, Bayonne/Hudson County CoC",2011,1171.43,822.23,1536,1427,109,2011,2010,1.13656147
NJ-506,"Jersey City, Bayonne/Hudson County CoC",2012,1184.93,827.81,2087,1793,294,2012,2010,1.11351777
NJ-506,"Jersey City, Bayonne/Hudson County CoC",2013,1188.41,848.8,942,657,285,2013,2010,1.09744288
NJ-506,"Jersey City, Bayonne/Hudson County CoC",2014,1194.07,853.23,821,655,166,2014,2010,1.07992447
NJ-506,"Jersey City, Bayonne/Hudson County CoC",2015,1239.21,867.61,917,748,169,2015,2010,1.07864415
NJ-506,"Jersey City, Bayonne/Hudson County CoC",2016,1268.31,879.22,829,603,226,2016,2010,1.06520643
NJ-506,"Jersey City, Bayonne/Hudson County CoC",2017,1280.17,878.63,822,638,184,2017,2010,1.04298711
NJ-506,"Jersey City, Bayonne/Hudson County CoC",2018,1312.51,885.92,860,617,243,2018,2010,1.01811977
NJ-506,"Jersey City, Bayonne/Hudson County CoC",2019,1352.54,895.71,890,623,267,2019,2010,1.0
NJ-507,New Brunswick/Middlesex County CoC,2010,1266.95,1020.92,1535,1353,182,2010,2010,1.17243736
NJ-507,New Brunswick/Middlesex County CoC,2011,1267.23,1026.58,930,838,92,2011,2010,1.13656147
NJ-507,New Brunswick/Middlesex County CoC,2012,1277.8,1024.26,1145,833,312,2012,2010,1.11351777
NJ-507,New Brunswick/Middlesex County CoC,2013,1278.2,1031.55,1031,788,243,2013,2010,1.09744288
NJ-507,New Brunswick/Middlesex County CoC,2014,1282.39,1030.02,802,700,102,2014,2010,1.07992447
NJ-507,New Brunswick/Middlesex County CoC,2015,1294.12,1038.6,604,528,76,2015,2010,1.07864415
NJ-507,New Brunswick/Middlesex County CoC,2016,1319.4,1045.0,457,373,84,2016,2010,1.06520643
NJ-507,New Brunswick/Middlesex County CoC,2017,1331.95,1061.6,546,421,125,2017,2010,1.04298711
NJ-507,New Brunswick/Middlesex County CoC,2018,1350.21,1067.62,597,466,131,2018,2010,1.01811977
NJ-507,New Brunswick/Middlesex County CoC,2019,1360.11,1077.39,620,485,135,2019,2010,1.0
NJ-508,Monmouth County CoC,2010,1206.14,944.2,604,576,28,2010,2010,1.17243736
NJ-508,Monmouth County CoC,2011,1200.08,935.82,559,539,20,2011,2010,1.13656147
NJ-508,Monmouth County CoC,2012,1213.8,947.18,650,595,55,2012,2010,1.11351777
NJ-508,Monmouth County CoC,2013,1220.72,951.61,918,882,36,2013,2010,1.09744288
NJ-508,Monmouth County CoC,2014,1235.83,945.33,588,576,12,2014,2010,1.07992447
NJ-508,Monmouth County CoC,2015,1250.28,939.71,456,420,36,2015,2010,1.07864415
NJ-508,Monmouth County CoC,2016,1281.45,962.24,344,299,45,2016,2010,1.06520643
NJ-508,Monmouth County CoC,2017,1296.47,963.39,299,255,44,2017,2010,1.04298711
NJ-508,Monmouth County CoC,2018,1300.8,973.9,335,263,72,2018,2010,1.01811977
NJ-508,Monmouth County CoC,2019,1310.68,991.46,359,305,54,2019,2010,1.0
NJ-509,Morris County CoC,2010,1380.98,1082.37,297,240,57,2010,2010,1.17243736
NJ-509,Morris County CoC,2011,1397.73,1080.34,446,364,82,2011,2010,1.13656147
NJ-509,Morris County CoC,2012,1406.55,1081.36,281,209,72,2012,2010,1.11351777
NJ-509,Morris County CoC,2013,1404.3,1074.97,346,299,47,2013,2010,1.09744288
NJ-509,Morris County CoC,2014,1401.17,1067.3,389,359,30,2014,2010,1.07992447
NJ-509,Morris County CoC,2015,1415.45,1064.86,384,350,34,2015,2010,1.07864415
NJ-509,Morris County CoC,2016,1431.39,1074.3,410,376,34,2016,2010,1.06520643
NJ-509,Morris County CoC,2017,1444.48,1081.7,378,351,27,2017,2010,1.04298711
NJ-509,Morris County CoC,2018,1489.04,1102.32,398,363,35,2018,2010,1.01811977
NJ-509,Morris County CoC,2019,1505.0,1114.47,388,346,42,2019,2010,1.0
NJ-510,Lakewood Township/Ocean County CoC,2010,1278.8,985.77,590,542,48,2010,2010,1.17243736
NJ-510,Lakewood Township/Ocean County CoC,2011,1248.8,972.89,545,498,47,2011,2010,1.13656147
NJ-510,Lakewood Township/Ocean County CoC,2012,1228.13,968.42,649,598,51,2012,2010,1.11351777
NJ-510,Lakewood Township/Ocean County CoC,2013,1214.17,965.01,682,589,93,2013,2010,1.09744288
NJ-510,Lakewood Township/Ocean County CoC,2014,1227.05,974.15,627,569,58,2014,2010,1.07992447
NJ-510,Lakewood Township/Ocean County CoC,2015,1217.45,952.13,605,588,17,2015,2010,1.07864415
NJ-510,Lakewood Township/Ocean County CoC,2016,1213.96,957.59,429,375,54,2016,2010,1.06520643
NJ-510,Lakewood Township/Ocean County CoC,2017,1240.29,971.11,224,181,43,2017,2010,1.04298711
NJ-510,Lakewood Township/Ocean County CoC,2018,1249.75,981.05,354,252,102,2018,2010,1.01811977
NJ-510,Lakewood Township/Ocean County CoC,2019,1246.25,971.93,305,275,30,2019,2010,1.0
NJ-511,Paterson/Passaic County CoC,2010,1086.23,860.49,698,533,165,2010,2010,1.17243736
NJ-511,Paterson/Passaic County CoC,2011,1091.47,853.36,847,501,346,2011,2010,1.13656147
NJ-511,Paterson/Passaic County CoC,2012,1089.34,841.01,518,418,100,2012,2010,1.11351777
NJ-511,Paterson/Passaic County CoC,2013,1094.64,875.88,440,386,54,2013,2010,1.09744288
NJ-511,Paterson/Passaic County CoC,2014,1101.38,875.69,376,372,4,2014,2010,1.07992447
NJ-511,Paterson/Passaic County CoC,2015,1119.21,886.96,459,429,30,2015,2010,1.07864415
NJ-511,Paterson/Passaic County CoC,2016,1136.29,899.58,432,396,36,2016,2010,1.06520643
NJ-511,Paterson/Passaic County CoC,2017,1139.42,900.04,449,360,89,2017,2010,1.04298711
NJ-511,Paterson/Passaic County CoC,2018,1153.92,909.55,434,322,112,2018,2010,1.01811977
NJ-511,Paterson/Passaic County CoC,2019,1155.76,911.75,391,274,117,2019,2010,1.0
NJ-512,Salem County CoC,2010,809.76,594.66,146,146,0,2010,2010,1.17243736
NJ-512,Salem County CoC,2011,849.23,606.5,80,51,29,2011,2010,1.13656147
NJ-512,Salem County CoC,2012,855.13,652.81,78,49,29,2012,2010,1.11351777
NJ-512,Salem County CoC,2013,889.26,713.62,44,40,4,2013,2010,1.09744288
NJ-512,Salem County CoC,2014,874.22,711.74,42,38,4,2014,2010,1.07992447
NJ-512,Salem County CoC,2015,844.17,683.02,38,37,1,2015,2010,1.07864415
NJ-512,Salem County CoC,2016,830.49,678.55,,,,2016,2010,1.06520643
NJ-512,Salem County CoC,2017,813.43,601.86,16,13,3,2017,2010,1.04298711
NJ-512,Salem County CoC,2018,828.66,610.5,49,44,5,2018,2010,1.01811977
NJ-512,Salem County CoC,2019,824.42,595.42,29,29,0,2019,2010,1.0
NJ-513,Somerset County CoC,2010,1403.08,1095.99,310,296,14,2010,2010,1.17243736
NJ-513,Somerset County CoC,2011,1415.85,1098.35,387,385,2,2011,2010,1.13656147
NJ-513,Somerset County CoC,2012,1365.16,1086.0,295,272,23,2012,2010,1.11351777
NJ-513,Somerset County CoC,2013,1357.94,1080.38,312,304,8,2013,2010,1.09744288
NJ-513,Somerset County CoC,2014,1406.29,1107.32,323,310,13,2014,2010,1.07992447
NJ-513,Somerset County CoC,2015,1412.33,1100.69,342,337,5,2015,2010,1.07864415
NJ-513,Somerset County CoC,2016,1446.55,1120.86,218,209,9,2016,2010,1.06520643
NJ-513,Somerset County CoC,2017,1472.65,1134.0,244,239,5,2017,2010,1.04298711
NJ-513,Somerset County CoC,2018,1479.05,1146.91,218,212,6,2018,2010,1.01811977
NJ-513,Somerset County CoC,2019,1477.73,1149.2,301,295,6,2019,2010,1.0
NJ-514,Trenton/Mercer County CoC,2010,1076.49,818.13,901,774,127,2010,2010,1.17243736
NJ-514,Trenton/Mercer County CoC,2011,1073.97,812.29,843,792,51,2011,2010,1.13656147
NJ-514,Trenton/Mercer County CoC,2012,1073.49,798.21,1009,903,106,2012,2010,1.11351777
NJ-514,Trenton/Mercer County CoC,2013,1081.79,811.46,668,601,67,2013,2010,1.09744288
NJ-514,Trenton/Mercer County CoC,2014,1096.6,811.62,632,594,38,2014,2010,1.07992447
NJ-514,Trenton/Mercer County CoC,2015,1102.34,800.34,600,495,105,2015,2010,1.07864415
NJ-514,Trenton/Mercer County CoC,2016,1115.69,801.87,465,421,44,2016,2010,1.06520643
NJ-514,Trenton/Mercer County CoC,2017,1132.33,817.5,478,394,84,2017,2010,1.04298711
NJ-514,Trenton/Mercer County CoC,2018,1150.71,817.02,479,416,63,2018,2010,1.01811977
NJ-514,Trenton/Mercer County CoC,2019,1155.26,819.82,448,364,84,2019,2010,1.0
NJ-515,Elizabeth/Union County CoC,2010,1144.38,897.55,1212,1194,18,2010,2010,1.17243736
NJ-515,Elizabeth/Union County CoC,2011,1133.42,895.1,1471,1386,85,2011,2010,1.13656147
NJ-515,Elizabeth/Union County CoC,2012,1136.02,897.51,1456,1406,50,2012,2010,1.11351777
NJ-515,Elizabeth/Union County CoC,2013,1141.48,901.76,1648,1601,47,2013,2010,1.09744288
NJ-515,Elizabeth/Union County CoC,2014,1137.21,892.91,1679,1631,48,2014,2010,1.07992447
NJ-515,Elizabeth/Union County CoC,2015,1144.27,897.48,504,421,83,2015,2010,1.07864415
NJ-515,Elizabeth/Union County CoC,2016,1144.7,895.95,513,451,62,2016,2010,1.06520643
NJ-515,Elizabeth/Union County CoC,2017,1152.79,897.48,480,425,55,2017,2010,1.04298711
NJ-515,Elizabeth/Union County CoC,2018,1175.52,919.42,478,437,41,2018,2010,1.01811977
NJ-515,Elizabeth/Union County CoC,2019,1199.41,923.95,437,398,39,2019,2010,1.0
NJ-516,"Warren, Sussex, Hunterdon Counties CoC",2010,1088.33,877.14,551,520,31,2010,2010,1.17243736
NJ-516,"Warren, Sussex, Hunterdon Counties CoC",2011,1105.08,864.37,472,452,20,2011,2010,1.13656147
NJ-516,"Warren, Sussex, Hunterdon Counties CoC",2012,1099.49,871.61,230,189,41,2012,2010,1.11351777
NJ-516,"Warren, Sussex, Hunterdon Counties CoC",2013,1104.86,863.83,271,233,38,2013,2010,1.09744288
NJ-516,"Warren, Sussex, Hunterdon Counties CoC",2014,1126.64,863.8,279,266,13,2014,2010,1.07992447
NJ-516,"Warren, Sussex, Hunterdon Counties CoC",2015,1128.65,872.54,255,249,6,2015,2010,1.07864415
NJ-516,"Warren, Sussex, Hunterdon Counties CoC",2016,1121.34,873.48,253,235,18,2016,2010,1.06520643
NJ-516,"Warren, Sussex, Hunterdon Counties CoC",2017,1125.52,878.58,286,244,42,2017,2010,1.04298711
NJ-516,"Warren, Sussex, Hunterdon Counties CoC",2018,1135.75,892.81,338,276,62,2018,2010,1.01811977
NJ-516,"Warren, Sussex, Hunterdon Counties CoC",2019,1151.19,900.69,334,306,28,2019,2010,1.0
NM-500,Albuquerque CoC,2010,749.83,578.98,2002,1071,931,2010,2010,1.17243736
NM-500,Albuquerque CoC,2011,752.01,579.44,1639,1252,387,2011,2010,1.13656147
NM-500,Albuquerque CoC,2012,756.62,582.55,1431,1044,387,2012,2010,1.11351777
NM-500,Albuquerque CoC,2013,767.67,583.58,1171,1027,144,2013,2010,1.09744288
NM-500,Albuquerque CoC,2014,765.55,581.02,1254,1110,144,2014,2010,1.07992447
NM-500,Albuquerque CoC,2015,766.01,579.11,1287,1104,183,2015,2010,1.07864415
NM-500,Albuquerque CoC,2016,776.57,584.88,1222,1039,183,2016,2010,1.06520643
NM-500,Albuquerque CoC,2017,780.76,588.64,1318,934,384,2017,2010,1.04298711
NM-500,Albuquerque CoC,2018,786.09,591.79,1340,956,384,2018,2010,1.01811977
NM-500,Albuquerque CoC,2019,792.61,600.49,1524,957,567,2019,2010,1.0
NM-501,New Mexico Balance of State CoC,2010,665.18,431.45,1473,1037,436,2010,2010,1.17243736
NM-501,New Mexico Balance of State CoC,2011,667.62,438.16,1962,1501,461,2011,2010,1.13656147
NM-501,New Mexico Balance of State CoC,2012,682.04,450.02,1814,1353,461,2012,2010,1.11351777
NM-501,New Mexico Balance of State CoC,2013,691.86,454.73,1648,1364,284,2013,2010,1.09744288
NM-501,New Mexico Balance of State CoC,2014,695.61,460.18,1492,1208,284,2014,2010,1.07992447
NM-501,New Mexico Balance of State CoC,2015,703.99,470.45,1342,1071,271,2015,2010,1.07864415
NM-501,New Mexico Balance of State CoC,2016,709.56,476.29,1041,770,271,2016,2010,1.06520643
NM-501,New Mexico Balance of State CoC,2017,705.34,475.1,1164,752,412,2017,2010,1.04298711
NM-501,New Mexico Balance of State CoC,2018,706.62,475.53,1211,799,412,2018,2010,1.01811977
NM-501,New Mexico Balance of State CoC,2019,712.6,474.7,1717,1025,692,2019,2010,1.0
NV-500,Las Vegas/Clark County CoC,2010,1070.67,820.71,9949,7004,2945,2010,2010,1.17243736
NV-500,Las Vegas/Clark County CoC,2011,1048.21,797.58,8003,3762,4241,2011,2010,1.13656147
NV-500,Las Vegas/Clark County CoC,2012,1012.12,762.47,7323,3082,4241,2012,2010,1.11351777
NV-500,Las Vegas/Clark County CoC,2013,976.22,742.75,5952,2920,3032,2013,2010,1.09744288
NV-500,Las Vegas/Clark County CoC,2014,952.93,722.35,7443,3949,3494,2014,2010,1.07992447
NV-500,Las Vegas/Clark County CoC,2015,940.59,714.19,7509,3593,3916,2015,2010,1.07864415
NV-500,Las Vegas/Clark County CoC,2016,938.52,714.73,6208,2477,3731,2016,2010,1.06520643
NV-500,Las Vegas/Clark County CoC,2017,947.16,724.86,6490,2137,4353,2017,2010,1.04298711
NV-500,Las Vegas/Clark County CoC,2018,961.88,730.56,6083,2199,3884,2018,2010,1.01811977
NV-500,Las Vegas/Clark County CoC,2019,990.99,758.25,5530,2213,3317,2019,2010,1.0
NV-501,"Reno, Sparks/Washoe County CoC",2010,967.53,713.56,934,695,239,2010,2010,1.17243736
NV-501,"Reno, Sparks/Washoe County CoC",2011,953.35,696.09,850,675,175,2011,2010,1.13656147
NV-501,"Reno, Sparks/Washoe County CoC",2012,924.61,677.17,869,705,164,2012,2010,1.11351777
NV-501,"Reno, Sparks/Washoe County CoC",2013,908.49,656.51,746,657,89,2013,2010,1.09744288
NV-501,"Reno, Sparks/Washoe County CoC",2014,898.62,645.03,769,672,97,2014,2010,1.07992447
NV-501,"Reno, Sparks/Washoe County CoC",2015,898.68,642.83,907,794,113,2015,2010,1.07864415
NV-501,"Reno, Sparks/Washoe County CoC",2016,907.12,653.9,989,869,120,2016,2010,1.06520643
NV-501,"Reno, Sparks/Washoe County CoC",2017,918.01,662.11,1106,1026,80,2017,2010,1.04298711
NV-501,"Reno, Sparks/Washoe County CoC",2018,946.95,678.19,1192,1008,184,2018,2010,1.01811977
NV-501,"Reno, Sparks/Washoe County CoC",2019,983.64,708.41,1256,1030,226,2019,2010,1.0
NV-502,Nevada Balance of State CoC,2010,808.64,598.21,322,149,173,2010,2010,1.17243736
NV-502,Nevada Balance of State CoC,2011,805.55,595.97,297,108,189,2011,2010,1.13656147
NV-502,Nevada Balance of State CoC,2012,784.24,576.1,305,183,122,2012,2010,1.11351777
NV-502,Nevada Balance of State CoC,2013,784.67,569.34,341,121,220,2013,2010,1.09744288
NV-502,Nevada Balance of State CoC,2014,771.76,564.56,370,176,194,2014,2010,1.07992447
NV-502,Nevada Balance of State CoC,2015,771.48,567.24,327,141,186,2015,2010,1.07864415
NV-502,Nevada Balance of State CoC,2016,762.65,561.73,201,125,76,2016,2010,1.06520643
NV-502,Nevada Balance of State CoC,2017,770.75,567.57,237,92,145,2017,2010,1.04298711
NV-502,Nevada Balance of State CoC,2018,762.28,571.22,269,98,171,2018,2010,1.01811977
NV-502,Nevada Balance of State CoC,2019,788.03,579.82,383,119,264,2019,2010,1.0
NY-500,"Rochester, Irondequoit, Greece/Monroe County CoC",2010,764.51,608.39,709,705,4,2010,2010,1.17243736
NY-500,"Rochester, Irondequoit, Greece/Monroe County CoC",2011,763.21,601.65,694,694,0,2011,2010,1.13656147
NY-500,"Rochester, Irondequoit, Greece/Monroe County CoC",2012,767.96,603.08,699,699,0,2012,2010,1.11351777
NY-500,"Rochester, Irondequoit, Greece/Monroe County CoC",2013,774.36,602.54,1007,883,124,2013,2010,1.09744288
NY-500,"Rochester, Irondequoit, Greece/Monroe County CoC",2014,773.13,606.8,838,787,51,2014,2010,1.07992447
NY-500,"Rochester, Irondequoit, Greece/Monroe County CoC",2015,777.07,606.51,762,727,35,2015,2010,1.07864415
NY-500,"Rochester, Irondequoit, Greece/Monroe County CoC",2016,789.01,614.57,860,791,69,2016,2010,1.06520643
NY-500,"Rochester, Irondequoit, Greece/Monroe County CoC",2017,806.1,622.29,817,752,65,2017,2010,1.04298711
NY-500,"Rochester, Irondequoit, Greece/Monroe County CoC",2018,814.82,625.93,835,779,56,2018,2010,1.01811977
NY-500,"Rochester, Irondequoit, Greece/Monroe County CoC",2019,813.87,627.46,849,814,35,2019,2010,1.0
NY-501,"Elmira/Steuben, Allegany, Livingston, Chemung, Schuyler Counties CoC",2010,572.77,443.74,256,245,11,2010,2010,1.17243736
NY-501,"Elmira/Steuben, Allegany, Livingston, Chemung, Schuyler Counties CoC",2011,577.83,440.53,297,281,16,2011,2010,1.13656147
NY-501,"Elmira/Steuben, Allegany, Livingston, Chemung, Schuyler Counties CoC",2012,580.89,446.14,305,286,19,2012,2010,1.11351777
NY-501,"Elmira/Steuben, Allegany, Livingston, Chemung, Schuyler Counties CoC",2013,593.5,446.28,349,307,42,2013,2010,1.09744288
NY-501,"Elmira/Steuben, Allegany, Livingston, Chemung, Schuyler Counties CoC",2014,592.42,444.5,512,365,147,2014,2010,1.07992447
NY-501,"Elmira/Steuben, Allegany, Livingston, Chemung, Schuyler Counties CoC",2015,608.05,444.98,648,477,171,2015,2010,1.07864415
NY-501,"Elmira/Steuben, Allegany, Livingston, Chemung, Schuyler Counties CoC",2016,609.5,447.77,506,380,126,2016,2010,1.06520643
NY-501,"Elmira/Steuben, Allegany, Livingston, Chemung, Schuyler Counties CoC",2017,622.81,452.29,226,189,37,2017,2010,1.04298711
NY-501,"Elmira/Steuben, Allegany, Livingston, Chemung, Schuyler Counties CoC",2018,632.52,457.76,233,219,14,2018,2010,1.01811977
NY-501,"Elmira/Steuben, Allegany, Livingston, Chemung, Schuyler Counties CoC",2019,634.82,461.07,240,233,7,2019,2010,1.0
NY-503,Albany City & County CoC,2010,828.36,624.11,650,612,38,2010,2010,1.17243736
NY-503,Albany City & County CoC,2011,835.43,634.31,641,608,33,2011,2010,1.13656147
NY-503,Albany City & County CoC,2012,833.96,627.43,590,562,28,2012,2010,1.11351777
NY-503,Albany City & County CoC,2013,843.76,634.83,728,709,19,2013,2010,1.09744288
NY-503,Albany City & County CoC,2014,850.07,652.0,650,621,29,2014,2010,1.07992447
NY-503,Albany City & County CoC,2015,859.23,661.52,597,577,20,2015,2010,1.07864415
NY-503,Albany City & County CoC,2016,866.58,665.39,748,722,26,2016,2010,1.06520643
NY-503,Albany City & County CoC,2017,885.57,675.39,802,777,25,2017,2010,1.04298711
NY-503,Albany City & County CoC,2018,895.52,681.68,835,800,35,2018,2010,1.01811977
NY-503,Albany City & County CoC,2019,907.27,706.46,750,716,34,2019,2010,1.0
NY-505,"Syracuse, Auburn/Onondaga, Oswego, Cayuga Counties CoC",2010,659.44,505.58,840,809,31,2010,2010,1.17243736
NY-505,"Syracuse, Auburn/Onondaga, Oswego, Cayuga Counties CoC",2011,663.13,505.43,834,810,24,2011,2010,1.13656147
NY-505,"Syracuse, Auburn/Onondaga, Oswego, Cayuga Counties CoC",2012,674.2,511.57,882,866,16,2012,2010,1.11351777
NY-505,"Syracuse, Auburn/Onondaga, Oswego, Cayuga Counties CoC",2013,679.44,521.61,994,941,53,2013,2010,1.09744288
NY-505,"Syracuse, Auburn/Onondaga, Oswego, Cayuga Counties CoC",2014,685.7,524.7,1024,1008,16,2014,2010,1.07992447
NY-505,"Syracuse, Auburn/Onondaga, Oswego, Cayuga Counties CoC",2015,699.26,540.44,922,906,16,2015,2010,1.07864415
NY-505,"Syracuse, Auburn/Onondaga, Oswego, Cayuga Counties CoC",2016,708.35,546.71,867,840,27,2016,2010,1.06520643
NY-505,"Syracuse, Auburn/Onondaga, Oswego, Cayuga Counties CoC",2017,720.19,549.9,798,770,28,2017,2010,1.04298711
NY-505,"Syracuse, Auburn/Onondaga, Oswego, Cayuga Counties CoC",2018,730.78,554.17,722,710,12,2018,2010,1.01811977
NY-505,"Syracuse, Auburn/Onondaga, Oswego, Cayuga Counties CoC",2019,743.04,562.25,732,719,13,2019,2010,1.0
NY-507,Schenectady City & County CoC,2010,728.27,593.34,389,363,26,2010,2010,1.17243736
NY-507,Schenectady City & County CoC,2011,742.05,588.91,358,330,28,2011,2010,1.13656147
NY-507,Schenectady City & County CoC,2012,739.57,583.24,287,269,18,2012,2010,1.11351777
NY-507,Schenectady City & County CoC,2013,748.77,590.37,327,302,25,2013,2010,1.09744288
NY-507,Schenectady City & County CoC,2014,748.94,598.12,243,219,24,2014,2010,1.07992447
NY-507,Schenectady City & County CoC,2015,750.07,599.73,349,322,27,2015,2010,1.07864415
NY-507,Schenectady City & County CoC,2016,759.78,613.54,345,276,69,2016,2010,1.06520643
NY-507,Schenectady City & County CoC,2017,772.93,626.49,274,251,23,2017,2010,1.04298711
NY-507,Schenectady City & County CoC,2018,769.31,607.1,393,382,11,2018,2010,1.01811977
NY-507,Schenectady City & County CoC,2019,794.72,629.0,372,350,22,2019,2010,1.0
NY-508,"Buffalo, Niagara Falls/Erie, Niagara, Orleans, Genesee, Wyoming Counties CoC",2010,619.11,459.77,1137,924,213,2010,2010,1.17243736
NY-508,"Buffalo, Niagara Falls/Erie, Niagara, Orleans, Genesee, Wyoming Counties CoC",2011,619.72,455.41,1156,968,188,2011,2010,1.13656147
NY-508,"Buffalo, Niagara Falls/Erie, Niagara, Orleans, Genesee, Wyoming Counties CoC",2012,627.51,458.51,1183,1067,116,2012,2010,1.11351777
NY-508,"Buffalo, Niagara Falls/Erie, Niagara, Orleans, Genesee, Wyoming Counties CoC",2013,633.44,463.36,1162,1048,114,2013,2010,1.09744288
NY-508,"Buffalo, Niagara Falls/Erie, Niagara, Orleans, Genesee, Wyoming Counties CoC",2014,637.6,465.76,1088,1021,67,2014,2010,1.07992447
NY-508,"Buffalo, Niagara Falls/Erie, Niagara, Orleans, Genesee, Wyoming Counties CoC",2015,644.07,471.52,919,858,61,2015,2010,1.07864415
NY-508,"Buffalo, Niagara Falls/Erie, Niagara, Orleans, Genesee, Wyoming Counties CoC",2016,652.23,474.14,962,905,57,2016,2010,1.06520643
NY-508,"Buffalo, Niagara Falls/Erie, Niagara, Orleans, Genesee, Wyoming Counties CoC",2017,668.25,478.99,925,907,18,2017,2010,1.04298711
NY-508,"Buffalo, Niagara Falls/Erie, Niagara, Orleans, Genesee, Wyoming Counties CoC",2018,681.11,488.2,957,942,15,2018,2010,1.01811977
NY-508,"Buffalo, Niagara Falls/Erie, Niagara, Orleans, Genesee, Wyoming Counties CoC",2019,699.82,497.52,924,891,33,2019,2010,1.0
NY-510,Ithaca/Tompkins County CoC,2010,903.6,676.78,73,63,10,2010,2010,1.17243736
NY-510,Ithaca/Tompkins County CoC,2011,905.36,676.22,68,53,15,2011,2010,1.13656147
NY-510,Ithaca/Tompkins County CoC,2012,928.48,675.77,68,53,15,2012,2010,1.11351777
NY-510,Ithaca/Tompkins County CoC,2013,951.05,694.74,47,39,8,2013,2010,1.09744288
NY-510,Ithaca/Tompkins County CoC,2014,965.44,712.88,47,35,12,2014,2010,1.07992447
NY-510,Ithaca/Tompkins County CoC,2015,996.28,734.82,88,72,16,2015,2010,1.07864415
NY-510,Ithaca/Tompkins County CoC,2016,1002.96,762.33,86,56,30,2016,2010,1.06520643
NY-510,Ithaca/Tompkins County CoC,2017,1027.93,759.31,73,53,20,2017,2010,1.04298711
NY-510,Ithaca/Tompkins County CoC,2018,1041.92,764.7,91,46,45,2018,2010,1.01811977
NY-510,Ithaca/Tompkins County CoC,2019,1090.23,798.17,171,171,0,2019,2010,1.0
NY-511,"Binghamton, Union Town/Broome, Otsego, Chenango, Delaware, Cortland, Tioga Counties CoC",2010,593.51,460.45,234,223,11,2010,2010,1.17243736
NY-511,"Binghamton, Union Town/Broome, Otsego, Chenango, Delaware, Cortland, Tioga Counties CoC",2011,603.58,460.99,218,207,11,2011,2010,1.13656147
NY-511,"Binghamton, Union Town/Broome, Otsego, Chenango, Delaware, Cortland, Tioga Counties CoC",2012,612.98,466.99,292,281,11,2012,2010,1.11351777
NY-511,"Binghamton, Union Town/Broome, Otsego, Chenango, Delaware, Cortland, Tioga Counties CoC",2013,615.3,469.48,276,264,12,2013,2010,1.09744288
NY-511,"Binghamton, Union Town/Broome, Otsego, Chenango, Delaware, Cortland, Tioga Counties CoC",2014,626.64,477.33,309,270,39,2014,2010,1.07992447
NY-511,"Binghamton, Union Town/Broome, Otsego, Chenango, Delaware, Cortland, Tioga Counties CoC",2015,638.32,481.42,302,262,40,2015,2010,1.07864415
NY-511,"Binghamton, Union Town/Broome, Otsego, Chenango, Delaware, Cortland, Tioga Counties CoC",2016,641.81,487.33,276,248,28,2016,2010,1.06520643
NY-511,"Binghamton, Union Town/Broome, Otsego, Chenango, Delaware, Cortland, Tioga Counties CoC",2017,649.37,492.3,308,246,62,2017,2010,1.04298711
NY-511,"Binghamton, Union Town/Broome, Otsego, Chenango, Delaware, Cortland, Tioga Counties CoC",2018,649.21,507.56,244,166,78,2018,2010,1.01811977
NY-511,"Binghamton, Union Town/Broome, Otsego, Chenango, Delaware, Cortland, Tioga Counties CoC",2019,655.86,503.73,318,309,9,2019,2010,1.0
NY-512,Troy/Rensselaer County CoC,2010,744.84,553.84,314,269,45,2010,2010,1.17243736
NY-512,Troy/Rensselaer County CoC,2011,751.1,550.27,267,190,77,2011,2010,1.13656147
NY-512,Troy/Rensselaer County CoC,2012,754.55,561.76,225,176,49,2012,2010,1.11351777
NY-512,Troy/Rensselaer County CoC,2013,783.53,581.38,188,142,46,2013,2010,1.09744288
NY-512,Troy/Rensselaer County CoC,2014,787.18,587.14,216,164,52,2014,2010,1.07992447
NY-512,Troy/Rensselaer County CoC,2015,803.3,607.46,189,147,42,2015,2010,1.07864415
NY-512,Troy/Rensselaer County CoC,2016,817.24,615.99,179,167,12,2016,2010,1.06520643
NY-512,Troy/Rensselaer County CoC,2017,824.08,633.43,194,175,19,2017,2010,1.04298711
NY-512,Troy/Rensselaer County CoC,2018,838.59,642.99,178,172,6,2018,2010,1.01811977
NY-512,Troy/Rensselaer County CoC,2019,859.7,657.71,199,189,10,2019,2010,1.0
NY-513,"Wayne, Ontario, Seneca, Yates Counties CoC",2010,649.28,495.91,75,75,0,2010,2010,1.17243736
NY-513,"Wayne, Ontario, Seneca, Yates Counties CoC",2011,656.16,491.17,111,111,0,2011,2010,1.13656147
NY-513,"Wayne, Ontario, Seneca, Yates Counties CoC",2012,664.39,493.86,121,121,0,2012,2010,1.11351777
NY-513,"Wayne, Ontario, Seneca, Yates Counties CoC",2013,661.56,501.36,171,171,0,2013,2010,1.09744288
NY-513,"Wayne, Ontario, Seneca, Yates Counties CoC",2014,670.82,508.49,92,92,0,2014,2010,1.07992447
NY-513,"Wayne, Ontario, Seneca, Yates Counties CoC",2015,684.99,517.36,187,187,0,2015,2010,1.07864415
NY-513,"Wayne, Ontario, Seneca, Yates Counties CoC",2016,688.42,518.35,58,58,0,2016,2010,1.06520643
NY-513,"Wayne, Ontario, Seneca, Yates Counties CoC",2017,692.11,522.75,337,326,11,2017,2010,1.04298711
NY-513,"Wayne, Ontario, Seneca, Yates Counties CoC",2018,705.66,518.4,182,163,19,2018,2010,1.01811977
NY-513,"Wayne, Ontario, Seneca, Yates Counties CoC",2019,714.93,520.57,205,204,1,2019,2010,1.0
NY-514,"Jamestown, Dunkirk/Chautauqua County CoC",2010,496.95,395.74,88,81,7,2010,2010,1.17243736
NY-514,"Jamestown, Dunkirk/Chautauqua County CoC",2011,495.65,400.39,57,56,1,2011,2010,1.13656147
NY-514,"Jamestown, Dunkirk/Chautauqua County CoC",2012,506.08,401.13,33,33,0,2012,2010,1.11351777
NY-514,"Jamestown, Dunkirk/Chautauqua County CoC",2013,509.08,408.85,62,61,1,2013,2010,1.09744288
NY-514,"Jamestown, Dunkirk/Chautauqua County CoC",2014,506.19,402.01,53,51,2,2014,2010,1.07992447
NY-514,"Jamestown, Dunkirk/Chautauqua County CoC",2015,513.24,405.75,29,29,0,2015,2010,1.07864415
NY-514,"Jamestown, Dunkirk/Chautauqua County CoC",2016,526.86,414.73,23,23,0,2016,2010,1.06520643
NY-514,"Jamestown, Dunkirk/Chautauqua County CoC",2017,524.55,415.43,83,80,3,2017,2010,1.04298711
NY-514,"Jamestown, Dunkirk/Chautauqua County CoC",2018,538.72,418.91,145,142,3,2018,2010,1.01811977
NY-514,"Jamestown, Dunkirk/Chautauqua County CoC",2019,539.66,428.33,96,96,0,2019,2010,1.0
NY-518,"Utica, Rome/Oneida, Madison Counties CoC",2010,584.45,448.32,343,326,17,2010,2010,1.17243736
NY-518,"Utica, Rome/Oneida, Madison Counties CoC",2011,587.95,445.12,182,160,22,2011,2010,1.13656147
NY-518,"Utica, Rome/Oneida, Madison Counties CoC",2012,592.53,448.84,176,154,22,2012,2010,1.11351777
NY-518,"Utica, Rome/Oneida, Madison Counties CoC",2013,600.63,449.83,200,183,17,2013,2010,1.09744288
NY-518,"Utica, Rome/Oneida, Madison Counties CoC",2014,607.31,454.09,159,142,17,2014,2010,1.07992447
NY-518,"Utica, Rome/Oneida, Madison Counties CoC",2015,620.21,461.56,140,123,17,2015,2010,1.07864415
NY-518,"Utica, Rome/Oneida, Madison Counties CoC",2016,624.61,467.71,160,143,17,2016,2010,1.06520643
NY-518,"Utica, Rome/Oneida, Madison Counties CoC",2017,638.31,480.53,162,146,16,2017,2010,1.04298711
NY-518,"Utica, Rome/Oneida, Madison Counties CoC",2018,638.38,488.63,178,162,16,2018,2010,1.01811977
NY-518,"Utica, Rome/Oneida, Madison Counties CoC",2019,644.72,494.84,168,154,14,2019,2010,1.0
NY-519,"Columbia, Greene Counties CoC",2010,705.36,541.15,305,301,4,2010,2010,1.17243736
NY-519,"Columbia, Greene Counties CoC",2011,723.17,541.22,177,177,0,2011,2010,1.13656147
NY-519,"Columbia, Greene Counties CoC",2012,735.98,564.9,132,132,0,2012,2010,1.11351777
NY-519,"Columbia, Greene Counties CoC",2013,758.9,565.08,112,108,4,2013,2010,1.09744288
NY-519,"Columbia, Greene Counties CoC",2014,761.13,560.01,128,127,1,2014,2010,1.07992447
NY-519,"Columbia, Greene Counties CoC",2015,765.76,568.77,97,95,2,2015,2010,1.07864415
NY-519,"Columbia, Greene Counties CoC",2016,756.36,560.97,116,114,2,2016,2010,1.06520643
NY-519,"Columbia, Greene Counties CoC",2017,744.76,567.62,144,141,3,2017,2010,1.04298711
NY-519,"Columbia, Greene Counties CoC",2018,749.67,573.88,196,191,5,2018,2010,1.01811977
NY-519,"Columbia, Greene Counties CoC",2019,754.39,570.66,200,196,4,2019,2010,1.0
NY-520,"Franklin, Essex Counties CoC",2010,598.6,456.29,14,5,9,2010,2010,1.17243736
NY-520,"Franklin, Essex Counties CoC",2011,594.38,461.77,22,3,19,2011,2010,1.13656147
NY-520,"Franklin, Essex Counties CoC",2012,617.95,473.69,14,5,9,2012,2010,1.11351777
NY-520,"Franklin, Essex Counties CoC",2013,614.86,472.67,34,31,3,2013,2010,1.09744288
NY-520,"Franklin, Essex Counties CoC",2014,615.12,468.9,78,73,5,2014,2010,1.07992447
NY-520,"Franklin, Essex Counties CoC",2015,631.62,477.34,28,28,0,2015,2010,1.07864415
NY-520,"Franklin, Essex Counties CoC",2016,630.07,471.79,27,25,2,2016,2010,1.06520643
NY-520,"Franklin, Essex Counties CoC",2017,619.6,471.28,28,27,1,2017,2010,1.04298711
NY-520,"Franklin, Essex Counties CoC",2018,620.51,463.36,42,42,0,2018,2010,1.01811977
NY-520,"Franklin, Essex Counties CoC",2019,638.25,461.18,24,21,3,2019,2010,1.0
NY-522,"Jefferson, Lewis, St. Lawrence Counties CoC",2010,656.56,452.8,121,120,1,2010,2010,1.17243736
NY-522,"Jefferson, Lewis, St. Lawrence Counties CoC",2011,689.59,460.85,108,107,1,2011,2010,1.13656147
NY-522,"Jefferson, Lewis, St. Lawrence Counties CoC",2012,715.86,471.44,95,81,14,2012,2010,1.11351777
NY-522,"Jefferson, Lewis, St. Lawrence Counties CoC",2013,739.44,484.44,83,75,8,2013,2010,1.09744288
NY-522,"Jefferson, Lewis, St. Lawrence Counties CoC",2014,742.97,488.59,149,146,3,2014,2010,1.07992447
NY-522,"Jefferson, Lewis, St. Lawrence Counties CoC",2015,754.11,493.24,86,82,4,2015,2010,1.07864415
NY-522,"Jefferson, Lewis, St. Lawrence Counties CoC",2016,753.35,486.99,119,110,9,2016,2010,1.06520643
NY-522,"Jefferson, Lewis, St. Lawrence Counties CoC",2017,769.3,505.23,169,134,35,2017,2010,1.04298711
NY-522,"Jefferson, Lewis, St. Lawrence Counties CoC",2018,771.08,502.94,96,90,6,2018,2010,1.01811977
NY-522,"Jefferson, Lewis, St. Lawrence Counties CoC",2019,764.91,506.51,53,49,4,2019,2010,1.0
NY-523,"Glens Falls, Saratoga Springs/Saratoga, Washington, Warren, Hamilton Counties CoC",2010,799.77,606.35,186,157,29,2010,2010,1.17243736
NY-523,"Glens Falls, Saratoga Springs/Saratoga, Washington, Warren, Hamilton Counties CoC",2011,808.69,610.32,320,275,45,2011,2010,1.13656147
NY-523,"Glens Falls, Saratoga Springs/Saratoga, Washington, Warren, Hamilton Counties CoC",2012,823.09,638.08,299,262,37,2012,2010,1.11351777
NY-523,"Glens Falls, Saratoga Springs/Saratoga, Washington, Warren, Hamilton Counties CoC",2013,843.1,638.0,262,224,38,2013,2010,1.09744288
NY-523,"Glens Falls, Saratoga Springs/Saratoga, Washington, Warren, Hamilton Counties CoC",2014,857.08,645.05,262,255,7,2014,2010,1.07992447
NY-523,"Glens Falls, Saratoga Springs/Saratoga, Washington, Warren, Hamilton Counties CoC",2015,861.51,658.34,282,282,0,2015,2010,1.07864415
NY-523,"Glens Falls, Saratoga Springs/Saratoga, Washington, Warren, Hamilton Counties CoC",2016,910.67,662.94,268,252,16,2016,2010,1.06520643
NY-523,"Glens Falls, Saratoga Springs/Saratoga, Washington, Warren, Hamilton Counties CoC",2017,909.58,657.92,247,239,8,2017,2010,1.04298711
NY-523,"Glens Falls, Saratoga Springs/Saratoga, Washington, Warren, Hamilton Counties CoC",2018,908.38,667.99,257,234,23,2018,2010,1.01811977
NY-523,"Glens Falls, Saratoga Springs/Saratoga, Washington, Warren, Hamilton Counties CoC",2019,950.91,684.87,268,261,7,2019,2010,1.0
NY-525,New York Balance of State CoC,2010,669.31,463.82,,,,2010,2010,1.17243736
NY-525,New York Balance of State CoC,2011,677.16,467.29,,,,2011,2010,1.13656147
NY-525,New York Balance of State CoC,2012,683.72,473.06,,,,2012,2010,1.11351777
NY-525,New York Balance of State CoC,2013,681.64,474.28,,,,2013,2010,1.09744288
NY-525,New York Balance of State CoC,2014,681.02,476.02,,,,2014,2010,1.07992447
NY-525,New York Balance of State CoC,2015,690.85,482.4,,,,2015,2010,1.07864415
NY-525,New York Balance of State CoC,2016,692.12,487.95,,,,2016,2010,1.06520643
NY-525,New York Balance of State CoC,2017,697.01,489.48,,,,2017,2010,1.04298711
NY-525,New York Balance of State CoC,2018,701.56,491.86,,,,2018,2010,1.01811977
NY-525,New York Balance of State CoC,2019,717.75,501.43,527,522,5,2019,2010,1.0
NY-600,New York City CoC,2010,1199.54,773.39,53187,50076,3111,2010,2010,1.17243736
NY-600,New York City CoC,2011,1219.35,793.32,51123,48475,2648,2011,2010,1.13656147
NY-600,New York City CoC,2012,1239.57,802.03,56672,53410,3262,2012,2010,1.11351777
NY-600,New York City CoC,2013,1256.64,823.6,64060,60880,3180,2013,2010,1.09744288
NY-600,New York City CoC,2014,1269.22,836.82,67810,64453,3357,2014,2010,1.07992447
NY-600,New York City CoC,2015,1320.71,854.85,75323,72140,3183,2015,2010,1.07864415
NY-600,New York City CoC,2016,1347.81,869.59,73523,70685,2838,2016,2010,1.06520643
NY-600,New York City CoC,2017,1364.3,876.22,76501,72565,3936,2017,2010,1.04298711
NY-600,New York City CoC,2018,1390.15,890.53,78676,74965,3711,2018,2010,1.01811977
NY-600,New York City CoC,2019,1418.3,901.88,78604,74982,3622,2019,2010,1.0
NY-601,Poughkeepsie/Dutchess County CoC,2010,1064.92,832.42,476,436,40,2010,2010,1.17243736
NY-601,Poughkeepsie/Dutchess County CoC,2011,1073.74,821.63,435,421,14,2011,2010,1.13656147
NY-601,Poughkeepsie/Dutchess County CoC,2012,1067.31,809.38,453,409,44,2012,2010,1.11351777
NY-601,Poughkeepsie/Dutchess County CoC,2013,1071.55,822.79,397,384,13,2013,2010,1.09744288
NY-601,Poughkeepsie/Dutchess County CoC,2014,1076.22,818.19,403,396,7,2014,2010,1.07992447
NY-601,Poughkeepsie/Dutchess County CoC,2015,1075.69,814.23,375,360,15,2015,2010,1.07864415
NY-601,Poughkeepsie/Dutchess County CoC,2016,1072.69,816.28,385,363,22,2016,2010,1.06520643
NY-601,Poughkeepsie/Dutchess County CoC,2017,1083.57,828.49,388,379,9,2017,2010,1.04298711
NY-601,Poughkeepsie/Dutchess County CoC,2018,1079.7,808.5,399,390,9,2018,2010,1.01811977
NY-601,Poughkeepsie/Dutchess County CoC,2019,1098.26,824.36,533,523,10,2019,2010,1.0
NY-602,"Newburgh, Middletown/Orange County CoC",2010,1039.62,828.67,505,345,160,2010,2010,1.17243736
NY-602,"Newburgh, Middletown/Orange County CoC",2011,1051.91,834.92,448,266,182,2011,2010,1.13656147
NY-602,"Newburgh, Middletown/Orange County CoC",2012,1071.99,834.74,502,356,146,2012,2010,1.11351777
NY-602,"Newburgh, Middletown/Orange County CoC",2013,1075.64,837.52,459,280,179,2013,2010,1.09744288
NY-602,"Newburgh, Middletown/Orange County CoC",2014,1085.79,835.49,421,299,122,2014,2010,1.07992447
NY-602,"Newburgh, Middletown/Orange County CoC",2015,1105.62,836.91,495,350,145,2015,2010,1.07864415
NY-602,"Newburgh, Middletown/Orange County CoC",2016,1100.27,830.45,343,323,20,2016,2010,1.06520643
NY-602,"Newburgh, Middletown/Orange County CoC",2017,1101.13,828.56,350,320,30,2017,2010,1.04298711
NY-602,"Newburgh, Middletown/Orange County CoC",2018,1127.43,826.31,480,438,42,2018,2010,1.01811977
NY-602,"Newburgh, Middletown/Orange County CoC",2019,1137.05,837.89,589,538,51,2019,2010,1.0
NY-603,"Nassau, Suffolk Counties CoC",2010,1512.53,1108.69,3163,3087,76,2010,2010,1.17243736
NY-603,"Nassau, Suffolk Counties CoC",2011,1496.34,1103.95,3278,3166,112,2011,2010,1.13656147
NY-603,"Nassau, Suffolk Counties CoC",2012,1491.45,1103.4,3359,3224,135,2012,2010,1.11351777
NY-603,"Nassau, Suffolk Counties CoC",2013,1484.18,1096.04,3123,3006,117,2013,2010,1.09744288
NY-603,"Nassau, Suffolk Counties CoC",2014,1495.79,1103.25,3207,3143,64,2014,2010,1.07992447
NY-603,"Nassau, Suffolk Counties CoC",2015,1528.18,1111.49,3861,3756,105,2015,2010,1.07864415
NY-603,"Nassau, Suffolk Counties CoC",2016,1545.94,1120.25,3960,3845,115,2016,2010,1.06520643
NY-603,"Nassau, Suffolk Counties CoC",2017,1575.46,1131.34,3937,3873,64,2017,2010,1.04298711
NY-603,"Nassau, Suffolk Counties CoC",2018,1607.73,1160.75,3868,3816,52,2018,2010,1.01811977
NY-603,"Nassau, Suffolk Counties CoC",2019,1637.18,1176.03,3843,3797,46,2019,2010,1.0
NY-604,"Yonkers, Mount Vernon/Westchester County CoC",2010,1314.97,942.87,1339,1305,34,2010,2010,1.17243736
NY-604,"Yonkers, Mount Vernon/Westchester County CoC",2011,1319.35,940.45,1537,1495,42,2011,2010,1.13656147
NY-604,"Yonkers, Mount Vernon/Westchester County CoC",2012,1334.67,948.85,1741,1703,38,2012,2010,1.11351777
NY-604,"Yonkers, Mount Vernon/Westchester County CoC",2013,1347.23,967.01,2054,2032,22,2013,2010,1.09744288
NY-604,"Yonkers, Mount Vernon/Westchester County CoC",2014,1356.43,983.44,2138,2118,20,2014,2010,1.07992447
NY-604,"Yonkers, Mount Vernon/Westchester County CoC",2015,1376.02,988.31,1797,1770,27,2015,2010,1.07864415
NY-604,"Yonkers, Mount Vernon/Westchester County CoC",2016,1393.73,999.14,1750,1716,34,2016,2010,1.06520643
NY-604,"Yonkers, Mount Vernon/Westchester County CoC",2017,1409.53,1014.0,1832,1785,47,2017,2010,1.04298711
NY-604,"Yonkers, Mount Vernon/Westchester County CoC",2018,1433.52,1020.5,1827,1783,44,2018,2010,1.01811977
NY-604,"Yonkers, Mount Vernon/Westchester County CoC",2019,1435.02,1015.12,1812,1780,32,2019,2010,1.0
NY-606,Rockland County CoC,2010,1307.89,964.13,141,89,52,2010,2010,1.17243736
NY-606,Rockland County CoC,2011,1318.84,965.01,112,80,32,2011,2010,1.13656147
NY-606,Rockland County CoC,2012,1313.28,959.43,107,104,3,2012,2010,1.11351777
NY-606,Rockland County CoC,2013,1311.64,962.08,107,104,3,2013,2010,1.09744288
NY-606,Rockland County CoC,2014,1283.68,951.13,125,106,19,2014,2010,1.07992447
NY-606,Rockland County CoC,2015,1284.61,954.61,117,92,25,2015,2010,1.07864415
NY-606,Rockland County CoC,2016,1312.92,965.07,141,109,32,2016,2010,1.06520643
NY-606,Rockland County CoC,2017,1343.26,961.69,170,112,58,2017,2010,1.04298711
NY-606,Rockland County CoC,2018,1352.78,949.71,180,130,50,2018,2010,1.01811977
NY-606,Rockland County CoC,2019,1377.38,945.25,182,139,43,2019,2010,1.0
NY-608,Kingston/Ulster County CoC,2010,924.61,711.62,440,305,135,2010,2010,1.17243736
NY-608,Kingston/Ulster County CoC,2011,949.59,724.73,259,206,53,2011,2010,1.13656147
NY-608,Kingston/Ulster County CoC,2012,952.21,710.98,355,291,64,2012,2010,1.11351777
NY-608,Kingston/Ulster County CoC,2013,939.25,718.78,442,332,110,2013,2010,1.09744288
NY-608,Kingston/Ulster County CoC,2014,924.48,724.86,341,304,37,2014,2010,1.07992447
NY-608,Kingston/Ulster County CoC,2015,913.51,721.38,343,277,66,2015,2010,1.07864415
NY-608,Kingston/Ulster County CoC,2016,918.66,724.66,328,290,38,2016,2010,1.06520643
NY-608,Kingston/Ulster County CoC,2017,921.61,732.21,411,377,34,2017,2010,1.04298711
NY-608,Kingston/Ulster County CoC,2018,949.16,737.97,464,432,32,2018,2010,1.01811977
NY-608,Kingston/Ulster County CoC,2019,958.14,740.76,432,390,42,2019,2010,1.0
OH-500,Cincinnati/Hamilton County CoC,2010,651.2,486.35,1006,931,75,2010,2010,1.17243736
OH-500,Cincinnati/Hamilton County CoC,2011,645.25,481.81,1275,1209,66,2011,2010,1.13656147
OH-500,Cincinnati/Hamilton County CoC,2012,647.49,482.62,1654,1608,46,2012,2010,1.11351777
OH-500,Cincinnati/Hamilton County CoC,2013,649.7,481.73,1326,1300,26,2013,2010,1.09744288
OH-500,Cincinnati/Hamilton County CoC,2014,649.14,476.29,1043,1026,17,2014,2010,1.07992447
OH-500,Cincinnati/Hamilton County CoC,2015,648.36,477.74,1063,1013,50,2015,2010,1.07864415
OH-500,Cincinnati/Hamilton County CoC,2016,661.66,482.44,1116,1056,60,2016,2010,1.06520643
OH-500,Cincinnati/Hamilton County CoC,2017,667.45,486.2,1162,1088,74,2017,2010,1.04298711
OH-500,Cincinnati/Hamilton County CoC,2018,674.92,494.41,1114,1067,47,2018,2010,1.01811977
OH-500,Cincinnati/Hamilton County CoC,2019,695.02,507.05,1082,1051,31,2019,2010,1.0
OH-501,Toledo/Lucas County CoC,2010,577.6,456.64,986,856,130,2010,2010,1.17243736
OH-501,Toledo/Lucas County CoC,2011,575.28,451.44,1096,859,237,2011,2010,1.13656147
OH-501,Toledo/Lucas County CoC,2012,571.32,448.16,977,840,137,2012,2010,1.11351777
OH-501,Toledo/Lucas County CoC,2013,574.63,446.09,900,865,35,2013,2010,1.09744288
OH-501,Toledo/Lucas County CoC,2014,573.12,447.38,809,800,9,2014,2010,1.07992447
OH-501,Toledo/Lucas County CoC,2015,579.86,449.2,564,548,16,2015,2010,1.07864415
OH-501,Toledo/Lucas County CoC,2016,579.41,447.38,599,584,15,2016,2010,1.06520643
OH-501,Toledo/Lucas County CoC,2017,588.24,450.01,499,483,16,2017,2010,1.04298711
OH-501,Toledo/Lucas County CoC,2018,586.46,453.96,662,640,22,2018,2010,1.01811977
OH-501,Toledo/Lucas County CoC,2019,592.84,457.67,611,599,12,2019,2010,1.0
OH-502,Cleveland/Cuyahoga County CoC,2010,691.91,523.22,2278,2140,138,2010,2010,1.17243736
OH-502,Cleveland/Cuyahoga County CoC,2011,689.65,518.18,2262,2066,196,2011,2010,1.13656147
OH-502,Cleveland/Cuyahoga County CoC,2012,685.54,517.52,2191,2067,124,2012,2010,1.11351777
OH-502,Cleveland/Cuyahoga County CoC,2013,686.76,515.85,2129,2052,77,2013,2010,1.09744288
OH-502,Cleveland/Cuyahoga County CoC,2014,683.14,513.05,2103,2075,28,2014,2010,1.07992447
OH-502,Cleveland/Cuyahoga County CoC,2015,681.66,512.23,1943,1875,68,2015,2010,1.07864415
OH-502,Cleveland/Cuyahoga County CoC,2016,686.81,516.58,1697,1623,74,2016,2010,1.06520643
OH-502,Cleveland/Cuyahoga County CoC,2017,696.32,521.24,1727,1630,97,2017,2010,1.04298711
OH-502,Cleveland/Cuyahoga County CoC,2018,700.69,523.43,1808,1730,78,2018,2010,1.01811977
OH-502,Cleveland/Cuyahoga County CoC,2019,708.36,528.23,1618,1512,106,2019,2010,1.0
OH-503,Columbus/Franklin County CoC,2010,729.74,574.58,1387,1253,134,2010,2010,1.17243736
OH-503,Columbus/Franklin County CoC,2011,728.38,574.22,1418,1274,144,2011,2010,1.13656147
OH-503,Columbus/Franklin County CoC,2012,732.66,576.66,1434,1252,182,2012,2010,1.11351777
OH-503,Columbus/Franklin County CoC,2013,735.81,574.75,1488,1244,244,2013,2010,1.09744288
OH-503,Columbus/Franklin County CoC,2014,743.05,575.83,1614,1381,233,2014,2010,1.07992447
OH-503,Columbus/Franklin County CoC,2015,757.66,585.23,1721,1523,198,2015,2010,1.07864415
OH-503,Columbus/Franklin County CoC,2016,772.6,594.1,1724,1385,339,2016,2010,1.06520643
OH-503,Columbus/Franklin County CoC,2017,786.99,603.08,1691,1351,340,2017,2010,1.04298711
OH-503,Columbus/Franklin County CoC,2018,806.18,616.19,1807,1519,288,2018,2010,1.01811977
OH-503,Columbus/Franklin County CoC,2019,826.31,628.95,1907,1525,382,2019,2010,1.0
OH-504,Youngstown/Mahoning County CoC,2010,523.24,418.68,183,179,4,2010,2010,1.17243736
OH-504,Youngstown/Mahoning County CoC,2011,525.25,417.29,223,209,14,2011,2010,1.13656147
OH-504,Youngstown/Mahoning County CoC,2012,534.2,426.68,224,214,10,2012,2010,1.11351777
OH-504,Youngstown/Mahoning County CoC,2013,532.51,425.35,227,225,2,2013,2010,1.09744288
OH-504,Youngstown/Mahoning County CoC,2014,541.3,433.81,256,248,8,2014,2010,1.07992447
OH-504,Youngstown/Mahoning County CoC,2015,540.81,434.18,368,294,74,2015,2010,1.07864415
OH-504,Youngstown/Mahoning County CoC,2016,544.05,432.35,346,308,38,2016,2010,1.06520643
OH-504,Youngstown/Mahoning County CoC,2017,540.38,424.87,262,256,6,2017,2010,1.04298711
OH-504,Youngstown/Mahoning County CoC,2018,537.34,427.18,180,157,23,2018,2010,1.01811977
OH-504,Youngstown/Mahoning County CoC,2019,535.62,426.55,148,139,9,2019,2010,1.0
OH-505,"Dayton, Kettering/Montgomery County CoC",2010,622.58,490.83,884,858,26,2010,2010,1.17243736
OH-505,"Dayton, Kettering/Montgomery County CoC",2011,625.69,486.63,986,948,38,2011,2010,1.13656147
OH-505,"Dayton, Kettering/Montgomery County CoC",2012,620.39,481.16,1081,1014,67,2012,2010,1.11351777
OH-505,"Dayton, Kettering/Montgomery County CoC",2013,620.22,478.06,1041,985,56,2013,2010,1.09744288
OH-505,"Dayton, Kettering/Montgomery County CoC",2014,619.62,472.12,791,757,34,2014,2010,1.07992447
OH-505,"Dayton, Kettering/Montgomery County CoC",2015,622.49,472.27,971,923,48,2015,2010,1.07864415
OH-505,"Dayton, Kettering/Montgomery County CoC",2016,628.31,477.92,751,708,43,2016,2010,1.06520643
OH-505,"Dayton, Kettering/Montgomery County CoC",2017,633.17,478.23,619,566,53,2017,2010,1.04298711
OH-505,"Dayton, Kettering/Montgomery County CoC",2018,636.87,481.99,680,629,51,2018,2010,1.01811977
OH-505,"Dayton, Kettering/Montgomery County CoC",2019,645.58,488.51,681,632,49,2019,2010,1.0
OH-506,"Akron, Barberton/Summit County CoC",2010,686.64,521.79,859,672,187,2010,2010,1.17243736
OH-506,"Akron, Barberton/Summit County CoC",2011,670.34,512.07,857,711,146,2011,2010,1.13656147
OH-506,"Akron, Barberton/Summit County CoC",2012,677.31,510.19,813,647,166,2012,2010,1.11351777
OH-506,"Akron, Barberton/Summit County CoC",2013,682.1,508.83,862,685,177,2013,2010,1.09744288
OH-506,"Akron, Barberton/Summit County CoC",2014,683.18,509.45,870,693,177,2014,2010,1.07992447
OH-506,"Akron, Barberton/Summit County CoC",2015,688.98,512.56,760,641,119,2015,2010,1.07864415
OH-506,"Akron, Barberton/Summit County CoC",2016,698.22,517.76,679,592,87,2016,2010,1.06520643
OH-506,"Akron, Barberton/Summit County CoC",2017,708.68,530.45,507,429,78,2017,2010,1.04298711
OH-506,"Akron, Barberton/Summit County CoC",2018,708.52,532.84,587,454,133,2018,2010,1.01811977
OH-506,"Akron, Barberton/Summit County CoC",2019,705.36,536.0,546,459,87,2019,2010,1.0
OH-507,Ohio Balance of State CoC,2010,601.45,442.88,4555,3462,1093,2010,2010,1.17243736
OH-507,Ohio Balance of State CoC,2011,598.7,440.42,4431,3534,897,2011,2010,1.13656147
OH-507,Ohio Balance of State CoC,2012,600.87,445.61,5121,4185,936,2012,2010,1.11351777
OH-507,Ohio Balance of State CoC,2013,602.38,445.83,3830,3165,665,2013,2010,1.09744288
OH-507,Ohio Balance of State CoC,2014,603.89,444.37,3806,3247,559,2014,2010,1.07992447
OH-507,Ohio Balance of State CoC,2015,608.82,447.67,3320,2854,466,2015,2010,1.07864415
OH-507,Ohio Balance of State CoC,2016,615.85,451.46,3032,2587,445,2016,2010,1.06520643
OH-507,Ohio Balance of State CoC,2017,618.01,451.45,3309,2686,623,2017,2010,1.04298711
OH-507,Ohio Balance of State CoC,2018,618.12,454.62,3133,2500,633,2018,2010,1.01811977
OH-507,Ohio Balance of State CoC,2019,624.75,457.61,3479,2665,814,2019,2010,1.0
OH-508,"Canton, Massillon, Alliance/Stark County CoC",2010,572.09,449.92,431,378,53,2010,2010,1.17243736
OH-508,"Canton, Massillon, Alliance/Stark County CoC",2011,568.71,449.83,482,414,68,2011,2010,1.13656147
OH-508,"Canton, Massillon, Alliance/Stark County CoC",2012,564.92,451.73,482,419,63,2012,2010,1.11351777
OH-508,"Canton, Massillon, Alliance/Stark County CoC",2013,566.14,452.66,522,466,56,2013,2010,1.09744288
OH-508,"Canton, Massillon, Alliance/Stark County CoC",2014,567.41,452.66,531,493,38,2014,2010,1.07992447
OH-508,"Canton, Massillon, Alliance/Stark County CoC",2015,566.9,451.85,472,412,60,2015,2010,1.07864415
OH-508,"Canton, Massillon, Alliance/Stark County CoC",2016,572.04,451.88,460,423,37,2016,2010,1.06520643
OH-508,"Canton, Massillon, Alliance/Stark County CoC",2017,577.83,452.55,319,297,22,2017,2010,1.04298711
OH-508,"Canton, Massillon, Alliance/Stark County CoC",2018,577.7,455.33,278,238,40,2018,2010,1.01811977
OH-508,"Canton, Massillon, Alliance/Stark County CoC",2019,572.95,453.95,273,256,17,2019,2010,1.0
OK-500,North Central Oklahoma CoC,2010,496.56,373.37,323,179,144,2010,2010,1.17243736
OK-500,North Central Oklahoma CoC,2011,503.86,371.21,249,163,86,2011,2010,1.13656147
OK-500,North Central Oklahoma CoC,2012,511.9,365.85,204,147,57,2012,2010,1.11351777
OK-500,North Central Oklahoma CoC,2013,527.22,382.23,190,145,45,2013,2010,1.09744288
OK-500,North Central Oklahoma CoC,2014,533.57,381.32,201,154,47,2014,2010,1.07992447
OK-500,North Central Oklahoma CoC,2015,563.66,398.03,194,160,34,2015,2010,1.07864415
OK-500,North Central Oklahoma CoC,2016,575.63,410.83,129,78,51,2016,2010,1.06520643
OK-500,North Central Oklahoma CoC,2017,588.99,423.8,192,147,45,2017,2010,1.04298711
OK-500,North Central Oklahoma CoC,2018,593.64,427.2,181,141,40,2018,2010,1.01811977
OK-500,North Central Oklahoma CoC,2019,597.66,431.62,178,171,7,2019,2010,1.0
OK-501,Tulsa City & County CoC,2010,651.91,489.66,905,882,23,2010,2010,1.17243736
OK-501,Tulsa City & County CoC,2011,652.36,493.37,879,829,50,2011,2010,1.13656147
OK-501,Tulsa City & County CoC,2012,659.59,496.38,1021,876,145,2012,2010,1.11351777
OK-501,Tulsa City & County CoC,2013,674.25,504.14,1008,886,122,2013,2010,1.09744288
OK-501,Tulsa City & County CoC,2014,675.72,505.31,1010,908,102,2014,2010,1.07992447
OK-501,Tulsa City & County CoC,2015,686.92,512.58,956,825,131,2015,2010,1.07864415
OK-501,Tulsa City & County CoC,2016,699.02,521.39,1043,893,150,2016,2010,1.06520643
OK-501,Tulsa City & County CoC,2017,706.04,530.44,1074,900,174,2017,2010,1.04298711
OK-501,Tulsa City & County CoC,2018,712.92,536.62,1083,857,226,2018,2010,1.01811977
OK-501,Tulsa City & County CoC,2019,716.6,541.87,1188,892,296,2019,2010,1.0
OK-502,Oklahoma City CoC,2010,627.76,475.15,1128,889,239,2010,2010,1.17243736
OK-502,Oklahoma City CoC,2011,633.42,476.12,1348,1019,329,2011,2010,1.13656147
OK-502,Oklahoma City CoC,2012,644.14,485.27,1303,942,361,2012,2010,1.11351777
OK-502,Oklahoma City CoC,2013,661.47,495.86,1362,1069,293,2013,2010,1.09744288
OK-502,Oklahoma City CoC,2014,667.84,502.11,1481,1223,258,2014,2010,1.07992447
OK-502,Oklahoma City CoC,2015,685.97,512.79,1300,1100,200,2015,2010,1.07864415
OK-502,Oklahoma City CoC,2016,697.1,520.42,1511,1204,307,2016,2010,1.06520643
OK-502,Oklahoma City CoC,2017,702.27,533.29,1368,1100,268,2017,2010,1.04298711
OK-502,Oklahoma City CoC,2018,712.39,536.18,1183,789,394,2018,2010,1.01811977
OK-502,Oklahoma City CoC,2019,723.53,540.61,1273,889,384,2019,2010,1.0
OK-503,Oklahoma Balance of State CoC,2010,587.56,424.39,324,317,7,2010,2010,1.17243736
OK-503,Oklahoma Balance of State CoC,2011,590.18,421.14,483,126,357,2011,2010,1.13656147
OK-503,Oklahoma Balance of State CoC,2012,607.66,431.34,571,144,427,2012,2010,1.11351777
OK-503,Oklahoma Balance of State CoC,2013,605.76,441.89,272,149,123,2013,2010,1.09744288
OK-503,Oklahoma Balance of State CoC,2014,615.88,446.64,295,154,141,2014,2010,1.07992447
OK-503,Oklahoma Balance of State CoC,2015,634.03,459.14,237,121,116,2015,2010,1.07864415
OK-503,Oklahoma Balance of State CoC,2016,649.67,474.91,295,114,181,2016,2010,1.06520643
OK-503,Oklahoma Balance of State CoC,2017,652.68,478.73,432,139,293,2017,2010,1.04298711
OK-503,Oklahoma Balance of State CoC,2018,669.29,488.1,233,78,155,2018,2010,1.01811977
OK-503,Oklahoma Balance of State CoC,2019,669.14,489.09,279,113,166,2019,2010,1.0
OK-504,Norman/Cleveland County CoC,2010,682.42,548.24,565,251,314,2010,2010,1.17243736
OK-504,Norman/Cleveland County CoC,2011,682.39,543.58,619,162,457,2011,2010,1.13656147
OK-504,Norman/Cleveland County CoC,2012,686.93,550.04,616,160,456,2012,2010,1.11351777
OK-504,Norman/Cleveland County CoC,2013,695.03,553.11,368,213,155,2013,2010,1.09744288
OK-504,Norman/Cleveland County CoC,2014,705.68,559.13,140,118,22,2014,2010,1.07992447
OK-504,Norman/Cleveland County CoC,2015,714.46,560.55,133,117,16,2015,2010,1.07864415
OK-504,Norman/Cleveland County CoC,2016,730.16,567.3,138,92,46,2016,2010,1.06520643
OK-504,Norman/Cleveland County CoC,2017,740.57,578.67,174,98,76,2017,2010,1.04298711
OK-504,Norman/Cleveland County CoC,2018,746.88,581.92,364,137,227,2018,2010,1.01811977
OK-504,Norman/Cleveland County CoC,2019,757.15,594.12,347,132,215,2019,2010,1.0
OK-505,Northeast Oklahoma CoC,2010,497.55,346.24,567,243,324,2010,2010,1.17243736
OK-505,Northeast Oklahoma CoC,2011,503.79,348.82,266,233,33,2011,2010,1.13656147
OK-505,Northeast Oklahoma CoC,2012,505.98,349.0,342,277,65,2012,2010,1.11351777
OK-505,Northeast Oklahoma CoC,2013,518.37,365.61,487,318,169,2013,2010,1.09744288
OK-505,Northeast Oklahoma CoC,2014,522.54,367.11,383,300,83,2014,2010,1.07992447
OK-505,Northeast Oklahoma CoC,2015,527.69,375.65,343,319,24,2015,2010,1.07864415
OK-505,Northeast Oklahoma CoC,2016,544.51,389.73,368,342,26,2016,2010,1.06520643
OK-505,Northeast Oklahoma CoC,2017,546.47,394.99,377,325,52,2017,2010,1.04298711
OK-505,Northeast Oklahoma CoC,2018,547.9,392.21,392,341,51,2018,2010,1.01811977
OK-505,Northeast Oklahoma CoC,2019,555.89,404.42,228,157,71,2019,2010,1.0
OK-506,Southwest Oklahoma Regional CoC,2010,502.67,348.35,272,252,20,2010,2010,1.17243736
OK-506,Southwest Oklahoma Regional CoC,2011,515.77,349.72,133,123,10,2011,2010,1.13656147
OK-506,Southwest Oklahoma Regional CoC,2012,523.79,352.13,396,233,163,2012,2010,1.11351777
OK-506,Southwest Oklahoma Regional CoC,2013,536.05,365.09,196,159,37,2013,2010,1.09744288
OK-506,Southwest Oklahoma Regional CoC,2014,542.34,365.49,239,177,62,2014,2010,1.07992447
OK-506,Southwest Oklahoma Regional CoC,2015,553.29,375.31,161,120,41,2015,2010,1.07864415
OK-506,Southwest Oklahoma Regional CoC,2016,562.45,379.51,187,147,40,2016,2010,1.06520643
OK-506,Southwest Oklahoma Regional CoC,2017,568.18,389.66,231,169,62,2017,2010,1.04298711
OK-506,Southwest Oklahoma Regional CoC,2018,567.99,388.89,191,150,41,2018,2010,1.01811977
OK-506,Southwest Oklahoma Regional CoC,2019,574.51,400.07,158,136,22,2019,2010,1.0
OK-507,Southeastern Oklahoma Regional CoC,2010,434.46,308.53,1145,302,843,2010,2010,1.17243736
OK-507,Southeastern Oklahoma Regional CoC,2011,436.27,311.52,648,333,315,2011,2010,1.13656147
OK-507,Southeastern Oklahoma Regional CoC,2012,442.29,318.13,579,264,315,2012,2010,1.11351777
OK-507,Southeastern Oklahoma Regional CoC,2013,451.96,326.01,525,323,202,2013,2010,1.09744288
OK-507,Southeastern Oklahoma Regional CoC,2014,456.87,330.34,442,225,217,2014,2010,1.07992447
OK-507,Southeastern Oklahoma Regional CoC,2015,464.19,334.3,453,237,216,2015,2010,1.07864415
OK-507,Southeastern Oklahoma Regional CoC,2016,475.54,345.48,436,217,219,2016,2010,1.06520643
OK-507,Southeastern Oklahoma Regional CoC,2017,477.54,344.63,351,206,145,2017,2010,1.04298711
OK-507,Southeastern Oklahoma Regional CoC,2018,482.28,346.43,244,187,57,2018,2010,1.01811977
OK-507,Southeastern Oklahoma Regional CoC,2019,486.32,350.75,293,217,76,2019,2010,1.0
OR-500,"Eugene, Springfield/Lane County CoC",2010,786.07,609.36,2580,991,1589,2010,2010,1.17243736
OR-500,"Eugene, Springfield/Lane County CoC",2011,786.81,606.32,2140,734,1406,2011,2010,1.13656147
OR-500,"Eugene, Springfield/Lane County CoC",2012,793.08,607.47,2057,651,1406,2012,2010,1.11351777
OR-500,"Eugene, Springfield/Lane County CoC",2013,794.66,612.63,1751,649,1102,2013,2010,1.09744288
OR-500,"Eugene, Springfield/Lane County CoC",2014,797.28,620.86,1767,665,1102,2014,2010,1.07992447
OR-500,"Eugene, Springfield/Lane County CoC",2015,805.94,633.81,1473,757,716,2015,2010,1.07864415
OR-500,"Eugene, Springfield/Lane County CoC",2016,820.04,640.0,1451,517,934,2016,2010,1.06520643
OR-500,"Eugene, Springfield/Lane County CoC",2017,831.99,650.45,1529,526,1003,2017,2010,1.04298711
OR-500,"Eugene, Springfield/Lane County CoC",2018,847.76,650.95,1641,507,1134,2018,2010,1.01811977
OR-500,"Eugene, Springfield/Lane County CoC",2019,866.76,655.15,2165,532,1633,2019,2010,1.0
OR-501,"Portland, Gresham/Multnomah County CoC",2010,862.6,692.86,4235,2644,1591,2010,2010,1.17243736
OR-501,"Portland, Gresham/Multnomah County CoC",2011,875.83,700.89,4497,2783,1714,2011,2010,1.13656147
OR-501,"Portland, Gresham/Multnomah County CoC",2012,893.58,704.78,4423,2709,1714,2012,2010,1.11351777
OR-501,"Portland, Gresham/Multnomah County CoC",2013,908.95,719.51,4441,2546,1895,2013,2010,1.09744288
OR-501,"Portland, Gresham/Multnomah County CoC",2014,924.97,726.22,3927,2032,1895,2014,2010,1.07992447
OR-501,"Portland, Gresham/Multnomah County CoC",2015,948.79,737.99,3801,1914,1887,2015,2010,1.07864415
OR-501,"Portland, Gresham/Multnomah County CoC",2016,986.36,759.69,3914,2027,1887,2016,2010,1.06520643
OR-501,"Portland, Gresham/Multnomah County CoC",2017,1030.21,785.83,4177,2509,1668,2017,2010,1.04298711
OR-501,"Portland, Gresham/Multnomah County CoC",2018,1089.0,813.52,4019,2351,1668,2018,2010,1.01811977
OR-501,"Portland, Gresham/Multnomah County CoC",2019,1141.24,857.79,4015,1978,2037,2019,2010,1.0
OR-502,"Medford, Ashland/Jackson County CoC",2010,847.38,656.4,922,350,572,2010,2010,1.17243736
OR-502,"Medford, Ashland/Jackson County CoC",2011,844.53,649.99,1049,572,477,2011,2010,1.13656147
OR-502,"Medford, Ashland/Jackson County CoC",2012,835.12,643.2,691,441,250,2012,2010,1.11351777
OR-502,"Medford, Ashland/Jackson County CoC",2013,844.9,644.86,548,436,112,2013,2010,1.09744288
OR-502,"Medford, Ashland/Jackson County CoC",2014,828.13,648.42,625,399,226,2014,2010,1.07992447
OR-502,"Medford, Ashland/Jackson County CoC",2015,835.13,648.6,729,347,382,2015,2010,1.07864415
OR-502,"Medford, Ashland/Jackson County CoC",2016,839.35,645.92,527,288,239,2016,2010,1.06520643
OR-502,"Medford, Ashland/Jackson County CoC",2017,848.19,645.55,633,369,264,2017,2010,1.04298711
OR-502,"Medford, Ashland/Jackson County CoC",2018,850.62,641.32,732,403,329,2018,2010,1.01811977
OR-502,"Medford, Ashland/Jackson County CoC",2019,872.41,646.97,712,348,364,2019,2010,1.0
OR-503,Central Oregon CoC,2010,843.38,663.49,569,256,313,2010,2010,1.17243736
OR-503,Central Oregon CoC,2011,844.11,669.67,802,270,532,2011,2010,1.13656147
OR-503,Central Oregon CoC,2012,825.21,656.93,808,276,532,2012,2010,1.11351777
OR-503,Central Oregon CoC,2013,833.86,644.16,506,261,245,2013,2010,1.09744288
OR-503,Central Oregon CoC,2014,822.9,638.19,568,323,245,2014,2010,1.07992447
OR-503,Central Oregon CoC,2015,842.64,651.92,594,189,405,2015,2010,1.07864415
OR-503,Central Oregon CoC,2016,878.98,666.55,602,197,405,2016,2010,1.06520643
OR-503,Central Oregon CoC,2017,925.8,682.76,778,230,548,2017,2010,1.04298711
OR-503,Central Oregon CoC,2018,983.45,699.05,787,232,555,2018,2010,1.01811977
OR-503,Central Oregon CoC,2019,1012.59,727.31,880,266,614,2019,2010,1.0
OR-504,"Salem/Marion, Polk Counties CoC",2010,741.09,588.68,2316,599,1717,2010,2010,1.17243736
OR-504,"Salem/Marion, Polk Counties CoC",2011,746.88,591.14,,,,2011,2010,1.13656147
OR-504,"Salem/Marion, Polk Counties CoC",2012,741.07,596.29,,,,2012,2010,1.11351777
OR-504,"Salem/Marion, Polk Counties CoC",2013,744.88,589.33,,,,2013,2010,1.09744288
OR-504,"Salem/Marion, Polk Counties CoC",2014,742.51,593.08,,,,2014,2010,1.07992447
OR-504,"Salem/Marion, Polk Counties CoC",2015,744.71,596.82,,,,2015,2010,1.07864415
OR-504,"Salem/Marion, Polk Counties CoC",2016,764.01,611.35,,,,2016,2010,1.06520643
OR-504,"Salem/Marion, Polk Counties CoC",2017,789.22,629.75,,,,2017,2010,1.04298711
OR-504,"Salem/Marion, Polk Counties CoC",2018,821.64,654.66,,,,2018,2010,1.01811977
OR-504,"Salem/Marion, Polk Counties CoC",2019,861.57,684.46,,,,2019,2010,1.0
OR-505,Oregon Balance of State CoC,2010,690.61,519.75,6498,2007,4491,2010,2010,1.17243736
OR-505,Oregon Balance of State CoC,2011,690.04,520.94,7006,2293,4713,2011,2010,1.13656147
OR-505,Oregon Balance of State CoC,2012,693.65,521.14,6105,2035,4070,2012,2010,1.11351777
OR-505,Oregon Balance of State CoC,2013,704.84,528.28,5525,2199,3326,2013,2010,1.09744288
OR-505,Oregon Balance of State CoC,2014,707.23,528.52,4122,2344,1778,2014,2010,1.07992447
OR-505,Oregon Balance of State CoC,2015,711.38,534.74,5544,2242,3302,2015,2010,1.07864415
OR-505,Oregon Balance of State CoC,2016,726.36,536.17,5710,1859,3851,2016,2010,1.06520643
OR-505,Oregon Balance of State CoC,2017,735.88,539.03,5795,2026,3769,2017,2010,1.04298711
OR-505,Oregon Balance of State CoC,2018,745.22,538.97,6392,1858,4534,2018,2010,1.01811977
OR-505,Oregon Balance of State CoC,2019,763.47,542.6,7103,2064,5039,2019,2010,1.0
OR-506,"Hillsboro, Beaverton/Washington County CoC",2010,926.62,767.69,950,248,702,2010,2010,1.17243736
OR-506,"Hillsboro, Beaverton/Washington County CoC",2011,930.16,772.48,752,221,531,2011,2010,1.13656147
OR-506,"Hillsboro, Beaverton/Washington County CoC",2012,939.92,779.81,751,309,442,2012,2010,1.11351777
OR-506,"Hillsboro, Beaverton/Washington County CoC",2013,941.73,781.14,432,200,232,2013,2010,1.09744288
OR-506,"Hillsboro, Beaverton/Washington County CoC",2014,965.01,790.0,537,198,339,2014,2010,1.07992447
OR-506,"Hillsboro, Beaverton/Washington County CoC",2015,993.85,809.04,591,196,395,2015,2010,1.07864415
OR-506,"Hillsboro, Beaverton/Washington County CoC",2016,1033.77,837.7,571,193,378,2016,2010,1.06520643
OR-506,"Hillsboro, Beaverton/Washington County CoC",2017,1099.58,870.85,544,175,369,2017,2010,1.04298711
OR-506,"Hillsboro, Beaverton/Washington County CoC",2018,1157.6,924.19,522,163,359,2018,2010,1.01811977
OR-506,"Hillsboro, Beaverton/Washington County CoC",2019,1223.44,972.83,530,298,232,2019,2010,1.0
OR-507,Clackamas County CoC,2010,933.75,755.28,1422,136,1286,2010,2010,1.17243736
OR-507,Clackamas County CoC,2011,937.45,754.02,1008,139,869,2011,2010,1.13656147
OR-507,Clackamas County CoC,2012,949.89,759.05,993,124,869,2012,2010,1.11351777
OR-507,Clackamas County CoC,2013,969.94,774.18,619,141,478,2013,2010,1.09744288
OR-507,Clackamas County CoC,2014,968.75,771.6,618,140,478,2014,2010,1.07992447
OR-507,Clackamas County CoC,2015,1004.46,783.69,494,186,308,2015,2010,1.07864415
OR-507,Clackamas County CoC,2016,1033.24,805.08,463,155,308,2016,2010,1.06520643
OR-507,Clackamas County CoC,2017,1066.13,828.71,497,151,346,2017,2010,1.04298711
OR-507,Clackamas County CoC,2018,1104.54,850.77,383,37,346,2018,2010,1.01811977
OR-507,Clackamas County CoC,2019,1161.55,910.06,471,248,223,2019,2010,1.0
PA-500,Philadelphia CoC,2010,820.37,570.66,6084,5603,481,2010,2010,1.17243736
PA-500,Philadelphia CoC,2011,824.2,571.26,6180,5674,506,2011,2010,1.13656147
PA-500,Philadelphia CoC,2012,832.33,578.81,5780,5280,500,2012,2010,1.11351777
PA-500,Philadelphia CoC,2013,847.18,581.67,5645,5119,526,2013,2010,1.09744288
PA-500,Philadelphia CoC,2014,849.53,584.6,5738,5377,361,2014,2010,1.07992447
PA-500,Philadelphia CoC,2015,863.71,596.71,5998,5328,670,2015,2010,1.07864415
PA-500,Philadelphia CoC,2016,883.18,616.85,6112,5407,705,2016,2010,1.06520643
PA-500,Philadelphia CoC,2017,894.91,625.88,5693,4737,956,2017,2010,1.04298711
PA-500,Philadelphia CoC,2018,914.59,628.48,5788,4705,1083,2018,2010,1.01811977
PA-500,Philadelphia CoC,2019,934.3,633.26,5735,4762,973,2019,2010,1.0
PA-501,Harrisburg/Dauphin County CoC,2010,688.75,511.96,394,306,88,2010,2010,1.17243736
PA-501,Harrisburg/Dauphin County CoC,2011,710.99,522.25,394,321,73,2011,2010,1.13656147
PA-501,Harrisburg/Dauphin County CoC,2012,729.93,551.4,386,328,58,2012,2010,1.11351777
PA-501,Harrisburg/Dauphin County CoC,2013,728.44,546.34,390,342,48,2013,2010,1.09744288
PA-501,Harrisburg/Dauphin County CoC,2014,722.08,537.91,396,357,39,2014,2010,1.07992447
PA-501,Harrisburg/Dauphin County CoC,2015,725.88,546.06,402,386,16,2015,2010,1.07864415
PA-501,Harrisburg/Dauphin County CoC,2016,728.82,555.46,433,390,43,2016,2010,1.06520643
PA-501,Harrisburg/Dauphin County CoC,2017,744.83,556.36,460,390,70,2017,2010,1.04298711
PA-501,Harrisburg/Dauphin County CoC,2018,746.17,565.14,445,410,35,2018,2010,1.01811977
PA-501,Harrisburg/Dauphin County CoC,2019,761.73,567.42,418,370,48,2019,2010,1.0
PA-502,"Upper Darby, Chester, Haverford/Delaware County CoC",2010,967.42,729.1,716,663,53,2010,2010,1.17243736
PA-502,"Upper Darby, Chester, Haverford/Delaware County CoC",2011,973.26,733.25,648,601,47,2011,2010,1.13656147
PA-502,"Upper Darby, Chester, Haverford/Delaware County CoC",2012,982.76,734.51,604,566,38,2012,2010,1.11351777
PA-502,"Upper Darby, Chester, Haverford/Delaware County CoC",2013,970.58,734.32,546,501,45,2013,2010,1.09744288
PA-502,"Upper Darby, Chester, Haverford/Delaware County CoC",2014,969.7,734.89,509,462,47,2014,2010,1.07992447
PA-502,"Upper Darby, Chester, Haverford/Delaware County CoC",2015,990.76,732.65,436,376,60,2015,2010,1.07864415
PA-502,"Upper Darby, Chester, Haverford/Delaware County CoC",2016,1001.56,740.97,406,371,35,2016,2010,1.06520643
PA-502,"Upper Darby, Chester, Haverford/Delaware County CoC",2017,1002.31,746.99,453,413,40,2017,2010,1.04298711
PA-502,"Upper Darby, Chester, Haverford/Delaware County CoC",2018,1005.4,750.04,414,361,53,2018,2010,1.01811977
PA-502,"Upper Darby, Chester, Haverford/Delaware County CoC",2019,1018.18,756.0,400,352,48,2019,2010,1.0
PA-503,"Wilkes-Barre, Hazleton/Luzerne County CoC",2010,534.89,406.41,201,195,6,2010,2010,1.17243736
PA-503,"Wilkes-Barre, Hazleton/Luzerne County CoC",2011,539.68,409.54,180,171,9,2011,2010,1.13656147
PA-503,"Wilkes-Barre, Hazleton/Luzerne County CoC",2012,547.82,405.82,178,173,5,2012,2010,1.11351777
PA-503,"Wilkes-Barre, Hazleton/Luzerne County CoC",2013,564.13,418.83,165,153,12,2013,2010,1.09744288
PA-503,"Wilkes-Barre, Hazleton/Luzerne County CoC",2014,572.17,420.72,192,180,12,2014,2010,1.07992447
PA-503,"Wilkes-Barre, Hazleton/Luzerne County CoC",2015,588.54,432.65,174,158,16,2015,2010,1.07864415
PA-503,"Wilkes-Barre, Hazleton/Luzerne County CoC",2016,593.74,434.44,169,160,9,2016,2010,1.06520643
PA-503,"Wilkes-Barre, Hazleton/Luzerne County CoC",2017,608.07,441.96,174,171,3,2017,2010,1.04298711
PA-503,"Wilkes-Barre, Hazleton/Luzerne County CoC",2018,599.9,442.35,165,159,6,2018,2010,1.01811977
PA-503,"Wilkes-Barre, Hazleton/Luzerne County CoC",2019,609.63,453.59,164,157,7,2019,2010,1.0
PA-504,"Lower Merion, Norristown, Abington/Montgomery County CoC",2010,1097.33,830.12,428,390,38,2010,2010,1.17243736
PA-504,"Lower Merion, Norristown, Abington/Montgomery County CoC",2011,1110.97,832.07,410,400,10,2011,2010,1.13656147
PA-504,"Lower Merion, Norristown, Abington/Montgomery County CoC",2012,1111.12,825.38,419,396,23,2012,2010,1.11351777
PA-504,"Lower Merion, Norristown, Abington/Montgomery County CoC",2013,1124.07,837.84,464,451,13,2013,2010,1.09744288
PA-504,"Lower Merion, Norristown, Abington/Montgomery County CoC",2014,1131.13,845.06,438,432,6,2014,2010,1.07992447
PA-504,"Lower Merion, Norristown, Abington/Montgomery County CoC",2015,1151.42,849.45,429,426,3,2015,2010,1.07864415
PA-504,"Lower Merion, Norristown, Abington/Montgomery County CoC",2016,1161.54,861.63,398,378,20,2016,2010,1.06520643
PA-504,"Lower Merion, Norristown, Abington/Montgomery County CoC",2017,1167.97,865.08,310,291,19,2017,2010,1.04298711
PA-504,"Lower Merion, Norristown, Abington/Montgomery County CoC",2018,1180.26,876.2,291,271,20,2018,2010,1.01811977
PA-504,"Lower Merion, Norristown, Abington/Montgomery County CoC",2019,1199.28,883.4,246,227,19,2019,2010,1.0
PA-505,Chester County CoC,2010,1114.34,830.61,319,312,7,2010,2010,1.17243736
PA-505,Chester County CoC,2011,1136.74,836.33,726,717,9,2011,2010,1.13656147
PA-505,Chester County CoC,2012,1134.65,827.72,691,667,24,2012,2010,1.11351777
PA-505,Chester County CoC,2013,1151.13,852.08,641,598,43,2013,2010,1.09744288
PA-505,Chester County CoC,2014,1170.69,857.67,679,640,39,2014,2010,1.07992447
PA-505,Chester County CoC,2015,1162.01,867.37,612,597,15,2015,2010,1.07864415
PA-505,Chester County CoC,2016,1168.27,865.0,558,553,5,2016,2010,1.06520643
PA-505,Chester County CoC,2017,1176.15,871.14,578,554,24,2017,2010,1.04298711
PA-505,Chester County CoC,2018,1174.94,865.64,579,566,13,2018,2010,1.01811977
PA-505,Chester County CoC,2019,1197.6,868.33,528,508,20,2019,2010,1.0
PA-506,Reading/Berks County CoC,2010,728.44,551.73,513,500,13,2010,2010,1.17243736
PA-506,Reading/Berks County CoC,2011,730.05,558.21,357,350,7,2011,2010,1.13656147
PA-506,Reading/Berks County CoC,2012,736.24,568.51,340,323,17,2012,2010,1.11351777
PA-506,Reading/Berks County CoC,2013,733.7,569.07,468,455,13,2013,2010,1.09744288
PA-506,Reading/Berks County CoC,2014,737.12,565.23,604,593,11,2014,2010,1.07992447
PA-506,Reading/Berks County CoC,2015,735.89,562.74,561,557,4,2015,2010,1.07864415
PA-506,Reading/Berks County CoC,2016,748.49,565.86,521,518,3,2016,2010,1.06520643
PA-506,Reading/Berks County CoC,2017,750.63,571.58,534,521,13,2017,2010,1.04298711
PA-506,Reading/Berks County CoC,2018,763.81,579.2,562,551,11,2018,2010,1.01811977
PA-506,Reading/Berks County CoC,2019,770.29,593.03,597,587,10,2019,2010,1.0
PA-508,Scranton/Lackawanna County CoC,2010,576.83,433.79,285,243,42,2010,2010,1.17243736
PA-508,Scranton/Lackawanna County CoC,2011,582.86,441.11,276,236,40,2011,2010,1.13656147
PA-508,Scranton/Lackawanna County CoC,2012,588.17,452.75,260,238,22,2012,2010,1.11351777
PA-508,Scranton/Lackawanna County CoC,2013,597.57,454.25,252,247,5,2013,2010,1.09744288
PA-508,Scranton/Lackawanna County CoC,2014,609.13,454.89,287,282,5,2014,2010,1.07992447
PA-508,Scranton/Lackawanna County CoC,2015,620.08,464.83,233,223,10,2015,2010,1.07864415
PA-508,Scranton/Lackawanna County CoC,2016,626.79,466.06,242,231,11,2016,2010,1.06520643
PA-508,Scranton/Lackawanna County CoC,2017,633.03,468.81,197,183,14,2017,2010,1.04298711
PA-508,Scranton/Lackawanna County CoC,2018,644.87,485.06,159,154,5,2018,2010,1.01811977
PA-508,Scranton/Lackawanna County CoC,2019,642.97,501.73,186,177,9,2019,2010,1.0
PA-509,Eastern Pennsylvania CoC,2010,665.6,458.96,1895,1752,143,2010,2010,1.17243736
PA-509,Eastern Pennsylvania CoC,2011,672.99,462.56,1720,1589,131,2011,2010,1.13656147
PA-509,Eastern Pennsylvania CoC,2012,683.63,468.33,1752,1621,131,2012,2010,1.11351777
PA-509,Eastern Pennsylvania CoC,2013,694.37,473.8,2081,1764,317,2013,2010,1.09744288
PA-509,Eastern Pennsylvania CoC,2014,700.19,477.31,2021,1786,235,2014,2010,1.07992447
PA-509,Eastern Pennsylvania CoC,2015,707.98,484.24,2410,1994,416,2015,2010,1.07864415
PA-509,Eastern Pennsylvania CoC,2016,719.91,493.0,2599,1996,603,2016,2010,1.06520643
PA-509,Eastern Pennsylvania CoC,2017,725.42,499.83,2170,1765,405,2017,2010,1.04298711
PA-509,Eastern Pennsylvania CoC,2018,731.98,509.41,1998,1652,346,2018,2010,1.01811977
PA-509,Eastern Pennsylvania CoC,2019,741.41,510.48,1843,1506,337,2019,2010,1.0
PA-510,Lancaster City & County CoC,2010,826.65,591.92,602,579,23,2010,2010,1.17243736
PA-510,Lancaster City & County CoC,2011,833.04,600.91,505,498,7,2011,2010,1.13656147
PA-510,Lancaster City & County CoC,2012,847.46,611.44,562,553,9,2012,2010,1.11351777
PA-510,Lancaster City & County CoC,2013,857.27,616.62,518,508,10,2013,2010,1.09744288
PA-510,Lancaster City & County CoC,2014,854.6,621.46,498,492,6,2014,2010,1.07992447
PA-510,Lancaster City & County CoC,2015,875.77,629.94,378,368,10,2015,2010,1.07864415
PA-510,Lancaster City & County CoC,2016,893.09,645.28,356,349,7,2016,2010,1.06520643
PA-510,Lancaster City & County CoC,2017,900.24,646.05,321,295,26,2017,2010,1.04298711
PA-510,Lancaster City & County CoC,2018,886.48,645.27,406,390,16,2018,2010,1.01811977
PA-510,Lancaster City & County CoC,2019,900.48,654.27,422,410,12,2019,2010,1.0
PA-511,"Bristol, Bensalem/Bucks County CoC",2010,1114.92,842.84,474,438,36,2010,2010,1.17243736
PA-511,"Bristol, Bensalem/Bucks County CoC",2011,1115.08,848.67,505,472,33,2011,2010,1.13656147
PA-511,"Bristol, Bensalem/Bucks County CoC",2012,1132.47,848.09,458,407,51,2012,2010,1.11351777
PA-511,"Bristol, Bensalem/Bucks County CoC",2013,1126.33,843.43,451,410,41,2013,2010,1.09744288
PA-511,"Bristol, Bensalem/Bucks County CoC",2014,1126.09,860.89,492,464,28,2014,2010,1.07992447
PA-511,"Bristol, Bensalem/Bucks County CoC",2015,1133.41,869.81,487,449,38,2015,2010,1.07864415
PA-511,"Bristol, Bensalem/Bucks County CoC",2016,1132.09,863.02,530,500,30,2016,2010,1.06520643
PA-511,"Bristol, Bensalem/Bucks County CoC",2017,1132.17,860.39,511,462,49,2017,2010,1.04298711
PA-511,"Bristol, Bensalem/Bucks County CoC",2018,1148.67,877.06,397,378,19,2018,2010,1.01811977
PA-511,"Bristol, Bensalem/Bucks County CoC",2019,1171.3,872.44,359,338,21,2019,2010,1.0
PA-512,York City & County CoC,2010,720.98,546.59,,,,2010,2010,1.17243736
PA-512,York City & County CoC,2011,723.41,552.35,257,232,25,2011,2010,1.13656147
PA-512,York City & County CoC,2012,720.26,557.14,284,259,25,2012,2010,1.11351777
PA-512,York City & County CoC,2013,731.36,566.72,278,248,30,2013,2010,1.09744288
PA-512,York City & County CoC,2014,732.88,569.1,302,272,30,2014,2010,1.07992447
PA-512,York City & County CoC,2015,744.67,581.24,345,301,44,2015,2010,1.07864415
PA-512,York City & County CoC,2016,754.07,589.1,365,294,71,2016,2010,1.06520643
PA-512,York City & County CoC,2017,770.89,596.78,288,243,45,2017,2010,1.04298711
PA-512,York City & County CoC,2018,773.31,601.82,324,291,33,2018,2010,1.01811977
PA-512,York City & County CoC,2019,788.42,607.22,321,289,32,2019,2010,1.0
PA-600,"Pittsburgh, McKeesport, Penn Hills/Allegheny County CoC",2010,677.62,486.02,1265,1146,119,2010,2010,1.17243736
PA-600,"Pittsburgh, McKeesport, Penn Hills/Allegheny County CoC",2011,684.37,486.4,1423,1366,57,2011,2010,1.13656147
PA-600,"Pittsburgh, McKeesport, Penn Hills/Allegheny County CoC",2012,688.18,489.34,1376,1320,56,2012,2010,1.11351777
PA-600,"Pittsburgh, McKeesport, Penn Hills/Allegheny County CoC",2013,701.23,493.75,1492,1401,91,2013,2010,1.09744288
PA-600,"Pittsburgh, McKeesport, Penn Hills/Allegheny County CoC",2014,713.25,496.87,1573,1465,108,2014,2010,1.07992447
PA-600,"Pittsburgh, McKeesport, Penn Hills/Allegheny County CoC",2015,731.37,510.39,1424,1386,38,2015,2010,1.07864415
PA-600,"Pittsburgh, McKeesport, Penn Hills/Allegheny County CoC",2016,746.17,518.66,1156,1108,48,2016,2010,1.06520643
PA-600,"Pittsburgh, McKeesport, Penn Hills/Allegheny County CoC",2017,765.62,529.73,1145,1092,53,2017,2010,1.04298711
PA-600,"Pittsburgh, McKeesport, Penn Hills/Allegheny County CoC",2018,773.26,535.14,783,727,56,2018,2010,1.01811977
PA-600,"Pittsburgh, McKeesport, Penn Hills/Allegheny County CoC",2019,790.59,542.4,774,726,48,2019,2010,1.0
PA-601,Western Pennsylvania CoC,2010,514.89,376.79,910,890,20,2010,2010,1.17243736
PA-601,Western Pennsylvania CoC,2011,514.5,377.95,991,925,66,2011,2010,1.13656147
PA-601,Western Pennsylvania CoC,2012,521.52,377.84,1097,1031,66,2012,2010,1.11351777
PA-601,Western Pennsylvania CoC,2013,527.44,385.66,1170,1060,110,2013,2010,1.09744288
PA-601,Western Pennsylvania CoC,2014,533.83,387.85,1101,1045,56,2014,2010,1.07992447
PA-601,Western Pennsylvania CoC,2015,541.72,390.95,1002,937,65,2015,2010,1.07864415
PA-601,Western Pennsylvania CoC,2016,548.62,394.49,986,917,69,2016,2010,1.06520643
PA-601,Western Pennsylvania CoC,2017,550.63,396.92,837,774,63,2017,2010,1.04298711
PA-601,Western Pennsylvania CoC,2018,559.43,403.42,748,710,38,2018,2010,1.01811977
PA-601,Western Pennsylvania CoC,2019,566.15,406.85,727,693,34,2019,2010,1.0
PA-603,Beaver County CoC,2010,531.02,377.15,134,122,12,2010,2010,1.17243736
PA-603,Beaver County CoC,2011,532.57,380.99,119,112,7,2011,2010,1.13656147
PA-603,Beaver County CoC,2012,532.56,387.43,110,105,5,2012,2010,1.11351777
PA-603,Beaver County CoC,2013,526.78,380.78,90,87,3,2013,2010,1.09744288
PA-603,Beaver County CoC,2014,528.84,380.0,95,93,2,2014,2010,1.07992447
PA-603,Beaver County CoC,2015,526.46,388.4,120,113,7,2015,2010,1.07864415
PA-603,Beaver County CoC,2016,530.39,395.01,131,125,6,2016,2010,1.06520643
PA-603,Beaver County CoC,2017,531.06,388.88,98,88,10,2017,2010,1.04298711
PA-603,Beaver County CoC,2018,535.05,395.73,117,111,6,2018,2010,1.01811977
PA-603,Beaver County CoC,2019,544.9,403.79,123,117,6,2019,2010,1.0
PA-605,Erie City & County CoC,2010,569.15,427.54,296,279,17,2010,2010,1.17243736
PA-605,Erie City & County CoC,2011,574.65,429.19,405,372,33,2011,2010,1.13656147
PA-605,Erie City & County CoC,2012,580.04,443.24,439,393,46,2012,2010,1.11351777
PA-605,Erie City & County CoC,2013,586.73,445.83,435,383,52,2013,2010,1.09744288
PA-605,Erie City & County CoC,2014,594.34,448.22,408,361,47,2014,2010,1.07992447
PA-605,Erie City & County CoC,2015,596.41,449.87,410,394,16,2015,2010,1.07864415
PA-605,Erie City & County CoC,2016,600.31,452.45,377,367,10,2016,2010,1.06520643
PA-605,Erie City & County CoC,2017,615.82,449.21,369,361,8,2017,2010,1.04298711
PA-605,Erie City & County CoC,2018,609.17,449.53,336,332,4,2018,2010,1.01811977
PA-605,Erie City & County CoC,2019,608.31,446.08,356,350,6,2019,2010,1.0
RI-500,Rhode Island Statewide CoC,2010,884.84,606.95,1282,1206,76,2010,2010,1.17243736
RI-500,Rhode Island Statewide CoC,2011,876.62,600.23,1070,1039,31,2011,2010,1.13656147
RI-500,Rhode Island Statewide CoC,2012,870.78,596.36,1277,1249,28,2012,2010,1.11351777
RI-500,Rhode Island Statewide CoC,2013,865.89,598.26,1384,1267,117,2013,2010,1.09744288
RI-500,Rhode Island Statewide CoC,2014,858.86,605.33,1190,1170,20,2014,2010,1.07992447
RI-500,Rhode Island Statewide CoC,2015,858.7,615.31,1111,1075,36,2015,2010,1.07864415
RI-500,Rhode Island Statewide CoC,2016,869.36,627.6,1160,1123,37,2016,2010,1.06520643
RI-500,Rhode Island Statewide CoC,2017,866.86,627.02,1180,1111,69,2017,2010,1.04298711
RI-500,Rhode Island Statewide CoC,2018,877.2,619.71,1101,1050,51,2018,2010,1.01811977
RI-500,Rhode Island Statewide CoC,2019,889.29,617.29,1055,984,71,2019,2010,1.0
SC-500,Charleston/Low Country CoC,2010,843.02,610.29,416,347,69,2010,2010,1.17243736
SC-500,Charleston/Low Country CoC,2011,849.03,606.16,569,357,212,2011,2010,1.13656147
SC-500,Charleston/Low Country CoC,2012,853.1,623.38,483,271,212,2012,2010,1.11351777
SC-500,Charleston/Low Country CoC,2013,857.45,626.18,733,332,401,2013,2010,1.09744288
SC-500,Charleston/Low Country CoC,2014,867.16,631.94,516,379,137,2014,2010,1.07992447
SC-500,Charleston/Low Country CoC,2015,883.59,637.11,606,441,165,2015,2010,1.07864415
SC-500,Charleston/Low Country CoC,2016,899.9,647.17,550,287,263,2016,2010,1.06520643
SC-500,Charleston/Low Country CoC,2017,917.44,642.93,425,221,204,2017,2010,1.04298711
SC-500,Charleston/Low Country CoC,2018,951.17,653.84,451,337,114,2018,2010,1.01811977
SC-500,Charleston/Low Country CoC,2019,978.66,675.71,403,275,128,2019,2010,1.0
SC-501,"Greenville, Anderson, Spartanburg/Upstate CoC",2010,576.85,414.63,1164,1008,156,2010,2010,1.17243736
SC-501,"Greenville, Anderson, Spartanburg/Upstate CoC",2011,576.71,417.5,1401,1216,185,2011,2010,1.13656147
SC-501,"Greenville, Anderson, Spartanburg/Upstate CoC",2012,583.45,424.51,1324,1139,185,2012,2010,1.11351777
SC-501,"Greenville, Anderson, Spartanburg/Upstate CoC",2013,588.38,428.35,2308,1600,708,2013,2010,1.09744288
SC-501,"Greenville, Anderson, Spartanburg/Upstate CoC",2014,590.72,431.54,1636,1246,390,2014,2010,1.07992447
SC-501,"Greenville, Anderson, Spartanburg/Upstate CoC",2015,599.59,435.34,1961,1555,406,2015,2010,1.07864415
SC-501,"Greenville, Anderson, Spartanburg/Upstate CoC",2016,606.85,438.51,1829,1569,260,2016,2010,1.06520643
SC-501,"Greenville, Anderson, Spartanburg/Upstate CoC",2017,617.55,440.69,1317,932,385,2017,2010,1.04298711
SC-501,"Greenville, Anderson, Spartanburg/Upstate CoC",2018,629.42,445.1,1185,849,336,2018,2010,1.01811977
SC-501,"Greenville, Anderson, Spartanburg/Upstate CoC",2019,646.43,451.65,1401,895,506,2019,2010,1.0
SC-502,Columbia/Midlands CoC,2010,640.76,465.06,1368,929,439,2010,2010,1.17243736
SC-502,Columbia/Midlands CoC,2011,652.6,467.58,1621,919,702,2011,2010,1.13656147
SC-502,Columbia/Midlands CoC,2012,656.44,470.9,1648,946,702,2012,2010,1.11351777
SC-502,Columbia/Midlands CoC,2013,664.53,472.12,2007,1073,934,2013,2010,1.09744288
SC-502,Columbia/Midlands CoC,2014,671.83,469.43,1588,1162,426,2014,2010,1.07992447
SC-502,Columbia/Midlands CoC,2015,687.5,479.41,1468,1066,402,2015,2010,1.07864415
SC-502,Columbia/Midlands CoC,2016,692.19,487.74,1350,1015,335,2016,2010,1.06520643
SC-502,Columbia/Midlands CoC,2017,697.39,493.29,1200,893,307,2017,2010,1.04298711
SC-502,Columbia/Midlands CoC,2018,704.55,504.18,1205,1005,200,2018,2010,1.01811977
SC-502,Columbia/Midlands CoC,2019,719.54,509.15,1215,923,292,2019,2010,1.0
SC-503,Sumter City & County CoC,2010,574.75,370.48,1525,752,773,2010,2010,1.17243736
SC-503,Sumter City & County CoC,2011,576.46,374.85,1502,462,1040,2011,2010,1.13656147
SC-503,Sumter City & County CoC,2012,586.41,385.11,1460,420,1040,2012,2010,1.11351777
SC-503,Sumter City & County CoC,2013,588.68,393.12,1496,406,1090,2013,2010,1.09744288
SC-503,Sumter City & County CoC,2014,583.53,392.79,1317,462,855,2014,2010,1.07992447
SC-503,Sumter City & County CoC,2015,597.74,405.86,1319,396,923,2015,2010,1.07864415
SC-503,Sumter City & County CoC,2016,608.03,411.05,1322,490,832,2016,2010,1.06520643
SC-503,Sumter City & County CoC,2017,611.96,413.22,974,369,605,2017,2010,1.04298711
SC-503,Sumter City & County CoC,2018,614.67,413.38,1092,398,694,2018,2010,1.01811977
SC-503,Sumter City & County CoC,2019,629.3,423.07,1153,362,791,2019,2010,1.0
SD-500,South Dakota Statewide CoC,2010,555.83,365.86,731,667,64,2010,2010,1.17243736
SD-500,South Dakota Statewide CoC,2011,559.15,364.92,826,762,64,2011,2010,1.13656147
SD-500,South Dakota Statewide CoC,2012,568.05,372.28,859,795,64,2012,2010,1.11351777
SD-500,South Dakota Statewide CoC,2013,574.48,376.59,1094,755,339,2013,2010,1.09744288
SD-500,South Dakota Statewide CoC,2014,581.78,388.91,885,830,55,2014,2010,1.07992447
SD-500,South Dakota Statewide CoC,2015,596.93,403.95,1036,900,136,2015,2010,1.07864415
SD-500,South Dakota Statewide CoC,2016,603.33,421.12,1072,887,185,2016,2010,1.06520643
SD-500,South Dakota Statewide CoC,2017,614.92,426.61,943,772,171,2017,2010,1.04298711
SD-500,South Dakota Statewide CoC,2018,619.88,436.99,1159,874,285,2018,2010,1.01811977
SD-500,South Dakota Statewide CoC,2019,635.31,448.38,995,761,234,2019,2010,1.0
TN-500,Chattanooga/Southeast Tennessee CoC,2010,588.53,431.43,622,323,299,2010,2010,1.17243736
TN-500,Chattanooga/Southeast Tennessee CoC,2011,581.56,427.71,561,334,227,2011,2010,1.13656147
TN-500,Chattanooga/Southeast Tennessee CoC,2012,585.47,432.1,548,374,174,2012,2010,1.11351777
TN-500,Chattanooga/Southeast Tennessee CoC,2013,593.93,435.95,591,422,169,2013,2010,1.09744288
TN-500,Chattanooga/Southeast Tennessee CoC,2014,599.66,434.7,627,456,171,2014,2010,1.07992447
TN-500,Chattanooga/Southeast Tennessee CoC,2015,602.15,434.42,636,489,147,2015,2010,1.07864415
TN-500,Chattanooga/Southeast Tennessee CoC,2016,616.73,441.67,527,450,77,2016,2010,1.06520643
TN-500,Chattanooga/Southeast Tennessee CoC,2017,626.84,443.74,576,359,217,2017,2010,1.04298711
TN-500,Chattanooga/Southeast Tennessee CoC,2018,643.06,452.22,623,330,293,2018,2010,1.01811977
TN-500,Chattanooga/Southeast Tennessee CoC,2019,655.1,465.53,463,282,181,2019,2010,1.0
TN-501,Memphis/Shelby County CoC,2010,710.24,529.81,1657,1494,163,2010,2010,1.17243736
TN-501,Memphis/Shelby County CoC,2011,714.99,532.33,1942,1758,184,2011,2010,1.13656147
TN-501,Memphis/Shelby County CoC,2012,718.53,534.88,2076,1750,326,2012,2010,1.11351777
TN-501,Memphis/Shelby County CoC,2013,726.56,533.92,1816,1660,156,2013,2010,1.09744288
TN-501,Memphis/Shelby County CoC,2014,729.72,537.37,1675,1554,121,2014,2010,1.07992447
TN-501,Memphis/Shelby County CoC,2015,727.61,542.32,1525,1447,78,2015,2010,1.07864415
TN-501,Memphis/Shelby County CoC,2016,736.71,543.5,1669,1548,121,2016,2010,1.06520643
TN-501,Memphis/Shelby County CoC,2017,741.74,546.29,1426,1347,79,2017,2010,1.04298711
TN-501,Memphis/Shelby County CoC,2018,737.48,543.03,1226,1124,102,2018,2010,1.01811977
TN-501,Memphis/Shelby County CoC,2019,748.62,546.63,1325,1267,58,2019,2010,1.0
TN-502,Knoxville/Knox County CoC,2010,652.67,501.18,910,772,138,2010,2010,1.17243736
TN-502,Knoxville/Knox County CoC,2011,663.06,505.61,998,849,149,2011,2010,1.13656147
TN-502,Knoxville/Knox County CoC,2012,671.36,514.13,854,721,133,2012,2010,1.11351777
TN-502,Knoxville/Knox County CoC,2013,686.38,518.7,993,850,143,2013,2010,1.09744288
TN-502,Knoxville/Knox County CoC,2014,688.12,520.87,861,780,81,2014,2010,1.07992447
TN-502,Knoxville/Knox County CoC,2015,697.16,526.91,783,687,96,2015,2010,1.07864415
TN-502,Knoxville/Knox County CoC,2016,708.48,522.74,748,667,81,2016,2010,1.06520643
TN-502,Knoxville/Knox County CoC,2017,712.7,524.42,812,678,134,2017,2010,1.04298711
TN-502,Knoxville/Knox County CoC,2018,718.08,524.46,743,557,186,2018,2010,1.01811977
TN-502,Knoxville/Knox County CoC,2019,731.91,533.03,800,605,195,2019,2010,1.0
TN-503,Central Tennessee CoC,2010,661.37,462.97,177,159,18,2010,2010,1.17243736
TN-503,Central Tennessee CoC,2011,672.26,466.17,232,213,19,2011,2010,1.13656147
TN-503,Central Tennessee CoC,2012,677.56,468.68,245,232,13,2012,2010,1.11351777
TN-503,Central Tennessee CoC,2013,690.17,473.91,283,270,13,2013,2010,1.09744288
TN-503,Central Tennessee CoC,2014,700.65,469.55,286,240,46,2014,2010,1.07992447
TN-503,Central Tennessee CoC,2015,723.81,476.78,268,209,59,2015,2010,1.07864415
TN-503,Central Tennessee CoC,2016,746.74,484.87,296,270,26,2016,2010,1.06520643
TN-503,Central Tennessee CoC,2017,759.54,489.29,285,260,25,2017,2010,1.04298711
TN-503,Central Tennessee CoC,2018,780.82,502.51,268,244,24,2018,2010,1.01811977
TN-503,Central Tennessee CoC,2019,802.21,516.86,357,310,47,2019,2010,1.0
TN-504,Nashville-Davidson County CoC,2010,765.2,611.07,2324,1985,339,2010,2010,1.17243736
TN-504,Nashville-Davidson County CoC,2011,765.2,599.46,1938,1575,363,2011,2010,1.13656147
TN-504,Nashville-Davidson County CoC,2012,769.35,601.52,1934,1571,363,2012,2010,1.11351777
TN-504,Nashville-Davidson County CoC,2013,777.9,600.81,2069,1819,250,2013,2010,1.09744288
TN-504,Nashville-Davidson County CoC,2014,787.49,603.38,2234,2027,207,2014,2010,1.07992447
TN-504,Nashville-Davidson County CoC,2015,810.59,616.65,2154,1684,470,2015,2010,1.07864415
TN-504,Nashville-Davidson County CoC,2016,836.89,635.27,2365,1692,673,2016,2010,1.06520643
TN-504,Nashville-Davidson County CoC,2017,881.6,655.12,2337,1698,639,2017,2010,1.04298711
TN-504,Nashville-Davidson County CoC,2018,922.0,678.73,2298,1682,616,2018,2010,1.01811977
TN-504,Nashville-Davidson County CoC,2019,976.51,716.03,1986,1401,585,2019,2010,1.0
TN-506,Upper Cumberland CoC,2010,500.17,361.11,635,179,456,2010,2010,1.17243736
TN-506,Upper Cumberland CoC,2011,501.71,356.94,526,171,355,2011,2010,1.13656147
TN-506,Upper Cumberland CoC,2012,500.86,352.38,658,159,499,2012,2010,1.11351777
TN-506,Upper Cumberland CoC,2013,512.65,356.0,372,148,224,2013,2010,1.09744288
TN-506,Upper Cumberland CoC,2014,522.32,360.34,342,184,158,2014,2010,1.07992447
TN-506,Upper Cumberland CoC,2015,531.47,364.6,362,176,186,2015,2010,1.07864415
TN-506,Upper Cumberland CoC,2016,545.68,370.18,249,187,62,2016,2010,1.06520643
TN-506,Upper Cumberland CoC,2017,558.27,376.15,252,168,84,2017,2010,1.04298711
TN-506,Upper Cumberland CoC,2018,570.14,382.47,258,212,46,2018,2010,1.01811977
TN-506,Upper Cumberland CoC,2019,589.26,397.23,273,208,65,2019,2010,1.0
TN-507,Jackson/West Tennessee CoC,2010,465.45,327.5,2050,675,1375,2010,2010,1.17243736
TN-507,Jackson/West Tennessee CoC,2011,461.11,333.9,1894,428,1466,2011,2010,1.13656147
TN-507,Jackson/West Tennessee CoC,2012,467.21,335.69,1692,230,1462,2012,2010,1.11351777
TN-507,Jackson/West Tennessee CoC,2013,472.72,337.16,1673,270,1403,2013,2010,1.09744288
TN-507,Jackson/West Tennessee CoC,2014,478.62,339.51,1601,205,1396,2014,2010,1.07992447
TN-507,Jackson/West Tennessee CoC,2015,481.52,341.08,1563,151,1412,2015,2010,1.07864415
TN-507,Jackson/West Tennessee CoC,2016,493.56,345.34,1541,163,1378,2016,2010,1.06520643
TN-507,Jackson/West Tennessee CoC,2017,498.59,352.81,1103,134,969,2017,2010,1.04298711
TN-507,Jackson/West Tennessee CoC,2018,496.41,355.62,1026,122,904,2018,2010,1.01811977
TN-507,Jackson/West Tennessee CoC,2019,498.64,360.05,959,108,851,2019,2010,1.0
TN-509,Appalachian Regional CoC,2010,489.16,370.1,840,641,199,2010,2010,1.17243736
TN-509,Appalachian Regional CoC,2011,493.94,369.95,360,259,101,2011,2010,1.13656147
TN-509,Appalachian Regional CoC,2012,503.33,375.1,424,323,101,2012,2010,1.11351777
TN-509,Appalachian Regional CoC,2013,507.8,371.92,694,417,277,2013,2010,1.09744288
TN-509,Appalachian Regional CoC,2014,507.99,373.66,598,432,166,2014,2010,1.07992447
TN-509,Appalachian Regional CoC,2015,518.49,379.97,577,425,152,2015,2010,1.07864415
TN-509,Appalachian Regional CoC,2016,526.92,382.27,448,299,149,2016,2010,1.06520643
TN-509,Appalachian Regional CoC,2017,524.23,381.36,450,305,145,2017,2010,1.04298711
TN-509,Appalachian Regional CoC,2018,526.02,383.14,360,250,110,2018,2010,1.01811977
TN-509,Appalachian Regional CoC,2019,530.41,390.75,405,256,149,2019,2010,1.0
TN-510,Murfreesboro/Rutherford County CoC,2010,793.67,622.55,219,115,104,2010,2010,1.17243736
TN-510,Murfreesboro/Rutherford County CoC,2011,783.12,612.27,225,127,98,2011,2010,1.13656147
TN-510,Murfreesboro/Rutherford County CoC,2012,788.76,618.53,218,122,96,2012,2010,1.11351777
TN-510,Murfreesboro/Rutherford County CoC,2013,778.75,612.13,241,161,80,2013,2010,1.09744288
TN-510,Murfreesboro/Rutherford County CoC,2014,782.77,612.74,258,182,76,2014,2010,1.07992447
TN-510,Murfreesboro/Rutherford County CoC,2015,793.69,627.76,289,169,120,2015,2010,1.07864415
TN-510,Murfreesboro/Rutherford County CoC,2016,825.16,655.0,306,187,119,2016,2010,1.06520643
TN-510,Murfreesboro/Rutherford County CoC,2017,856.15,666.89,316,227,89,2017,2010,1.04298711
TN-510,Murfreesboro/Rutherford County CoC,2018,885.2,683.54,283,209,74,2018,2010,1.01811977
TN-510,Murfreesboro/Rutherford County CoC,2019,916.73,712.69,384,222,162,2019,2010,1.0
TN-512,"Morristown/Blount, Sevier, Campbell, Cocke Counties CoC",2010,537.02,387.83,842,656,186,2010,2010,1.17243736
TN-512,"Morristown/Blount, Sevier, Campbell, Cocke Counties CoC",2011,534.37,391.43,437,201,236,2011,2010,1.13656147
TN-512,"Morristown/Blount, Sevier, Campbell, Cocke Counties CoC",2012,539.08,390.73,777,296,481,2012,2010,1.11351777
TN-512,"Morristown/Blount, Sevier, Campbell, Cocke Counties CoC",2013,547.51,394.74,796,304,492,2013,2010,1.09744288
TN-512,"Morristown/Blount, Sevier, Campbell, Cocke Counties CoC",2014,544.17,391.79,933,323,610,2014,2010,1.07992447
TN-512,"Morristown/Blount, Sevier, Campbell, Cocke Counties CoC",2015,550.92,396.3,966,442,524,2015,2010,1.07864415
TN-512,"Morristown/Blount, Sevier, Campbell, Cocke Counties CoC",2016,552.06,396.44,630,310,320,2016,2010,1.06520643
TN-512,"Morristown/Blount, Sevier, Campbell, Cocke Counties CoC",2017,549.22,398.72,752,368,384,2017,2010,1.04298711
TN-512,"Morristown/Blount, Sevier, Campbell, Cocke Counties CoC",2018,546.21,399.04,798,298,500,2018,2010,1.01811977
TN-512,"Morristown/Blount, Sevier, Campbell, Cocke Counties CoC",2019,554.78,408.55,515,210,305,2019,2010,1.0
TX-500,San Antonio/Bexar County CoC,2010,760.24,569.48,3291,1674,1617,2010,2010,1.17243736
TX-500,San Antonio/Bexar County CoC,2011,764.2,573.59,3222,2046,1176,2011,2010,1.13656147
TX-500,San Antonio/Bexar County CoC,2012,775.51,577.83,3670,2043,1627,2012,2010,1.11351777
TX-500,San Antonio/Bexar County CoC,2013,790.1,585.83,2980,1737,1243,2013,2010,1.09744288
TX-500,San Antonio/Bexar County CoC,2014,798.9,592.04,2892,1970,922,2014,2010,1.07992447
TX-500,San Antonio/Bexar County CoC,2015,813.53,604.8,2891,1733,1158,2015,2010,1.07864415
TX-500,San Antonio/Bexar County CoC,2016,833.92,619.09,2781,1644,1137,2016,2010,1.06520643
TX-500,San Antonio/Bexar County CoC,2017,849.59,637.58,2743,1641,1102,2017,2010,1.04298711
TX-500,San Antonio/Bexar County CoC,2018,868.52,648.76,3066,1713,1353,2018,2010,1.01811977
TX-500,San Antonio/Bexar County CoC,2019,889.92,665.26,2872,1685,1187,2019,2010,1.0
TX-503,Austin/Travis County CoC,2010,908.22,711.81,2087,1254,833,2010,2010,1.17243736
TX-503,Austin/Travis County CoC,2011,914.6,716.52,2362,1358,1004,2011,2010,1.13656147
TX-503,Austin/Travis County CoC,2012,928.94,721.6,2244,1375,869,2012,2010,1.11351777
TX-503,Austin/Travis County CoC,2013,945.85,732.57,2090,1325,765,2013,2010,1.09744288
TX-503,Austin/Travis County CoC,2014,967.0,742.85,1987,1539,448,2014,2010,1.07992447
TX-503,Austin/Travis County CoC,2015,1000.99,765.78,1832,1165,667,2015,2010,1.07864415
TX-503,Austin/Travis County CoC,2016,1043.02,804.75,2138,1322,816,2016,2010,1.06520643
TX-503,Austin/Travis County CoC,2017,1084.52,843.31,2036,1202,834,2017,2010,1.04298711
TX-503,Austin/Travis County CoC,2018,1132.41,874.44,2147,1133,1014,2018,2010,1.01811977
TX-503,Austin/Travis County CoC,2019,1174.95,908.14,2255,1169,1086,2019,2010,1.0
TX-600,"Dallas City & County, Irving CoC",2010,856.82,654.78,3710,3509,201,2010,2010,1.17243736
TX-600,"Dallas City & County, Irving CoC",2011,862.42,654.19,3540,3297,243,2011,2010,1.13656147
TX-600,"Dallas City & County, Irving CoC",2012,867.51,655.61,3447,3242,205,2012,2010,1.11351777
TX-600,"Dallas City & County, Irving CoC",2013,879.06,659.75,3163,2912,251,2013,2010,1.09744288
TX-600,"Dallas City & County, Irving CoC",2014,887.74,662.04,3514,3272,242,2014,2010,1.07992447
TX-600,"Dallas City & County, Irving CoC",2015,911.14,673.12,3141,2778,363,2015,2010,1.07864415
TX-600,"Dallas City & County, Irving CoC",2016,942.53,689.43,3810,3071,739,2016,2010,1.06520643
TX-600,"Dallas City & County, Irving CoC",2017,977.71,716.92,3789,2702,1087,2017,2010,1.04298711
TX-600,"Dallas City & County, Irving CoC",2018,1013.67,742.8,4121,2780,1341,2018,2010,1.01811977
TX-600,"Dallas City & County, Irving CoC",2019,1059.21,778.53,4538,3086,1452,2019,2010,1.0
TX-601,"Fort Worth, Arlington/Tarrant County CoC",2010,790.76,604.02,2181,1986,195,2010,2010,1.17243736
TX-601,"Fort Worth, Arlington/Tarrant County CoC",2011,794.6,602.13,2169,2033,136,2011,2010,1.13656147
TX-601,"Fort Worth, Arlington/Tarrant County CoC",2012,800.24,605.6,2123,1987,136,2012,2010,1.11351777
TX-601,"Fort Worth, Arlington/Tarrant County CoC",2013,810.44,611.14,2390,2109,281,2013,2010,1.09744288
TX-601,"Fort Worth, Arlington/Tarrant County CoC",2014,822.18,617.36,2425,2241,184,2014,2010,1.07992447
TX-601,"Fort Worth, Arlington/Tarrant County CoC",2015,843.35,633.76,1914,1697,217,2015,2010,1.07864415
TX-601,"Fort Worth, Arlington/Tarrant County CoC",2016,863.17,652.16,1938,1515,423,2016,2010,1.06520643
TX-601,"Fort Worth, Arlington/Tarrant County CoC",2017,889.65,671.0,1941,1551,390,2017,2010,1.04298711
TX-601,"Fort Worth, Arlington/Tarrant County CoC",2018,925.32,693.53,2015,1337,678,2018,2010,1.01811977
TX-601,"Fort Worth, Arlington/Tarrant County CoC",2019,959.57,725.49,2028,1468,560,2019,2010,1.0
TX-603,El Paso City & County CoC,2010,631.5,431.19,1260,964,296,2010,2010,1.17243736
TX-603,El Paso City & County CoC,2011,647.7,444.08,1331,1149,182,2011,2010,1.13656147
TX-603,El Paso City & County CoC,2012,669.49,458.6,1236,1054,182,2012,2010,1.11351777
TX-603,El Paso City & County CoC,2013,690.35,469.28,1217,1036,181,2013,2010,1.09744288
TX-603,El Paso City & County CoC,2014,698.43,474.98,1260,1079,181,2014,2010,1.07992447
TX-603,El Paso City & County CoC,2015,710.69,484.14,1107,1005,102,2015,2010,1.07864415
TX-603,El Paso City & County CoC,2016,717.01,489.64,1100,987,113,2016,2010,1.06520643
TX-603,El Paso City & County CoC,2017,721.72,505.71,1193,1016,177,2017,2010,1.04298711
TX-603,El Paso City & County CoC,2018,728.51,515.55,892,715,177,2018,2010,1.01811977
TX-603,El Paso City & County CoC,2019,738.83,530.18,809,626,183,2019,2010,1.0
TX-604,Waco/McLennan County CoC,2010,606.44,446.3,312,226,86,2010,2010,1.17243736
TX-604,Waco/McLennan County CoC,2011,607.33,454.82,267,206,61,2011,2010,1.13656147
TX-604,Waco/McLennan County CoC,2012,610.19,455.32,319,258,61,2012,2010,1.11351777
TX-604,Waco/McLennan County CoC,2013,617.58,454.24,295,230,65,2013,2010,1.09744288
TX-604,Waco/McLennan County CoC,2014,618.45,455.16,246,202,44,2014,2010,1.07992447
TX-604,Waco/McLennan County CoC,2015,629.4,467.1,255,191,64,2015,2010,1.07864415
TX-604,Waco/McLennan County CoC,2016,641.38,478.99,267,224,43,2016,2010,1.06520643
TX-604,Waco/McLennan County CoC,2017,652.12,483.9,221,162,59,2017,2010,1.04298711
TX-604,Waco/McLennan County CoC,2018,663.0,494.78,188,130,58,2018,2010,1.01811977
TX-604,Waco/McLennan County CoC,2019,680.63,505.17,193,124,69,2019,2010,1.0
TX-607,Texas Balance of State CoC,2010,642.6,445.05,14827,4366,10461,2010,2010,1.17243736
TX-607,Texas Balance of State CoC,2011,650.75,452.48,14643,4054,10589,2011,2010,1.13656147
TX-607,Texas Balance of State CoC,2012,663.01,460.81,12764,3342,9422,2012,2010,1.11351777
TX-607,Texas Balance of State CoC,2013,675.93,467.92,10128,3938,6190,2013,2010,1.09744288
TX-607,Texas Balance of State CoC,2014,689.96,476.73,9943,4063,5880,2014,2010,1.07992447
TX-607,Texas Balance of State CoC,2015,708.19,489.83,7016,4090,2926,2015,2010,1.07864415
TX-607,Texas Balance of State CoC,2016,728.77,505.15,6048,3660,2388,2016,2010,1.06520643
TX-607,Texas Balance of State CoC,2017,742.55,518.25,7153,3583,3570,2017,2010,1.04298711
TX-607,Texas Balance of State CoC,2018,757.21,522.4,7638,3560,4078,2018,2010,1.01811977
TX-607,Texas Balance of State CoC,2019,774.35,527.99,8072,3416,4656,2019,2010,1.0
TX-611,Amarillo CoC,2010,637.67,493.26,578,547,31,2010,2010,1.17243736
TX-611,Amarillo CoC,2011,634.49,492.24,439,399,40,2011,2010,1.13656147
TX-611,Amarillo CoC,2012,633.71,492.07,528,477,51,2012,2010,1.11351777
TX-611,Amarillo CoC,2013,638.39,489.65,516,468,48,2013,2010,1.09744288
TX-611,Amarillo CoC,2014,650.76,497.87,451,448,3,2014,2010,1.07992447
TX-611,Amarillo CoC,2015,669.37,513.29,478,472,6,2015,2010,1.07864415
TX-611,Amarillo CoC,2016,679.77,523.05,592,572,20,2016,2010,1.06520643
TX-611,Amarillo CoC,2017,690.39,534.05,531,419,112,2017,2010,1.04298711
TX-611,Amarillo CoC,2018,696.85,538.97,665,558,107,2018,2010,1.01811977
TX-611,Amarillo CoC,2019,691.85,537.59,777,446,331,2019,2010,1.0
TX-624,"Wichita Falls/Wise, Palo Pinto, Wichita, Archer Counties CoC",2010,574.61,391.18,242,235,7,2010,2010,1.17243736
TX-624,"Wichita Falls/Wise, Palo Pinto, Wichita, Archer Counties CoC",2011,571.53,398.25,234,208,26,2011,2010,1.13656147
TX-624,"Wichita Falls/Wise, Palo Pinto, Wichita, Archer Counties CoC",2012,583.33,393.78,226,169,57,2012,2010,1.11351777
TX-624,"Wichita Falls/Wise, Palo Pinto, Wichita, Archer Counties CoC",2013,586.29,394.59,302,253,49,2013,2010,1.09744288
TX-624,"Wichita Falls/Wise, Palo Pinto, Wichita, Archer Counties CoC",2014,592.54,397.5,281,259,22,2014,2010,1.07992447
TX-624,"Wichita Falls/Wise, Palo Pinto, Wichita, Archer Counties CoC",2015,601.5,406.03,267,247,20,2015,2010,1.07864415
TX-624,"Wichita Falls/Wise, Palo Pinto, Wichita, Archer Counties CoC",2016,622.79,424.43,256,234,22,2016,2010,1.06520643
TX-624,"Wichita Falls/Wise, Palo Pinto, Wichita, Archer Counties CoC",2017,630.2,434.46,234,213,21,2017,2010,1.04298711
TX-624,"Wichita Falls/Wise, Palo Pinto, Wichita, Archer Counties CoC",2018,626.85,430.45,238,195,43,2018,2010,1.01811977
TX-624,"Wichita Falls/Wise, Palo Pinto, Wichita, Archer Counties CoC",2019,614.86,432.08,243,180,63,2019,2010,1.0
TX-700,"Houston, Pasadena, Conroe/Harris, Fort Bend, Montgomery Counties CoC",2010,820.76,615.25,6368,4249,2119,2010,2010,1.17243736
TX-700,"Houston, Pasadena, Conroe/Harris, Fort Bend, Montgomery Counties CoC",2011,829.59,613.52,8471,4053,4418,2011,2010,1.13656147
TX-700,"Houston, Pasadena, Conroe/Harris, Fort Bend, Montgomery Counties CoC",2012,840.13,613.38,7187,3363,3824,2012,2010,1.11351777
TX-700,"Houston, Pasadena, Conroe/Harris, Fort Bend, Montgomery Counties CoC",2013,856.24,617.36,6359,3381,2978,2013,2010,1.09744288
TX-700,"Houston, Pasadena, Conroe/Harris, Fort Bend, Montgomery Counties CoC",2014,867.77,622.95,5308,3017,2291,2014,2010,1.07992447
TX-700,"Houston, Pasadena, Conroe/Harris, Fort Bend, Montgomery Counties CoC",2015,895.52,636.49,4609,2659,1950,2015,2010,1.07864415
TX-700,"Houston, Pasadena, Conroe/Harris, Fort Bend, Montgomery Counties CoC",2016,927.45,657.54,4031,2835,1196,2016,2010,1.06520643
TX-700,"Houston, Pasadena, Conroe/Harris, Fort Bend, Montgomery Counties CoC",2017,955.38,676.43,3605,2477,1128,2017,2010,1.04298711
TX-700,"Houston, Pasadena, Conroe/Harris, Fort Bend, Montgomery Counties CoC",2018,983.79,705.13,4143,2529,1614,2018,2010,1.01811977
TX-700,"Houston, Pasadena, Conroe/Harris, Fort Bend, Montgomery Counties CoC",2019,1008.44,729.54,3938,2324,1614,2019,2010,1.0
TX-701,"Bryan, College Station/Brazos Valley CoC",2010,671.53,498.71,265,181,84,2010,2010,1.17243736
TX-701,"Bryan, College Station/Brazos Valley CoC",2011,690.65,514.08,233,169,64,2011,2010,1.13656147
TX-701,"Bryan, College Station/Brazos Valley CoC",2012,695.6,522.86,308,191,117,2012,2010,1.11351777
TX-701,"Bryan, College Station/Brazos Valley CoC",2013,713.05,532.5,175,136,39,2013,2010,1.09744288
TX-701,"Bryan, College Station/Brazos Valley CoC",2014,719.22,533.99,188,138,50,2014,2010,1.07992447
TX-701,"Bryan, College Station/Brazos Valley CoC",2015,725.32,543.8,168,155,13,2015,2010,1.07864415
TX-701,"Bryan, College Station/Brazos Valley CoC",2016,730.1,549.21,161,150,11,2016,2010,1.06520643
TX-701,"Bryan, College Station/Brazos Valley CoC",2017,750.99,555.83,102,89,13,2017,2010,1.04298711
TX-701,"Bryan, College Station/Brazos Valley CoC",2018,763.04,569.91,197,126,71,2018,2010,1.01811977
TX-701,"Bryan, College Station/Brazos Valley CoC",2019,769.65,576.45,123,102,21,2019,2010,1.0
UT-500,Salt Lake City & County CoC,2010,875.01,682.7,1968,1739,229,2010,2010,1.17243736
UT-500,Salt Lake City & County CoC,2011,882.18,691.82,2033,1844,189,2011,2010,1.13656147
UT-500,Salt Lake City & County CoC,2012,890.87,693.02,2463,2273,190,2012,2010,1.11351777
UT-500,Salt Lake City & County CoC,2013,904.17,699.61,2133,2034,99,2013,2010,1.09744288
UT-500,Salt Lake City & County CoC,2014,907.68,707.62,2150,2040,110,2014,2010,1.07992447
UT-500,Salt Lake City & County CoC,2015,921.08,715.07,2176,2086,90,2015,2010,1.07864415
UT-500,Salt Lake City & County CoC,2016,942.04,729.93,1891,1834,57,2016,2010,1.06520643
UT-500,Salt Lake City & County CoC,2017,960.9,743.67,2047,1886,161,2017,2010,1.04298711
UT-500,Salt Lake City & County CoC,2018,979.78,755.32,1804,1668,136,2018,2010,1.01811977
UT-500,Salt Lake City & County CoC,2019,1015.27,778.94,1844,1651,193,2019,2010,1.0
UT-503,Utah Balance of State CoC,2010,739.01,536.74,952,820,132,2010,2010,1.17243736
UT-503,Utah Balance of State CoC,2011,735.97,529.16,898,701,197,2011,2010,1.13656147
UT-503,Utah Balance of State CoC,2012,737.96,538.93,879,684,195,2012,2010,1.11351777
UT-503,Utah Balance of State CoC,2013,744.85,549.49,891,700,191,2013,2010,1.09744288
UT-503,Utah Balance of State CoC,2014,744.25,548.36,782,614,168,2014,2010,1.07992447
UT-503,Utah Balance of State CoC,2015,755.01,552.7,646,548,98,2015,2010,1.07864415
UT-503,Utah Balance of State CoC,2016,766.35,558.21,738,600,138,2016,2010,1.06520643
UT-503,Utah Balance of State CoC,2017,772.02,560.96,634,558,76,2017,2010,1.04298711
UT-503,Utah Balance of State CoC,2018,790.38,564.92,899,660,239,2018,2010,1.01811977
UT-503,Utah Balance of State CoC,2019,804.65,577.8,793,642,151,2019,2010,1.0
UT-504,Provo/Mountainland CoC,2010,865.55,642.67,364,163,201,2010,2010,1.17243736
UT-504,Provo/Mountainland CoC,2011,873.54,644.62,199,142,57,2011,2010,1.13656147
UT-504,Provo/Mountainland CoC,2012,887.4,658.48,185,95,90,2012,2010,1.11351777
UT-504,Provo/Mountainland CoC,2013,904.06,661.65,253,125,128,2013,2010,1.09744288
UT-504,Provo/Mountainland CoC,2014,896.45,663.21,149,114,35,2014,2010,1.07992447
UT-504,Provo/Mountainland CoC,2015,918.3,679.24,203,165,38,2015,2010,1.07864415
UT-504,Provo/Mountainland CoC,2016,940.15,689.65,178,137,41,2016,2010,1.06520643
UT-504,Provo/Mountainland CoC,2017,952.55,701.96,171,130,41,2017,2010,1.04298711
UT-504,Provo/Mountainland CoC,2018,978.2,715.77,173,128,45,2018,2010,1.01811977
UT-504,Provo/Mountainland CoC,2019,1011.14,735.62,161,97,64,2019,2010,1.0
VA-500,"Richmond/Henrico, Chesterfield, Hanover Counties CoC",2010,892.79,694.31,1012,962,50,2010,2010,1.17243736
VA-500,"Richmond/Henrico, Chesterfield, Hanover Counties CoC",2011,897.57,695.72,1084,1039,45,2011,2010,1.13656147
VA-500,"Richmond/Henrico, Chesterfield, Hanover Counties CoC",2012,900.02,694.88,933,858,75,2012,2010,1.11351777
VA-500,"Richmond/Henrico, Chesterfield, Hanover Counties CoC",2013,900.47,699.44,881,825,56,2013,2010,1.09744288
VA-500,"Richmond/Henrico, Chesterfield, Hanover Counties CoC",2014,901.99,702.69,846,781,65,2014,2010,1.07992447
VA-500,"Richmond/Henrico, Chesterfield, Hanover Counties CoC",2015,908.68,706.85,818,732,86,2015,2010,1.07864415
VA-500,"Richmond/Henrico, Chesterfield, Hanover Counties CoC",2016,924.29,718.91,762,692,70,2016,2010,1.06520643
VA-500,"Richmond/Henrico, Chesterfield, Hanover Counties CoC",2017,934.84,730.31,662,509,153,2017,2010,1.04298711
VA-500,"Richmond/Henrico, Chesterfield, Hanover Counties CoC",2018,952.15,739.13,609,505,104,2018,2010,1.01811977
VA-500,"Richmond/Henrico, Chesterfield, Hanover Counties CoC",2019,975.72,756.37,497,327,170,2019,2010,1.0
VA-501,"Norfolk, Chesapeake, Suffolk/Isle of Wight, Southampton Counties CoC",2010,863.44,636.05,625,541,84,2010,2010,1.17243736
VA-501,"Norfolk, Chesapeake, Suffolk/Isle of Wight, Southampton Counties CoC",2011,899.62,660.34,609,550,59,2011,2010,1.13656147
VA-501,"Norfolk, Chesapeake, Suffolk/Isle of Wight, Southampton Counties CoC",2012,909.63,673.93,652,567,85,2012,2010,1.11351777
VA-501,"Norfolk, Chesapeake, Suffolk/Isle of Wight, Southampton Counties CoC",2013,919.55,689.0,742,697,45,2013,2010,1.09744288
VA-501,"Norfolk, Chesapeake, Suffolk/Isle of Wight, Southampton Counties CoC",2014,922.54,693.11,668,630,38,2014,2010,1.07992447
VA-501,"Norfolk, Chesapeake, Suffolk/Isle of Wight, Southampton Counties CoC",2015,940.42,692.37,735,680,55,2015,2010,1.07864415
VA-501,"Norfolk, Chesapeake, Suffolk/Isle of Wight, Southampton Counties CoC",2016,930.98,696.62,723,638,85,2016,2010,1.06520643
VA-501,"Norfolk, Chesapeake, Suffolk/Isle of Wight, Southampton Counties CoC",2017,929.31,696.25,703,634,69,2017,2010,1.04298711
VA-501,"Norfolk, Chesapeake, Suffolk/Isle of Wight, Southampton Counties CoC",2018,933.59,698.31,773,693,80,2018,2010,1.01811977
VA-501,"Norfolk, Chesapeake, Suffolk/Isle of Wight, Southampton Counties CoC",2019,947.38,709.27,700,614,86,2019,2010,1.0
VA-502,"Roanoke City & County, Salem CoC",2010,653.11,493.77,518,500,18,2010,2010,1.17243736
VA-502,"Roanoke City & County, Salem CoC",2011,647.65,490.88,536,526,10,2011,2010,1.13656147
VA-502,"Roanoke City & County, Salem CoC",2012,650.27,488.96,561,523,38,2012,2010,1.11351777
VA-502,"Roanoke City & County, Salem CoC",2013,650.27,481.95,442,425,17,2013,2010,1.09744288
VA-502,"Roanoke City & County, Salem CoC",2014,647.97,488.83,440,433,7,2014,2010,1.07992447
VA-502,"Roanoke City & County, Salem CoC",2015,671.27,495.27,390,378,12,2015,2010,1.07864415
VA-502,"Roanoke City & County, Salem CoC",2016,676.31,509.64,308,301,7,2016,2010,1.06520643
VA-502,"Roanoke City & County, Salem CoC",2017,688.08,527.68,267,250,17,2017,2010,1.04298711
VA-502,"Roanoke City & County, Salem CoC",2018,696.54,530.08,317,306,11,2018,2010,1.01811977
VA-502,"Roanoke City & County, Salem CoC",2019,705.14,530.44,319,304,15,2019,2010,1.0
VA-503,Virginia Beach CoC,2010,1187.84,943.11,517,435,82,2010,2010,1.17243736
VA-503,Virginia Beach CoC,2011,1203.15,953.88,427,333,94,2011,2010,1.13656147
VA-503,Virginia Beach CoC,2012,1202.94,954.13,440,349,91,2012,2010,1.11351777
VA-503,Virginia Beach CoC,2013,1195.6,951.54,456,389,67,2013,2010,1.09744288
VA-503,Virginia Beach CoC,2014,1192.51,946.91,440,382,58,2014,2010,1.07992447
VA-503,Virginia Beach CoC,2015,1194.3,943.57,419,361,58,2015,2010,1.07864415
VA-503,Virginia Beach CoC,2016,1194.23,948.64,389,339,50,2016,2010,1.06520643
VA-503,Virginia Beach CoC,2017,1210.65,956.13,349,271,78,2017,2010,1.04298711
VA-503,Virginia Beach CoC,2018,1213.93,957.34,243,171,72,2018,2010,1.01811977
VA-503,Virginia Beach CoC,2019,1217.92,962.49,260,206,54,2019,2010,1.0
VA-504,Charlottesville CoC,2010,940.74,720.42,228,201,27,2010,2010,1.17243736
VA-504,Charlottesville CoC,2011,964.38,728.56,213,195,18,2011,2010,1.13656147
VA-504,Charlottesville CoC,2012,969.54,719.89,191,164,27,2012,2010,1.11351777
VA-504,Charlottesville CoC,2013,976.76,736.18,195,167,28,2013,2010,1.09744288
VA-504,Charlottesville CoC,2014,968.9,732.28,204,178,26,2014,2010,1.07992447
VA-504,Charlottesville CoC,2015,954.45,737.44,185,160,25,2015,2010,1.07864415
VA-504,Charlottesville CoC,2016,972.12,739.16,157,135,22,2016,2010,1.06520643
VA-504,Charlottesville CoC,2017,984.91,751.35,160,137,23,2017,2010,1.04298711
VA-504,Charlottesville CoC,2018,1000.9,747.17,183,155,28,2018,2010,1.01811977
VA-504,Charlottesville CoC,2019,1021.11,761.87,165,139,26,2019,2010,1.0
VA-505,"Newport News, Hampton/Virginia Peninsula CoC",2010,934.78,722.48,607,573,34,2010,2010,1.17243736
VA-505,"Newport News, Hampton/Virginia Peninsula CoC",2011,962.16,744.39,736,634,102,2011,2010,1.13656147
VA-505,"Newport News, Hampton/Virginia Peninsula CoC",2012,964.41,738.87,681,620,61,2012,2010,1.11351777
VA-505,"Newport News, Hampton/Virginia Peninsula CoC",2013,969.37,746.46,533,494,39,2013,2010,1.09744288
VA-505,"Newport News, Hampton/Virginia Peninsula CoC",2014,955.21,742.21,525,497,28,2014,2010,1.07992447
VA-505,"Newport News, Hampton/Virginia Peninsula CoC",2015,959.64,738.63,520,450,70,2015,2010,1.07864415
VA-505,"Newport News, Hampton/Virginia Peninsula CoC",2016,969.5,745.54,464,407,57,2016,2010,1.06520643
VA-505,"Newport News, Hampton/Virginia Peninsula CoC",2017,964.53,744.93,512,432,80,2017,2010,1.04298711
VA-505,"Newport News, Hampton/Virginia Peninsula CoC",2018,967.17,752.23,439,369,70,2018,2010,1.01811977
VA-505,"Newport News, Hampton/Virginia Peninsula CoC",2019,982.6,762.28,427,375,52,2019,2010,1.0
VA-507,Portsmouth CoC,2010,766.93,645.88,210,178,32,2010,2010,1.17243736
VA-507,Portsmouth CoC,2011,804.17,640.53,265,165,100,2011,2010,1.13656147
VA-507,Portsmouth CoC,2012,805.24,630.54,332,154,178,2012,2010,1.11351777
VA-507,Portsmouth CoC,2013,791.91,644.13,247,158,89,2013,2010,1.09744288
VA-507,Portsmouth CoC,2014,810.53,659.47,160,117,43,2014,2010,1.07992447
VA-507,Portsmouth CoC,2015,802.38,651.35,174,127,47,2015,2010,1.07864415
VA-507,Portsmouth CoC,2016,801.12,655.03,169,124,45,2016,2010,1.06520643
VA-507,Portsmouth CoC,2017,795.23,654.45,151,96,55,2017,2010,1.04298711
VA-507,Portsmouth CoC,2018,813.8,659.3,135,107,28,2018,2010,1.01811977
VA-507,Portsmouth CoC,2019,834.57,659.92,119,108,11,2019,2010,1.0
VA-508,Lynchburg CoC,2010,570.18,425.83,255,211,44,2010,2010,1.17243736
VA-508,Lynchburg CoC,2011,585.87,434.73,226,187,39,2011,2010,1.13656147
VA-508,Lynchburg CoC,2012,593.33,439.83,214,145,69,2012,2010,1.11351777
VA-508,Lynchburg CoC,2013,623.61,454.93,150,144,6,2013,2010,1.09744288
VA-508,Lynchburg CoC,2014,636.13,461.76,220,217,3,2014,2010,1.07992447
VA-508,Lynchburg CoC,2015,652.4,473.91,237,227,10,2015,2010,1.07864415
VA-508,Lynchburg CoC,2016,647.86,473.79,174,153,21,2016,2010,1.06520643
VA-508,Lynchburg CoC,2017,659.51,485.05,125,100,25,2017,2010,1.04298711
VA-508,Lynchburg CoC,2018,659.66,499.74,112,92,20,2018,2010,1.01811977
VA-508,Lynchburg CoC,2019,668.82,499.55,78,64,14,2019,2010,1.0
VA-513,"Harrisonburg, Winchester/Western Virginia CoC",2010,809.4,571.48,448,359,89,2010,2010,1.17243736
VA-513,"Harrisonburg, Winchester/Western Virginia CoC",2011,814.04,577.29,311,284,27,2011,2010,1.13656147
VA-513,"Harrisonburg, Winchester/Western Virginia CoC",2012,817.18,581.82,313,262,51,2012,2010,1.11351777
VA-513,"Harrisonburg, Winchester/Western Virginia CoC",2013,823.52,588.92,355,286,69,2013,2010,1.09744288
VA-513,"Harrisonburg, Winchester/Western Virginia CoC",2014,810.63,578.27,249,237,12,2014,2010,1.07992447
VA-513,"Harrisonburg, Winchester/Western Virginia CoC",2015,800.54,586.46,242,230,12,2015,2010,1.07864415
VA-513,"Harrisonburg, Winchester/Western Virginia CoC",2016,790.1,583.98,268,261,7,2016,2010,1.06520643
VA-513,"Harrisonburg, Winchester/Western Virginia CoC",2017,787.67,576.53,280,261,19,2017,2010,1.04298711
VA-513,"Harrisonburg, Winchester/Western Virginia CoC",2018,789.66,582.1,304,276,28,2018,2010,1.01811977
VA-513,"Harrisonburg, Winchester/Western Virginia CoC",2019,807.27,597.82,342,314,28,2019,2010,1.0
VA-514,"Fredericksburg/Spotsylvania, Stafford Counties CoC",2010,1137.53,894.05,288,160,128,2010,2010,1.17243736
VA-514,"Fredericksburg/Spotsylvania, Stafford Counties CoC",2011,1153.76,881.97,191,142,49,2011,2010,1.13656147
VA-514,"Fredericksburg/Spotsylvania, Stafford Counties CoC",2012,1157.01,896.33,193,146,47,2012,2010,1.11351777
VA-514,"Fredericksburg/Spotsylvania, Stafford Counties CoC",2013,1182.04,912.57,192,164,28,2013,2010,1.09744288
VA-514,"Fredericksburg/Spotsylvania, Stafford Counties CoC",2014,1196.95,921.38,201,171,30,2014,2010,1.07992447
VA-514,"Fredericksburg/Spotsylvania, Stafford Counties CoC",2015,1190.88,921.74,217,179,38,2015,2010,1.07864415
VA-514,"Fredericksburg/Spotsylvania, Stafford Counties CoC",2016,1204.43,935.04,209,175,34,2016,2010,1.06520643
VA-514,"Fredericksburg/Spotsylvania, Stafford Counties CoC",2017,1194.81,939.92,216,177,39,2017,2010,1.04298711
VA-514,"Fredericksburg/Spotsylvania, Stafford Counties CoC",2018,1215.68,924.54,200,164,36,2018,2010,1.01811977
VA-514,"Fredericksburg/Spotsylvania, Stafford Counties CoC",2019,1238.06,939.91,221,185,36,2019,2010,1.0
VA-521,Virginia Balance of State CoC,2010,581.48,385.27,1261,801,460,2010,2010,1.17243736
VA-521,Virginia Balance of State CoC,2011,588.25,382.9,1064,720,344,2011,2010,1.13656147
VA-521,Virginia Balance of State CoC,2012,593.03,382.53,957,742,215,2012,2010,1.11351777
VA-521,Virginia Balance of State CoC,2013,598.44,391.6,715,574,141,2013,2010,1.09744288
VA-521,Virginia Balance of State CoC,2014,598.87,391.26,662,546,116,2014,2010,1.07992447
VA-521,Virginia Balance of State CoC,2015,614.54,399.63,773,634,139,2015,2010,1.07864415
VA-521,Virginia Balance of State CoC,2016,618.19,405.23,654,498,156,2016,2010,1.06520643
VA-521,Virginia Balance of State CoC,2017,619.62,402.7,722,563,159,2017,2010,1.04298711
VA-521,Virginia Balance of State CoC,2018,628.01,405.48,718,553,165,2018,2010,1.01811977
VA-521,Virginia Balance of State CoC,2019,632.08,411.68,761,637,124,2019,2010,1.0
VA-600,Arlington County CoC,2010,1730.26,1293.27,535,312,223,2010,2010,1.17243736
VA-600,Arlington County CoC,2011,1748.32,1336.26,461,324,137,2011,2010,1.13656147
VA-600,Arlington County CoC,2012,1761.24,1366.77,451,320,131,2012,2010,1.11351777
VA-600,Arlington County CoC,2013,1782.91,1378.49,479,333,146,2013,2010,1.09744288
VA-600,Arlington County CoC,2014,1811.16,1425.01,291,240,51,2014,2010,1.07992447
VA-600,Arlington County CoC,2015,1896.67,1447.53,239,200,39,2015,2010,1.07864415
VA-600,Arlington County CoC,2016,1912.18,1470.46,174,155,19,2016,2010,1.06520643
VA-600,Arlington County CoC,2017,1922.71,1478.41,232,199,33,2017,2010,1.04298711
VA-600,Arlington County CoC,2018,1923.25,1492.69,221,186,35,2018,2010,1.01811977
VA-600,Arlington County CoC,2019,1919.21,1498.8,215,179,36,2019,2010,1.0
VA-601,Fairfax County CoC,2010,1647.71,1280.57,1552,1412,140,2010,2010,1.17243736
VA-601,Fairfax County CoC,2011,1653.31,1294.23,1549,1414,135,2011,2010,1.13656147
VA-601,Fairfax County CoC,2012,1674.55,1335.88,1534,1356,178,2012,2010,1.11351777
VA-601,Fairfax County CoC,2013,1695.46,1375.97,1350,1246,104,2013,2010,1.09744288
VA-601,Fairfax County CoC,2014,1702.67,1386.15,1225,1159,66,2014,2010,1.07992447
VA-601,Fairfax County CoC,2015,1772.19,1405.26,1204,1136,68,2015,2010,1.07864415
VA-601,Fairfax County CoC,2016,1803.2,1423.86,1059,985,74,2016,2010,1.06520643
VA-601,Fairfax County CoC,2017,1809.03,1436.19,964,856,108,2017,2010,1.04298711
VA-601,Fairfax County CoC,2018,1798.69,1432.64,987,901,86,2018,2010,1.01811977
VA-601,Fairfax County CoC,2019,1805.77,1450.9,1034,945,89,2019,2010,1.0
VA-602,Loudoun County CoC,2010,1595.86,1263.06,157,121,36,2010,2010,1.17243736
VA-602,Loudoun County CoC,2011,1598.72,1256.54,162,133,29,2011,2010,1.13656147
VA-602,Loudoun County CoC,2012,1595.59,1261.83,168,132,36,2012,2010,1.11351777
VA-602,Loudoun County CoC,2013,1610.65,1254.56,166,125,41,2013,2010,1.09744288
VA-602,Loudoun County CoC,2014,1622.88,1258.41,177,151,26,2014,2010,1.07992447
VA-602,Loudoun County CoC,2015,1652.32,1259.58,172,133,39,2015,2010,1.07864415
VA-602,Loudoun County CoC,2016,1667.62,1278.72,134,115,19,2016,2010,1.06520643
VA-602,Loudoun County CoC,2017,1690.76,1313.26,113,97,16,2017,2010,1.04298711
VA-602,Loudoun County CoC,2018,1706.32,1332.87,134,110,24,2018,2010,1.01811977
VA-602,Loudoun County CoC,2019,1734.26,1343.21,167,96,71,2019,2010,1.0
VA-603,Alexandria CoC,2010,1504.25,1183.05,359,321,38,2010,2010,1.17243736
VA-603,Alexandria CoC,2011,1522.06,1196.22,416,374,42,2011,2010,1.13656147
VA-603,Alexandria CoC,2012,1544.1,1210.23,352,330,22,2012,2010,1.11351777
VA-603,Alexandria CoC,2013,1582.05,1234.04,275,246,29,2013,2010,1.09744288
VA-603,Alexandria CoC,2014,1590.11,1242.3,267,244,23,2014,2010,1.07992447
VA-603,Alexandria CoC,2015,1634.59,1268.15,267,244,23,2015,2010,1.07864415
VA-603,Alexandria CoC,2016,1632.43,1298.57,224,212,12,2016,2010,1.06520643
VA-603,Alexandria CoC,2017,1655.08,1323.45,211,193,18,2017,2010,1.04298711
VA-603,Alexandria CoC,2018,1659.65,1328.38,226,211,15,2018,2010,1.01811977
VA-603,Alexandria CoC,2019,1681.77,1349.22,198,188,10,2019,2010,1.0
VA-604,Prince William County CoC,2010,1413.34,1111.54,508,352,156,2010,2010,1.17243736
VA-604,Prince William County CoC,2011,1420.9,1114.28,566,366,200,2011,2010,1.13656147
VA-604,Prince William County CoC,2012,1420.68,1133.25,452,327,125,2012,2010,1.11351777
VA-604,Prince William County CoC,2013,1433.96,1143.31,447,330,117,2013,2010,1.09744288
VA-604,Prince William County CoC,2014,1449.37,1145.13,445,347,98,2014,2010,1.07992447
VA-604,Prince William County CoC,2015,1495.67,1161.78,409,319,90,2015,2010,1.07864415
VA-604,Prince William County CoC,2016,1502.13,1182.79,400,312,88,2016,2010,1.06520643
VA-604,Prince William County CoC,2017,1514.25,1194.83,400,284,116,2017,2010,1.04298711
VA-604,Prince William County CoC,2018,1503.62,1232.45,374,261,113,2018,2010,1.01811977
VA-604,Prince William County CoC,2019,1520.43,1254.5,280,243,37,2019,2010,1.0
VT-500,Vermont Balance of State CoC,2010,769.13,556.46,607,528,79,2010,2010,1.17243736
VT-500,Vermont Balance of State CoC,2011,781.98,569.92,655,579,76,2011,2010,1.13656147
VT-500,Vermont Balance of State CoC,2012,775.77,575.13,776,630,146,2012,2010,1.11351777
VT-500,Vermont Balance of State CoC,2013,782.18,574.54,971,866,105,2013,2010,1.09744288
VT-500,Vermont Balance of State CoC,2014,774.23,576.81,1027,954,73,2014,2010,1.07992447
VT-500,Vermont Balance of State CoC,2015,780.02,584.17,1052,984,68,2015,2010,1.07864415
VT-500,Vermont Balance of State CoC,2016,784.82,583.41,785,691,94,2016,2010,1.06520643
VT-500,Vermont Balance of State CoC,2017,783.05,579.78,934,828,106,2017,2010,1.04298711
VT-500,Vermont Balance of State CoC,2018,787.96,593.84,932,867,65,2018,2010,1.01811977
VT-500,Vermont Balance of State CoC,2019,785.53,590.5,780,714,66,2019,2010,1.0
VT-501,Burlington/Chittenden County CoC,2010,995.45,743.31,613,550,63,2010,2010,1.17243736
VT-501,Burlington/Chittenden County CoC,2011,1005.99,757.89,489,442,47,2011,2010,1.13656147
VT-501,Burlington/Chittenden County CoC,2012,1008.57,747.37,384,307,77,2012,2010,1.11351777
VT-501,Burlington/Chittenden County CoC,2013,1007.41,756.12,483,404,79,2013,2010,1.09744288
VT-501,Burlington/Chittenden County CoC,2014,1027.44,774.4,532,442,90,2014,2010,1.07992447
VT-501,Burlington/Chittenden County CoC,2015,1069.56,800.33,471,389,82,2015,2010,1.07864415
VT-501,Burlington/Chittenden County CoC,2016,1109.53,825.64,332,270,62,2016,2010,1.06520643
VT-501,Burlington/Chittenden County CoC,2017,1137.19,844.36,291,263,28,2017,2010,1.04298711
VT-501,Burlington/Chittenden County CoC,2018,1159.1,844.71,359,342,17,2018,2010,1.01811977
VT-501,Burlington/Chittenden County CoC,2019,1148.45,844.36,309,261,48,2019,2010,1.0
WA-500,Seattle/King County CoC,2010,1091.3,831.8,9022,6222,2800,2010,2010,1.17243736
WA-500,Seattle/King County CoC,2011,1107.34,840.58,8972,6480,2492,2011,2010,1.13656147
WA-500,Seattle/King County CoC,2012,1124.43,845.48,8899,6281,2618,2012,2010,1.11351777
WA-500,Seattle/King County CoC,2013,1140.95,858.8,9106,6370,2736,2013,2010,1.09744288
WA-500,Seattle/King County CoC,2014,1165.28,860.55,8949,6213,2736,2014,2010,1.07992447
WA-500,Seattle/King County CoC,2015,1209.68,878.35,10122,6319,3803,2015,2010,1.07864415
WA-500,Seattle/King County CoC,2016,1264.29,905.47,10730,6225,4505,2016,2010,1.06520643
WA-500,Seattle/King County CoC,2017,1332.35,949.72,11643,6158,5485,2017,2010,1.04298711
WA-500,Seattle/King County CoC,2018,1416.06,1003.64,12112,5792,6320,2018,2010,1.01811977
WA-500,Seattle/King County CoC,2019,1495.61,1067.21,11199,5971,5228,2019,2010,1.0
WA-501,Washington Balance of State CoC,2010,768.79,554.19,7685,5262,2423,2010,2010,1.17243736
WA-501,Washington Balance of State CoC,2011,779.84,561.65,5399,3661,1738,2011,2010,1.13656147
WA-501,Washington Balance of State CoC,2012,785.69,567.95,5342,3698,1644,2012,2010,1.11351777
WA-501,Washington Balance of State CoC,2013,793.68,572.93,4671,3068,1603,2013,2010,1.09744288
WA-501,Washington Balance of State CoC,2014,800.14,574.51,5236,3107,2129,2014,2010,1.07992447
WA-501,Washington Balance of State CoC,2015,804.98,583.62,5489,3162,2327,2015,2010,1.07864415
WA-501,Washington Balance of State CoC,2016,819.74,586.56,5706,3107,2599,2016,2010,1.06520643
WA-501,Washington Balance of State CoC,2017,833.85,597.73,5243,3563,1680,2017,2010,1.04298711
WA-501,Washington Balance of State CoC,2018,852.07,609.24,5666,3177,2489,2018,2010,1.01811977
WA-501,Washington Balance of State CoC,2019,871.83,613.1,5509,3210,2299,2019,2010,1.0
WA-502,Spokane City & County CoC,2010,709.36,546.23,1242,1070,172,2010,2010,1.17243736
WA-502,Spokane City & County CoC,2011,714.92,546.14,1272,1134,138,2011,2010,1.13656147
WA-502,Spokane City & County CoC,2012,721.77,557.77,1185,1055,130,2012,2010,1.11351777
WA-502,Spokane City & County CoC,2013,725.44,561.33,1030,970,60,2013,2010,1.09744288
WA-502,Spokane City & County CoC,2014,733.88,564.02,1149,994,155,2014,2010,1.07992447
WA-502,Spokane City & County CoC,2015,740.4,570.09,1034,902,132,2015,2010,1.07864415
WA-502,Spokane City & County CoC,2016,756.71,581.02,981,809,172,2016,2010,1.06520643
WA-502,Spokane City & County CoC,2017,767.24,590.58,1090,952,138,2017,2010,1.04298711
WA-502,Spokane City & County CoC,2018,782.67,601.48,1245,935,310,2018,2010,1.01811977
WA-502,Spokane City & County CoC,2019,801.21,611.44,1309,994,315,2019,2010,1.0
WA-503,"Tacoma, Lakewood/Pierce County CoC",2010,954.59,723.77,1807,1637,170,2010,2010,1.17243736
WA-503,"Tacoma, Lakewood/Pierce County CoC",2011,967.3,732.58,2089,1867,222,2011,2010,1.13656147
WA-503,"Tacoma, Lakewood/Pierce County CoC",2012,977.57,735.81,1997,1805,192,2012,2010,1.11351777
WA-503,"Tacoma, Lakewood/Pierce County CoC",2013,984.58,744.91,1303,1183,120,2013,2010,1.09744288
WA-503,"Tacoma, Lakewood/Pierce County CoC",2014,987.83,750.46,1464,1171,293,2014,2010,1.07992447
WA-503,"Tacoma, Lakewood/Pierce County CoC",2015,991.66,756.09,1283,942,341,2015,2010,1.07864415
WA-503,"Tacoma, Lakewood/Pierce County CoC",2016,1007.91,766.0,1762,1268,494,2016,2010,1.06520643
WA-503,"Tacoma, Lakewood/Pierce County CoC",2017,1036.16,780.61,1321,817,504,2017,2010,1.04298711
WA-503,"Tacoma, Lakewood/Pierce County CoC",2018,1076.93,804.48,1628,878,750,2018,2010,1.01811977
WA-503,"Tacoma, Lakewood/Pierce County CoC",2019,1118.99,841.38,1486,857,629,2019,2010,1.0
WA-504,Everett/Snohomish County CoC,2010,1049.54,816.79,2018,1403,615,2010,2010,1.17243736
WA-504,Everett/Snohomish County CoC,2011,1069.24,831.37,1860,1273,587,2011,2010,1.13656147
WA-504,Everett/Snohomish County CoC,2012,1075.36,825.19,2061,1344,717,2012,2010,1.11351777
WA-504,Everett/Snohomish County CoC,2013,1075.37,827.47,947,603,344,2013,2010,1.09744288
WA-504,Everett/Snohomish County CoC,2014,1082.47,833.77,949,577,372,2014,2010,1.07992447
WA-504,Everett/Snohomish County CoC,2015,1106.79,850.9,829,517,312,2015,2010,1.07864415
WA-504,Everett/Snohomish County CoC,2016,1144.39,871.66,960,489,471,2016,2010,1.06520643
WA-504,Everett/Snohomish County CoC,2017,1191.37,901.92,1066,551,515,2017,2010,1.04298711
WA-504,Everett/Snohomish County CoC,2018,1258.84,947.72,858,480,378,2018,2010,1.01811977
WA-504,Everett/Snohomish County CoC,2019,1313.78,986.94,1116,517,599,2019,2010,1.0
WA-508,Vancouver/Clark County CoC,2010,895.02,713.29,1104,895,209,2010,2010,1.17243736
WA-508,Vancouver/Clark County CoC,2011,902.86,716.32,847,660,187,2011,2010,1.13656147
WA-508,Vancouver/Clark County CoC,2012,908.86,720.01,1020,844,176,2012,2010,1.11351777
WA-508,Vancouver/Clark County CoC,2013,914.89,728.7,703,513,190,2013,2010,1.09744288
WA-508,Vancouver/Clark County CoC,2014,927.82,737.99,695,478,217,2014,2010,1.07992447
WA-508,Vancouver/Clark County CoC,2015,959.58,756.65,662,456,206,2015,2010,1.07864415
WA-508,Vancouver/Clark County CoC,2016,977.49,772.53,688,463,225,2016,2010,1.06520643
WA-508,Vancouver/Clark County CoC,2017,1019.54,798.06,749,480,269,2017,2010,1.04298711
WA-508,Vancouver/Clark County CoC,2018,1077.01,835.21,795,421,374,2018,2010,1.01811977
WA-508,Vancouver/Clark County CoC,2019,1149.86,882.44,958,471,487,2019,2010,1.0
WI-500,Wisconsin Balance of State CoC,2010,661.55,497.5,3992,3207,785,2010,2010,1.17243736
WI-500,Wisconsin Balance of State CoC,2011,660.05,495.53,3400,3149,251,2011,2010,1.13656147
WI-500,Wisconsin Balance of State CoC,2012,660.12,499.11,3618,3239,379,2012,2010,1.11351777
WI-500,Wisconsin Balance of State CoC,2013,661.26,500.7,3610,3439,171,2013,2010,1.09744288
WI-500,Wisconsin Balance of State CoC,2014,662.38,500.34,3569,3446,123,2014,2010,1.07992447
WI-500,Wisconsin Balance of State CoC,2015,666.1,503.39,3597,3390,207,2015,2010,1.07864415
WI-500,Wisconsin Balance of State CoC,2016,669.62,508.33,3445,3313,132,2016,2010,1.06520643
WI-500,Wisconsin Balance of State CoC,2017,674.53,512.58,3348,3211,137,2017,2010,1.04298711
WI-500,Wisconsin Balance of State CoC,2018,680.02,516.26,3147,3020,127,2018,2010,1.01811977
WI-500,Wisconsin Balance of State CoC,2019,687.58,520.38,2875,2781,94,2019,2010,1.0
WI-501,Milwaukee City & County CoC,2010,750.25,594.26,1537,1317,220,2010,2010,1.17243736
WI-501,Milwaukee City & County CoC,2011,746.7,588.65,1466,1331,135,2011,2010,1.13656147
WI-501,Milwaukee City & County CoC,2012,747.81,590.33,1432,1318,114,2012,2010,1.11351777
WI-501,Milwaukee City & County CoC,2013,748.96,587.61,1442,1353,89,2013,2010,1.09744288
WI-501,Milwaukee City & County CoC,2014,746.8,589.62,1499,1384,115,2014,2010,1.07992447
WI-501,Milwaukee City & County CoC,2015,752.42,593.27,1521,1389,132,2015,2010,1.07864415
WI-501,Milwaukee City & County CoC,2016,758.8,595.59,1415,1208,207,2016,2010,1.06520643
WI-501,Milwaukee City & County CoC,2017,764.83,596.23,900,765,135,2017,2010,1.04298711
WI-501,Milwaukee City & County CoC,2018,772.62,599.33,871,710,161,2018,2010,1.01811977
WI-501,Milwaukee City & County CoC,2019,781.43,605.19,885,771,114,2019,2010,1.0
WI-502,Racine City & County CoC,2010,699.7,562.48,236,230,6,2010,2010,1.17243736
WI-502,Racine City & County CoC,2011,712.07,565.79,243,242,1,2011,2010,1.13656147
WI-502,Racine City & County CoC,2012,709.07,569.03,241,230,11,2012,2010,1.11351777
WI-502,Racine City & County CoC,2013,704.22,564.67,221,212,9,2013,2010,1.09744288
WI-502,Racine City & County CoC,2014,714.65,562.98,210,199,11,2014,2010,1.07992447
WI-502,Racine City & County CoC,2015,712.22,571.4,168,157,11,2015,2010,1.07864415
WI-502,Racine City & County CoC,2016,713.05,580.32,196,195,1,2016,2010,1.06520643
WI-502,Racine City & County CoC,2017,725.79,585.06,194,187,7,2017,2010,1.04298711
WI-502,Racine City & County CoC,2018,728.09,589.73,275,265,10,2018,2010,1.01811977
WI-502,Racine City & County CoC,2019,717.18,579.97,200,188,12,2019,2010,1.0
WI-503,Madison/Dane County CoC,2010,888.56,723.82,568,499,69,2010,2010,1.17243736
WI-503,Madison/Dane County CoC,2011,890.17,726.98,676,633,43,2011,2010,1.13656147
WI-503,Madison/Dane County CoC,2012,890.67,723.39,736,659,77,2012,2010,1.11351777
WI-503,Madison/Dane County CoC,2013,899.9,728.82,831,732,99,2013,2010,1.09744288
WI-503,Madison/Dane County CoC,2014,902.81,732.91,777,683,94,2014,2010,1.07992447
WI-503,Madison/Dane County CoC,2015,918.54,740.18,771,679,92,2015,2010,1.07864415
WI-503,Madison/Dane County CoC,2016,931.5,747.35,629,559,70,2016,2010,1.06520643
WI-503,Madison/Dane County CoC,2017,956.9,758.5,585,524,61,2017,2010,1.04298711
WI-503,Madison/Dane County CoC,2018,977.42,769.0,614,530,84,2018,2010,1.01811977
WI-503,Madison/Dane County CoC,2019,1002.95,790.98,578,503,75,2019,2010,1.0
WV-500,"Wheeling, Weirton Area CoC",2010,439.35,317.52,197,149,48,2010,2010,1.17243736
WV-500,"Wheeling, Weirton Area CoC",2011,437.42,309.95,124,107,17,2011,2010,1.13656147
WV-500,"Wheeling, Weirton Area CoC",2012,438.45,306.82,116,106,10,2012,2010,1.11351777
WV-500,"Wheeling, Weirton Area CoC",2013,440.48,317.48,89,87,2,2013,2010,1.09744288
WV-500,"Wheeling, Weirton Area CoC",2014,453.23,331.35,97,88,9,2014,2010,1.07992447
WV-500,"Wheeling, Weirton Area CoC",2015,464.23,340.94,114,95,19,2015,2010,1.07864415
WV-500,"Wheeling, Weirton Area CoC",2016,467.37,342.0,91,88,3,2016,2010,1.06520643
WV-500,"Wheeling, Weirton Area CoC",2017,471.7,350.44,118,111,7,2017,2010,1.04298711
WV-500,"Wheeling, Weirton Area CoC",2018,471.34,341.64,108,98,10,2018,2010,1.01811977
WV-500,"Wheeling, Weirton Area CoC",2019,480.52,339.17,136,127,9,2019,2010,1.0
WV-501,"Huntington/Cabell, Wayne Counties CoC",2010,533.56,378.49,286,243,43,2010,2010,1.17243736
WV-501,"Huntington/Cabell, Wayne Counties CoC",2011,536.04,377.05,238,207,31,2011,2010,1.13656147
WV-501,"Huntington/Cabell, Wayne Counties CoC",2012,540.08,377.87,274,235,39,2012,2010,1.11351777
WV-501,"Huntington/Cabell, Wayne Counties CoC",2013,541.15,382.45,227,212,15,2013,2010,1.09744288
WV-501,"Huntington/Cabell, Wayne Counties CoC",2014,531.47,381.3,218,208,10,2014,2010,1.07992447
WV-501,"Huntington/Cabell, Wayne Counties CoC",2015,535.01,379.67,227,205,22,2015,2010,1.07864415
WV-501,"Huntington/Cabell, Wayne Counties CoC",2016,529.82,391.58,228,212,16,2016,2010,1.06520643
WV-501,"Huntington/Cabell, Wayne Counties CoC",2017,531.63,385.47,205,173,32,2017,2010,1.04298711
WV-501,"Huntington/Cabell, Wayne Counties CoC",2018,541.88,390.42,190,169,21,2018,2010,1.01811977
WV-501,"Huntington/Cabell, Wayne Counties CoC",2019,546.95,394.04,171,122,49,2019,2010,1.0
WV-503,"Charleston/Kanawha, Putnam, Boone, Clay Counties CoC",2010,514.18,371.78,406,374,32,2010,2010,1.17243736
WV-503,"Charleston/Kanawha, Putnam, Boone, Clay Counties CoC",2011,533.02,394.63,394,360,34,2011,2010,1.13656147
WV-503,"Charleston/Kanawha, Putnam, Boone, Clay Counties CoC",2012,537.36,394.26,416,358,58,2012,2010,1.11351777
WV-503,"Charleston/Kanawha, Putnam, Boone, Clay Counties CoC",2013,547.13,405.99,411,355,56,2013,2010,1.09744288
WV-503,"Charleston/Kanawha, Putnam, Boone, Clay Counties CoC",2014,556.91,414.74,360,347,13,2014,2010,1.07992447
WV-503,"Charleston/Kanawha, Putnam, Boone, Clay Counties CoC",2015,559.09,417.19,385,341,44,2015,2010,1.07864415
WV-503,"Charleston/Kanawha, Putnam, Boone, Clay Counties CoC",2016,564.71,412.79,320,288,32,2016,2010,1.06520643
WV-503,"Charleston/Kanawha, Putnam, Boone, Clay Counties CoC",2017,560.03,401.57,319,270,49,2017,2010,1.04298711
WV-503,"Charleston/Kanawha, Putnam, Boone, Clay Counties CoC",2018,565.42,416.03,317,260,57,2018,2010,1.01811977
WV-503,"Charleston/Kanawha, Putnam, Boone, Clay Counties CoC",2019,562.58,413.33,293,291,2,2019,2010,1.0
WV-508,West Virginia Balance of State CoC,2010,495.13,328.59,1375,758,617,2010,2010,1.17243736
WV-508,West Virginia Balance of State CoC,2011,500.59,342.0,1455,731,724,2011,2010,1.13656147
WV-508,West Virginia Balance of State CoC,2012,507.56,345.85,1604,834,770,2012,2010,1.11351777
WV-508,West Virginia Balance of State CoC,2013,516.06,349.24,1513,958,555,2013,2010,1.09744288
WV-508,West Virginia Balance of State CoC,2014,522.29,352.34,1338,940,398,2014,2010,1.07992447
WV-508,West Virginia Balance of State CoC,2015,541.36,363.7,1109,762,347,2015,2010,1.07864415
WV-508,West Virginia Balance of State CoC,2016,549.73,363.85,748,664,84,2016,2010,1.06520643
WV-508,West Virginia Balance of State CoC,2017,555.78,366.76,667,567,100,2017,2010,1.04298711
WV-508,West Virginia Balance of State CoC,2018,561.89,371.18,628,533,95,2018,2010,1.01811977
WV-508,West Virginia Balance of State CoC,2019,567.1,376.73,797,609,188,2019,2010,1.0
WY-500,Wyoming Statewide CoC,2010,669.77,478.88,579,515,64,2010,2010,1.17243736
WY-500,Wyoming Statewide CoC,2011,695.62,489.54,1038,195,843,2011,2010,1.13656147
WY-500,Wyoming Statewide CoC,2012,720.31,507.82,1813,475,1338,2012,2010,1.11351777
WY-500,Wyoming Statewide CoC,2013,730.04,520.81,953,501,452,2013,2010,1.09744288
WY-500,Wyoming Statewide CoC,2014,738.14,538.91,757,563,194,2014,2010,1.07992447
WY-500,Wyoming Statewide CoC,2015,750.77,550.64,798,507,291,2015,2010,1.07864415
WY-500,Wyoming Statewide CoC,2016,755.84,552.91,857,491,366,2016,2010,1.06520643
WY-500,Wyoming Statewide CoC,2017,756.03,552.78,873,510,363,2017,2010,1.04298711
WY-500,Wyoming Statewide CoC,2018,756.05,552.39,639,440,199,2018,2010,1.01811977
WY-500,Wyoming Statewide CoC,2019,763.28,546.73,548,423,125,2019,2010,1.0
