coc_id,coc_name,year,median_contract_rent,first_quartile_contract_rent,pit_total,pit_sheltered,pit_unsheltered,acs5_vintage_used,tract_vintage_used
AK-500,Anchorage CoC,2010,982.94,769.89,1231,1113,118,2010,2010
AK-500,Anchorage CoC,2011,1012.7,779.55,1223,1082,141,2011,2010
AK-500,Anchorage CoC,2012,1058.32,810.24,1147,1097,50,2012,2010
AK-500,Anchorage CoC,2013,1087.87,833.32,1122,1070,52,2013,2010
AK-500,Anchorage CoC,2014,1126.44,853.34,1023,970,53,2014,2010
AK-500,Anchorage CoC,2015,1154.11,868.89,1208,1029,179,2015,2010
AK-500,Anchorage CoC,2016,1198.09,899.91,1105,865,240,2016,2010
AK-500,Anchorage CoC,2017,1234.48,914.4,1128,973,155,2017,2010
AK-500,Anchorage CoC,2018,1260.47,937.31,1094,1000,94,2018,2010
AK-500,Anchorage CoC,2019,1252.52,928.77,1111,1014,97,2019,2010
AK-500,Anchorage CoC,2020,1243.48,926.47,1058,1003,55,2020,2020
AK-500,Anchorage CoC,2021,1272.26,941.89,1319,1167,152,2021,2020
AK-500,Anchorage CoC,2022,1324.98,988.2,1494,1369,125,2022,2020
AK-500,Anchorage CoC,2023,1391.76,1029.65,1760,1425,335,2023,2020
AK-500,Anchorage CoC,2024,1411.71,1059.06,1709,1363,346,2024,2020
AK-501,Alaska Balance of State CoC,2010,833.81,582.61,632,558,74,2010,2010
AK-501,Alaska Balance of State CoC,2011,875.16,605.88,905,678,227,2011,2010
AK-501,Alaska Balance of State CoC,2012,923.12,622.49,766,619,147,2012,2010
AK-501,Alaska Balance of State CoC,2013,947.22,630.55,824,671,153,2013,2010
AK-501,Alaska Balance of State CoC,2014,989.24,666.26,761,669,92,2014,2010
AK-501,Alaska Balance of State CoC,2015,1020.41,677.19,748,610,138,2015,2010
AK-501,Alaska Balance of State CoC,2016,1035.09,695.3,835,633,202,2016,2010
AK-501,Alaska Balance of State CoC,2017,1070.06,712.05,717,578,139,2017,2010
AK-501,Alaska Balance of State CoC,2018,1090.68,724.65,922,707,215,2018,2010
AK-501,Alaska Balance of State CoC,2019,1109.89,737.83,796,620,176,2019,2010
AK-501,Alaska Balance of State CoC,2020,1098.44,726.65,891,722,169,2020,2020
AK-501,Alaska Balance of State CoC,2021,1120.48,749.46,630,630,0,2021,2020
AK-501,Alaska Balance of State CoC,2022,1179.29,805.83,826,594,232,2022,2020
AK-501,Alaska Balance of State CoC,2023,1208.5,834.76,854,721,133,2023,2020
AK-501,Alaska Balance of State CoC,2024,1243.44,858.85,977,844,133,2024,2020
AL-500,"Birmingham/Jefferson, St. Clair, Shelby Counties CoC",2010,560.08,393.96,2273,1069,1204,2010,2010
AL-500,"Birmingham/Jefferson, St. Clair, Shelby Counties CoC",2011,579.36,405.33,1950,1024,926,2011,2010
AL-500,"Birmingham/Jefferson, St. Clair, Shelby Counties CoC",2012,597.28,417.89,1707,1009,698,2012,2010
AL-500,"Birmingham/Jefferson, St. Clair, Shelby Counties CoC",2013,610.66,429.3,1469,960,509,2013,2010
AL-500,"Birmingham/Jefferson, St. Clair, Shelby Counties CoC",2014,622.38,429.61,1329,915,414,2014,2010
AL-500,"Birmingham/Jefferson, St. Clair, Shelby Counties CoC",2015,624.43,432.9,1153,916,237,2015,2010
AL-500,"Birmingham/Jefferson, St. Clair, Shelby Counties CoC",2016,635.89,439.52,1228,1032,196,2016,2010
AL-500,"Birmingham/Jefferson, St. Clair, Shelby Counties CoC",2017,654.43,448.26,1092,875,217,2017,2010
AL-500,"Birmingham/Jefferson, St. Clair, Shelby Counties CoC",2018,677.9,466.34,901,682,219,2018,2010
AL-500,"Birmingham/Jefferson, St. Clair, Shelby Counties CoC",2019,708.44,481.73,981,655,326,2019,2010
AL-500,"Birmingham/Jefferson, St. Clair, Shelby Counties CoC",2020,746.38,509.6,848,601,247,2020,2020
AL-500,"Birmingham/Jefferson, St. Clair, Shelby Counties CoC",2021,798.29,530.81,875,556,319,2021,2020
AL-500,"Birmingham/Jefferson, St. Clair, Shelby Counties CoC",2022,877.47,580.78,943,601,342,2022,2020
AL-500,"Birmingham/Jefferson, St. Clair, Shelby Counties CoC",2023,925.49,611.61,847,465,382,2023,2020
AL-500,"Birmingham/Jefferson, St. Clair, Shelby Counties CoC",2024,976.42,641.93,911,516,395,2024,2020
AL-501,Mobile City & County/Baldwin County CoC,2010,541.9,383.29,883,482,401,2010,2010
AL-501,Mobile City & County/Baldwin County CoC,2011,563.28,396.19,718,407,311,2011,2010
AL-501,Mobile City & County/Baldwin County CoC,2012,578.28,418.15,634,324,310,2012,2010
AL-501,Mobile City & County/Baldwin County CoC,2013,592.14,429.18,493,260,233,2013,2010
AL-501,Mobile City & County/Baldwin County CoC,2014,608.24,443.59,598,461,137,2014,2010
AL-501,Mobile City & County/Baldwin County CoC,2015,623.76,457.8,578,364,214,2015,2010
AL-501,Mobile City & County/Baldwin County CoC,2016,634.17,468.23,623,387,236,2016,2010
AL-501,Mobile City & County/Baldwin County CoC,2017,650.63,477.93,606,341,265,2017,2010
AL-501,Mobile City & County/Baldwin County CoC,2018,664.67,487.58,551,318,233,2018,2010
AL-501,Mobile City & County/Baldwin County CoC,2019,689.25,493.98,505,303,202,2019,2010
AL-501,Mobile City & County/Baldwin County CoC,2020,704.03,504.77,631,267,364,2020,2020
AL-501,Mobile City & County/Baldwin County CoC,2021,741.82,530.94,219,219,0,2021,2020
AL-501,Mobile City & County/Baldwin County CoC,2022,797.74,564.99,585,388,197,2022,2020
AL-501,Mobile City & County/Baldwin County CoC,2023,840.84,593.4,670,313,357,2023,2020
AL-501,Mobile City & County/Baldwin County CoC,2024,882.23,628.14,675,324,351,2024,2020
AL-502,Florence/Northwest Alabama CoC,2010,338.75,241.93,170,162,8,2010,2010
AL-502,Florence/Northwest Alabama CoC,2011,352.22,248.12,244,234,10,2011,2010
AL-502,Florence/Northwest Alabama CoC,2012,359.13,257.93,192,188,4,2012,2010
AL-502,Florence/Northwest Alabama CoC,2013,369.27,262.86,223,197,26,2013,2010
AL-502,Florence/Northwest Alabama CoC,2014,380.07,270.11,209,189,20,2014,2010
AL-502,Florence/Northwest Alabama CoC,2015,386.56,273.43,245,214,31,2015,2010
AL-502,Florence/Northwest Alabama CoC,2016,397.99,282.3,337,286,51,2016,2010
AL-502,Florence/Northwest Alabama CoC,2017,412.31,295.04,155,133,22,2017,2010
AL-502,Florence/Northwest Alabama CoC,2018,425.45,304.26,256,234,22,2018,2010
AL-502,Florence/Northwest Alabama CoC,2019,425.51,307.26,390,189,201,2019,2010
AL-502,Florence/Northwest Alabama CoC,2020,437.58,315.9,215,174,41,2020,2020
AL-502,Florence/Northwest Alabama CoC,2021,459.4,333.18,183,149,34,2021,2020
AL-502,Florence/Northwest Alabama CoC,2022,507.16,350.13,232,198,34,2022,2020
AL-502,Florence/Northwest Alabama CoC,2023,543.18,389.37,195,163,32,2023,2020
AL-502,Florence/Northwest Alabama CoC,2024,570.91,410.03,210,156,54,2024,2020
AL-503,Huntsville/North Alabama CoC,2010,496.74,371.68,819,645,174,2010,2010
AL-503,Huntsville/North Alabama CoC,2011,513.28,379.63,656,481,175,2011,2010
AL-503,Huntsville/North Alabama CoC,2012,545.87,395.03,607,432,175,2012,2010
AL-503,Huntsville/North Alabama CoC,2013,561.7,402.69,586,409,177,2013,2010
AL-503,Huntsville/North Alabama CoC,2014,567.85,406.2,536,499,37,2014,2010
AL-503,Huntsville/North Alabama CoC,2015,582.49,410.9,420,357,63,2015,2010
AL-503,Huntsville/North Alabama CoC,2016,593.88,421.79,385,298,87,2016,2010
AL-503,Huntsville/North Alabama CoC,2017,606.68,430.03,436,337,99,2017,2010
AL-503,Huntsville/North Alabama CoC,2018,629.28,447.48,424,308,116,2018,2010
AL-503,Huntsville/North Alabama CoC,2019,658.8,467.21,464,377,87,2019,2010
AL-503,Huntsville/North Alabama CoC,2020,704.64,499.03,561,406,155,2020,2020
AL-503,Huntsville/North Alabama CoC,2021,745.44,519.7,300,300,0,2021,2020
AL-503,Huntsville/North Alabama CoC,2022,825.91,575.51,549,318,231,2022,2020
AL-503,Huntsville/North Alabama CoC,2023,899.28,610.98,646,397,249,2023,2020
AL-503,Huntsville/North Alabama CoC,2024,982.67,667.37,621,376,245,2024,2020
AL-504,Montgomery City & County CoC,2010,536.98,385.59,444,294,150,2010,2010
AL-504,Montgomery City & County CoC,2011,563.49,401.36,433,287,146,2011,2010
AL-504,Montgomery City & County CoC,2012,580.23,416.04,487,343,144,2012,2010
AL-504,Montgomery City & County CoC,2013,601.5,428.29,515,399,116,2013,2010
AL-504,Montgomery City & County CoC,2014,613.24,439.29,490,409,81,2014,2010
AL-504,Montgomery City & County CoC,2015,623.47,447.83,441,373,68,2015,2010
AL-504,Montgomery City & County CoC,2016,644.59,464.09,367,293,74,2016,2010
AL-504,Montgomery City & County CoC,2017,662.07,478.55,377,314,63,2017,2010
AL-504,Montgomery City & County CoC,2018,684.72,502.52,369,300,69,2018,2010
AL-504,Montgomery City & County CoC,2019,701.0,514.49,330,273,57,2019,2010
AL-504,Montgomery City & County CoC,2020,726.12,529.16,351,275,76,2020,2020
AL-504,Montgomery City & County CoC,2021,745.92,543.7,215,215,0,2021,2020
AL-504,Montgomery City & County CoC,2022,794.4,585.45,278,232,46,2022,2020
AL-504,Montgomery City & County CoC,2023,827.38,599.77,345,218,127,2023,2020
AL-504,Montgomery City & County CoC,2024,846.28,613.93,340,199,141,2024,2020
AL-505,Gadsden/Northeast Alabama CoC,2010,377.63,274.46,370,294,76,2010,2010
AL-505,Gadsden/Northeast Alabama CoC,2011,386.34,288.98,495,353,142,2011,2010
AL-505,Gadsden/Northeast Alabama CoC,2012,400.25,302.72,544,424,120,2012,2010
AL-505,Gadsden/Northeast Alabama CoC,2013,408.43,307.81,399,329,70,2013,2010
AL-505,Gadsden/Northeast Alabama CoC,2014,420.17,314.26,438,368,70,2014,2010
AL-505,Gadsden/Northeast Alabama CoC,2015,425.64,316.24,156,103,53,2015,2010
AL-505,Gadsden/Northeast Alabama CoC,2016,432.09,321.54,167,91,76,2016,2010
AL-505,Gadsden/Northeast Alabama CoC,2017,442.01,326.1,163,103,60,2017,2010
AL-505,Gadsden/Northeast Alabama CoC,2018,459.56,336.6,146,86,60,2018,2010
AL-505,Gadsden/Northeast Alabama CoC,2019,475.3,350.54,224,75,149,2019,2010
AL-505,Gadsden/Northeast Alabama CoC,2020,489.0,365.07,280,82,198,2020,2020
AL-505,Gadsden/Northeast Alabama CoC,2021,497.62,371.83,537,58,479,2021,2020
AL-505,Gadsden/Northeast Alabama CoC,2022,542.86,406.04,190,40,150,2022,2020
AL-505,Gadsden/Northeast Alabama CoC,2023,561.32,406.26,236,49,187,2023,2020
AL-505,Gadsden/Northeast Alabama CoC,2024,585.45,425.84,335,51,284,2024,2020
AL-506,Tuscaloosa City & County CoC,2010,542.46,389.9,278,263,15,2010,2010
AL-506,Tuscaloosa City & County CoC,2011,577.26,418.99,265,236,29,2011,2010
AL-506,Tuscaloosa City & County CoC,2012,591.71,424.69,152,128,24,2012,2010
AL-506,Tuscaloosa City & County CoC,2013,594.95,431.28,99,95,4,2013,2010
AL-506,Tuscaloosa City & County CoC,2014,613.83,443.52,245,133,112,2014,2010
AL-506,Tuscaloosa City & County CoC,2015,607.24,447.85,339,144,195,2015,2010
AL-506,Tuscaloosa City & County CoC,2016,610.68,457.01,177,47,130,2016,2010
AL-506,Tuscaloosa City & County CoC,2017,627.5,480.56,200,137,63,2017,2010
AL-506,Tuscaloosa City & County CoC,2018,647.5,491.12,57,56,1,2018,2010
AL-506,Tuscaloosa City & County CoC,2019,659.5,486.78,44,44,0,2019,2010
AL-506,Tuscaloosa City & County CoC,2020,685.71,505.4,67,41,26,2020,2020
AL-506,Tuscaloosa City & County CoC,2021,733.79,527.5,37,37,0,2021,2020
AL-506,Tuscaloosa City & County CoC,2022,796.01,571.45,40,39,1,2022,2020
AL-506,Tuscaloosa City & County CoC,2023,807.17,592.1,82,65,17,2023,2020
AL-506,Tuscaloosa City & County CoC,2024,833.9,624.81,86,69,17,2024,2020
AL-507,Alabama Balance of State CoC,2010,360.58,241.16,809,682,127,2010,2010
AL-507,Alabama Balance of State CoC,2011,376.64,251.43,797,727,70,2011,2010
AL-507,Alabama Balance of State CoC,2012,389.59,257.43,886,816,70,2012,2010
AL-507,Alabama Balance of State CoC,2013,401.27,263.93,905,597,308,2013,2010
AL-507,Alabama Balance of State CoC,2014,414.76,280.01,716,544,172,2014,2010
AL-507,Alabama Balance of State CoC,2015,420.2,282.36,638,472,166,2015,2010
AL-507,Alabama Balance of State CoC,2016,432.98,292.82,827,459,368,2016,2010
AL-507,Alabama Balance of State CoC,2017,442.54,304.59,764,416,348,2017,2010
AL-507,Alabama Balance of State CoC,2018,453.14,308.36,730,440,290,2018,2010
AL-507,Alabama Balance of State CoC,2019,467.34,313.25,323,154,169,2019,2010
AL-507,Alabama Balance of State CoC,2020,484.29,320.24,398,206,192,2020,2020
AL-507,Alabama Balance of State CoC,2021,513.67,335.54,190,92,98,2021,2020
AL-507,Alabama Balance of State CoC,2022,552.64,355.54,935,356,579,2022,2020
AL-507,Alabama Balance of State CoC,2023,575.17,371.12,283,178,105,2023,2020
AL-507,Alabama Balance of State CoC,2024,603.92,382.41,1291,153,1138,2024,2020
AL-508,"Dothan/Coffee, Dale, Geneva, Henry, Houston County CoC",2010,429.48,291.58,,,,2010,2010
AL-508,"Dothan/Coffee, Dale, Geneva, Henry, Houston County CoC",2011,448.44,301.85,,,,2011,2010
AL-508,"Dothan/Coffee, Dale, Geneva, Henry, Houston County CoC",2012,466.42,310.69,,,,2012,2010
AL-508,"Dothan/Coffee, Dale, Geneva, Henry, Houston County CoC",2013,480.85,323.01,,,,2013,2010
AL-508,"Dothan/Coffee, Dale, Geneva, Henry, Houston County CoC",2014,497.44,333.31,,,,2014,2010
AL-508,"Dothan/Coffee, Dale, Geneva, Henry, Houston County CoC",2015,506.9,339.13,,,,2015,2010
AL-508,"Dothan/Coffee, Dale, Geneva, Henry, Houston County CoC",2016,513.28,344.49,,,,2016,2010
AL-508,"Dothan/Coffee, Dale, Geneva, Henry, Houston County CoC",2017,532.09,357.19,,,,2017,2010
AL-508,"Dothan/Coffee, Dale, Geneva, Henry, Houston County CoC",2018,549.63,366.27,,,,2018,2010
AL-508,"Dothan/Coffee, Dale, Geneva, Henry, Houston County CoC",2019,557.34,379.38,,,,2019,2010
AL-508,"Dothan/Coffee, Dale, Geneva, Henry, Houston County CoC",2020,577.17,393.62,,,,2020,2020
AL-508,"Dothan/Coffee, Dale, Geneva, Henry, Houston County CoC",2021,598.02,410.02,,,,2021,2020
AL-508,"Dothan/Coffee, Dale, Geneva, Henry, Houston County CoC",2022,647.28,441.65,,,,2022,2020
AL-508,"Dothan/Coffee, Dale, Geneva, Henry, Houston County CoC",2023,685.83,465.67,,,,2023,2020
AL-508,"Dothan/Coffee, Dale, Geneva, Henry, Houston County CoC",2024,711.1,463.95,132,59,73,2024,2020
AR-500,Little Rock/Central Arkansas CoC,2010,548.49,414.18,1425,973,452,2010,2010
AR-500,Little Rock/Central Arkansas CoC,2011,566.16,426.76,1276,789,487,2011,2010
AR-500,Little Rock/Central Arkansas CoC,2012,576.61,434.5,1249,762,487,2012,2010
AR-500,Little Rock/Central Arkansas CoC,2013,589.37,446.87,1066,563,503,2013,2010
AR-500,Little Rock/Central Arkansas CoC,2014,603.37,455.39,1074,571,503,2014,2010
AR-500,Little Rock/Central Arkansas CoC,2015,607.45,458.58,830,491,339,2015,2010
AR-500,Little Rock/Central Arkansas CoC,2016,621.97,475.21,808,469,339,2016,2010
AR-500,Little Rock/Central Arkansas CoC,2017,646.22,497.74,1006,456,550,2017,2010
AR-500,Little Rock/Central Arkansas CoC,2018,664.47,505.32,1081,531,550,2018,2010
AR-500,Little Rock/Central Arkansas CoC,2019,683.29,521.64,1066,493,573,2019,2010
AR-500,Little Rock/Central Arkansas CoC,2020,694.2,539.16,1186,613,573,2020,2020
AR-500,Little Rock/Central Arkansas CoC,2021,732.95,570.14,401,401,0,2021,2020
AR-500,Little Rock/Central Arkansas CoC,2022,789.18,606.24,859,363,496,2022,2020
AR-500,Little Rock/Central Arkansas CoC,2023,824.1,637.9,773,309,464,2023,2020
AR-500,Little Rock/Central Arkansas CoC,2024,860.06,657.97,1016,552,464,2024,2020
AR-501,Fayetteville/Northwest Arkansas CoC,2010,534.77,411.48,251,221,30,2010,2010
AR-501,Fayetteville/Northwest Arkansas CoC,2011,553.21,423.79,238,199,39,2011,2010
AR-501,Fayetteville/Northwest Arkansas CoC,2012,562.43,429.4,186,147,39,2012,2010
AR-501,Fayetteville/Northwest Arkansas CoC,2013,570.41,440.31,668,446,222,2013,2010
AR-501,Fayetteville/Northwest Arkansas CoC,2014,580.46,445.56,551,329,222,2014,2010
AR-501,Fayetteville/Northwest Arkansas CoC,2015,588.21,451.34,665,604,61,2015,2010
AR-501,Fayetteville/Northwest Arkansas CoC,2016,604.47,462.96,550,489,61,2016,2010
AR-501,Fayetteville/Northwest Arkansas CoC,2017,619.35,474.85,330,235,95,2017,2010
AR-501,Fayetteville/Northwest Arkansas CoC,2018,638.27,489.6,474,323,151,2018,2010
AR-501,Fayetteville/Northwest Arkansas CoC,2019,662.14,507.1,518,281,237,2019,2010
AR-501,Fayetteville/Northwest Arkansas CoC,2020,719.72,522.84,352,197,155,2020,2020
AR-501,Fayetteville/Northwest Arkansas CoC,2021,745.62,554.39,157,157,0,2021,2020
AR-501,Fayetteville/Northwest Arkansas CoC,2022,819.97,607.52,343,243,100,2022,2020
AR-501,Fayetteville/Northwest Arkansas CoC,2023,890.19,661.37,436,245,191,2023,2020
AR-501,Fayetteville/Northwest Arkansas CoC,2024,955.4,702.26,412,219,193,2024,2020
AR-503,Arkansas Balance of State  CoC,2010,401.98,280.68,,,,2010,2010
AR-503,Arkansas Balance of State  CoC,2011,420.28,295.78,1816,720,1096,2011,2010
AR-503,Arkansas Balance of State  CoC,2012,433.28,303.98,2715,629,2086,2012,2010
AR-503,Arkansas Balance of State  CoC,2013,442.81,312.73,2014,592,1422,2013,2010
AR-503,Arkansas Balance of State  CoC,2014,452.75,321.51,1056,420,636,2014,2010
AR-503,Arkansas Balance of State  CoC,2015,458.6,327.28,814,425,389,2015,2010
AR-503,Arkansas Balance of State  CoC,2016,469.49,337.58,850,469,381,2016,2010
AR-503,Arkansas Balance of State  CoC,2017,486.23,348.57,875,414,461,2017,2010
AR-503,Arkansas Balance of State  CoC,2018,498.18,356.94,825,341,484,2018,2010
AR-503,Arkansas Balance of State  CoC,2019,513.43,368.01,811,266,545,2019,2010
AR-503,Arkansas Balance of State  CoC,2020,523.52,371.93,773,228,545,2020,2020
AR-503,Arkansas Balance of State  CoC,2021,551.95,392.06,1190,662,528,2021,2020
AR-503,Arkansas Balance of State  CoC,2022,599.71,423.73,814,286,528,2022,2020
AR-503,Arkansas Balance of State  CoC,2023,625.46,438.33,871,389,482,2023,2020
AR-503,Arkansas Balance of State  CoC,2024,642.68,447.48,820,338,482,2024,2020
AR-505,Southeast Arkansas CoC,2010,348.93,246.59,51,51,0,2010,2010
AR-505,Southeast Arkansas CoC,2011,359.6,251.95,94,94,0,2011,2010
AR-505,Southeast Arkansas CoC,2012,376.15,269.67,64,64,0,2012,2010
AR-505,Southeast Arkansas CoC,2013,383.09,280.88,64,63,1,2013,2010
AR-505,Southeast Arkansas CoC,2014,399.12,299.58,70,70,0,2014,2010
AR-505,Southeast Arkansas CoC,2015,401.05,302.76,72,71,1,2015,2010
AR-505,Southeast Arkansas CoC,2016,416.13,306.63,89,78,11,2016,2010
AR-505,Southeast Arkansas CoC,2017,425.1,307.76,88,88,0,2017,2010
AR-505,Southeast Arkansas CoC,2018,437.55,308.3,101,95,6,2018,2010
AR-505,Southeast Arkansas CoC,2019,449.35,306.99,75,75,0,2019,2010
AR-505,Southeast Arkansas CoC,2020,466.71,312.68,55,55,0,2020,2020
AR-505,Southeast Arkansas CoC,2021,478.68,318.09,67,67,0,2021,2020
AR-505,Southeast Arkansas CoC,2022,519.25,348.46,69,61,8,2022,2020
AR-505,Southeast Arkansas CoC,2023,531.62,361.95,86,77,9,2023,2020
AR-505,Southeast Arkansas CoC,2024,550.09,376.66,102,70,32,2024,2020
AR-508,Fort Smith CoC,2010,415.44,319.94,,,,2010,2010
AR-508,Fort Smith CoC,2011,421.08,319.54,,,,2011,2010
AR-508,Fort Smith CoC,2012,436.93,326.76,,,,2012,2010
AR-508,Fort Smith CoC,2013,441.67,332.94,,,,2013,2010
AR-508,Fort Smith CoC,2014,452.21,342.69,185,113,72,2014,2010
AR-508,Fort Smith CoC,2015,463.14,347.79,179,87,92,2015,2010
AR-508,Fort Smith CoC,2016,471.99,356.67,166,111,55,2016,2010
AR-508,Fort Smith CoC,2017,480.53,363.35,168,80,88,2017,2010
AR-508,Fort Smith CoC,2018,497.66,378.7,231,165,66,2018,2010
AR-508,Fort Smith CoC,2019,510.56,401.92,247,187,60,2019,2010
AR-508,Fort Smith CoC,2020,519.63,415.09,,,,2020,2020
AR-508,Fort Smith CoC,2021,543.28,425.76,324,183,141,2021,2020
AR-508,Fort Smith CoC,2022,601.06,475.6,374,210,164,2022,2020
AR-508,Fort Smith CoC,2023,613.64,488.71,443,267,176,2023,2020
AR-508,Fort Smith CoC,2024,640.68,490.4,433,270,163,2024,2020
AZ-500,Arizona Balance of State CoC,2010,637.76,435.41,3069,1005,2064,2010,2010
AZ-500,Arizona Balance of State CoC,2011,661.0,453.31,2047,1318,729,2011,2010
AZ-500,Arizona Balance of State CoC,2012,664.87,464.88,2451,1722,729,2012,2010
AZ-500,Arizona Balance of State CoC,2013,674.08,470.19,2435,1386,1049,2013,2010
AZ-500,Arizona Balance of State CoC,2014,676.47,475.59,2398,1349,1049,2014,2010
AZ-500,Arizona Balance of State CoC,2015,682.52,476.8,2402,1097,1305,2015,2010
AZ-500,Arizona Balance of State CoC,2016,691.69,481.41,2240,1023,1217,2016,2010
AZ-500,Arizona Balance of State CoC,2017,702.19,494.19,1768,1046,722,2017,2010
AZ-500,Arizona Balance of State CoC,2018,721.9,504.26,2187,1102,1085,2018,2010
AZ-500,Arizona Balance of State CoC,2019,739.9,508.59,2021,1038,983,2019,2010
AZ-500,Arizona Balance of State CoC,2020,761.24,512.71,2236,1061,1175,2020,2020
AZ-500,Arizona Balance of State CoC,2021,818.71,539.62,989,989,0,2021,2020
AZ-500,Arizona Balance of State CoC,2022,902.47,578.93,2300,951,1349,2022,2020
AZ-500,Arizona Balance of State CoC,2023,969.95,598.15,2386,1180,1206,2023,2020
AZ-500,Arizona Balance of State CoC,2024,1032.66,624.88,3160,1226,1934,2024,2020
AZ-501,Tucson/Pima County CoC,2010,662.63,484.11,3643,1939,1704,2010,2010
AZ-501,Tucson/Pima County CoC,2011,678.67,500.29,2626,1902,724,2011,2010
AZ-501,Tucson/Pima County CoC,2012,686.3,509.82,2366,1757,609,2012,2010
AZ-501,Tucson/Pima County CoC,2013,695.09,512.97,2238,1737,501,2013,2010
AZ-501,Tucson/Pima County CoC,2014,703.78,520.52,2179,1712,467,2014,2010
AZ-501,Tucson/Pima County CoC,2015,708.23,523.17,1863,1500,363,2015,2010
AZ-501,Tucson/Pima County CoC,2016,721.46,530.81,1765,1384,381,2016,2010
AZ-501,Tucson/Pima County CoC,2017,738.01,542.97,1574,1189,385,2017,2010
AZ-501,Tucson/Pima County CoC,2018,757.99,561.22,1380,1017,363,2018,2010
AZ-501,Tucson/Pima County CoC,2019,776.61,581.01,1372,1011,361,2019,2010
AZ-501,Tucson/Pima County CoC,2020,800.91,595.12,1324,745,579,2020,2020
AZ-501,Tucson/Pima County CoC,2021,844.55,624.29,821,821,0,2021,2020
AZ-501,Tucson/Pima County CoC,2022,926.53,686.0,2227,578,1649,2022,2020
AZ-501,Tucson/Pima County CoC,2023,1001.39,737.22,2209,708,1501,2023,2020
AZ-501,Tucson/Pima County CoC,2024,1075.25,775.27,2142,861,1281,2024,2020
AZ-502,"Phoenix, Mesa/Maricopa County CoC",2010,810.11,612.25,6999,4270,2729,2010,2010
AZ-502,"Phoenix, Mesa/Maricopa County CoC",2011,820.78,617.79,5831,4082,1749,2011,2010
AZ-502,"Phoenix, Mesa/Maricopa County CoC",2012,822.45,615.78,6485,4736,1749,2012,2010
AZ-502,"Phoenix, Mesa/Maricopa County CoC",2013,818.67,614.12,5889,4308,1581,2013,2010
AZ-502,"Phoenix, Mesa/Maricopa County CoC",2014,825.78,616.86,5918,4865,1053,2014,2010
AZ-502,"Phoenix, Mesa/Maricopa County CoC",2015,835.27,622.32,5631,4342,1289,2015,2010
AZ-502,"Phoenix, Mesa/Maricopa County CoC",2016,861.46,639.96,5702,4056,1646,2016,2010
AZ-502,"Phoenix, Mesa/Maricopa County CoC",2017,895.36,667.85,5605,3546,2059,2017,2010
AZ-502,"Phoenix, Mesa/Maricopa County CoC",2018,938.54,701.89,6298,3680,2618,2018,2010
AZ-502,"Phoenix, Mesa/Maricopa County CoC",2019,989.89,741.05,6614,3426,3188,2019,2010
AZ-502,"Phoenix, Mesa/Maricopa County CoC",2020,1052.15,789.46,7419,3652,3767,2020,2020
AZ-502,"Phoenix, Mesa/Maricopa County CoC",2021,1144.33,853.24,3650,3650,0,2021,2020
AZ-502,"Phoenix, Mesa/Maricopa County CoC",2022,1289.05,961.29,9026,3997,5029,2022,2020
AZ-502,"Phoenix, Mesa/Maricopa County CoC",2023,1423.21,1058.61,9642,4734,4908,2023,2020
AZ-502,"Phoenix, Mesa/Maricopa County CoC",2024,1535.63,1141.74,9435,5359,4076,2024,2020
CA-500,San Jose/Santa Clara City & County CoC,2010,1341.06,999.5,7086,2103,4983,2010,2010
CA-500,San Jose/Santa Clara City & County CoC,2011,1396.46,1036.36,7067,1898,5169,2011,2010
CA-500,San Jose/Santa Clara City & County CoC,2012,1445.45,1080.1,7053,1884,5169,2012,2010
CA-500,San Jose/Santa Clara City & County CoC,2013,1487.9,1109.1,7631,1957,5674,2013,2010
CA-500,San Jose/Santa Clara City & County CoC,2014,1543.21,1151.96,7567,1893,5674,2014,2010
CA-500,San Jose/Santa Clara City & County CoC,2015,1640.24,1191.02,6556,1929,4627,2015,2010
CA-500,San Jose/Santa Clara City & County CoC,2016,1746.7,1265.51,6524,1897,4627,2016,2010
CA-500,San Jose/Santa Clara City & County CoC,2017,1884.98,1343.14,7394,1946,5448,2017,2010
CA-500,San Jose/Santa Clara City & County CoC,2018,2036.64,1452.29,7254,1806,5448,2018,2010
CA-500,San Jose/Santa Clara City & County CoC,2019,2168.19,1556.63,9706,1784,7922,2019,2010
CA-500,San Jose/Santa Clara City & County CoC,2020,2269.59,1644.05,9605,1683,7922,2020,2020
CA-500,San Jose/Santa Clara City & County CoC,2021,2397.18,1731.02,2301,2301,0,2021,2020
CA-500,San Jose/Santa Clara City & County CoC,2022,2566.75,1887.7,10028,2320,7708,2022,2020
CA-500,San Jose/Santa Clara City & County CoC,2023,2645.81,1975.86,9903,2502,7401,2023,2020
CA-500,San Jose/Santa Clara City & County CoC,2024,2686.96,2020.08,10394,2993,7401,2024,2020
CA-501,San Francisco CoC,2010,1269.25,798.62,5823,2881,2942,2010,2010
CA-501,San Francisco CoC,2011,1321.48,828.75,5669,2298,3371,2011,2010
CA-501,San Francisco CoC,2012,1373.36,848.48,5895,2524,3371,2012,2010
CA-501,San Francisco CoC,2013,1413.78,870.4,7008,2693,4315,2013,2010
CA-501,San Francisco CoC,2014,1444.17,886.94,6408,2093,4315,2014,2010
CA-501,San Francisco CoC,2015,1499.09,892.03,6775,2417,4358,2015,2010
CA-501,San Francisco CoC,2016,1559.67,915.81,6996,2638,4358,2016,2010
CA-501,San Francisco CoC,2017,1627.59,942.41,6858,2505,4353,2017,2010
CA-501,San Francisco CoC,2018,1721.68,987.21,6857,2504,4353,2018,2010
CA-501,San Francisco CoC,2019,1801.39,1013.14,8035,2855,5180,2019,2010
CA-501,San Francisco CoC,2020,1943.29,1070.96,8124,2944,5180,2020,2020
CA-501,San Francisco CoC,2021,2057.68,1151.11,4000,4000,0,2021,2020
CA-501,San Francisco CoC,2022,2215.96,1260.51,7754,3357,4397,2022,2020
CA-501,San Francisco CoC,2023,2306.8,1315.19,7582,3185,4397,2023,2020
CA-501,San Francisco CoC,2024,2377.84,1367.41,8323,3969,4354,2024,2020
CA-502,"Oakland, Berkeley/Alameda County CoC",2010,1117.92,833.27,4341,2378,1963,2010,2010
CA-502,"Oakland, Berkeley/Alameda County CoC",2011,1159.57,861.36,4178,1966,2212,2011,2010
CA-502,"Oakland, Berkeley/Alameda County CoC",2012,1192.63,883.88,4257,2045,2212,2012,2010
CA-502,"Oakland, Berkeley/Alameda County CoC",2013,1213.15,895.95,4264,1927,2337,2013,2010
CA-502,"Oakland, Berkeley/Alameda County CoC",2014,1253.1,911.18,4272,1935,2337,2014,2010
CA-502,"Oakland, Berkeley/Alameda County CoC",2015,1298.7,933.68,4040,1643,2397,2015,2010
CA-502,"Oakland, Berkeley/Alameda County CoC",2016,1362.13,966.24,4145,1748,2397,2016,2010
CA-502,"Oakland, Berkeley/Alameda County CoC",2017,1464.01,1025.67,5629,1766,3863,2017,2010
CA-502,"Oakland, Berkeley/Alameda County CoC",2018,1579.64,1092.89,5496,1633,3863,2018,2010
CA-502,"Oakland, Berkeley/Alameda County CoC",2019,1696.91,1156.75,8022,1710,6312,2019,2010
CA-502,"Oakland, Berkeley/Alameda County CoC",2020,1799.64,1220.38,8137,1825,6312,2020,2020
CA-502,"Oakland, Berkeley/Alameda County CoC",2021,1913.49,1309.42,2546,2546,0,2021,2020
CA-502,"Oakland, Berkeley/Alameda County CoC",2022,2069.95,1424.78,9747,2612,7135,2022,2020
CA-502,"Oakland, Berkeley/Alameda County CoC",2023,2148.61,1486.56,9759,2624,7135,2023,2020
CA-502,"Oakland, Berkeley/Alameda County CoC",2024,2203.69,1536.85,9450,3107,6343,2024,2020
CA-503,Sacramento City & County CoC,2010,900.01,704.36,2734,1540,1194,2010,2010
CA-503,Sacramento City & County CoC,2011,918.15,714.66,2376,1421,955,2011,2010
CA-503,Sacramento City & County CoC,2012,928.71,714.2,2812,1857,955,2012,2010
CA-503,Sacramento City & County CoC,2013,935.95,718.67,2538,1752,786,2013,2010
CA-503,Sacramento City & County CoC,2014,940.25,722.41,2449,1663,786,2014,2010
CA-503,Sacramento City & County CoC,2015,946.81,720.65,2659,1711,948,2015,2010
CA-503,Sacramento City & County CoC,2016,964.93,735.6,2500,1552,948,2016,2010
CA-503,Sacramento City & County CoC,2017,1006.42,767.34,3665,1613,2052,2017,2010
CA-503,Sacramento City & County CoC,2018,1067.26,802.4,3621,1569,2052,2018,2010
CA-503,Sacramento City & County CoC,2019,1133.1,854.8,5561,1661,3900,2019,2010
CA-503,Sacramento City & County CoC,2020,1199.42,906.5,5511,1611,3900,2020,2020
CA-503,Sacramento City & County CoC,2021,1294.18,984.0,1885,1885,0,2021,2020
CA-503,Sacramento City & County CoC,2022,1434.7,1076.24,9278,2614,6664,2022,2020
CA-503,Sacramento City & County CoC,2023,1531.22,1142.84,9281,2617,6664,2023,2020
CA-503,Sacramento City & County CoC,2024,1611.21,1212.38,6615,2671,3944,2024,2020
CA-504,"Santa Rosa, Petaluma/Sonoma County CoC",2010,1118.07,848.59,3345,1123,2222,2010,2010
CA-504,"Santa Rosa, Petaluma/Sonoma County CoC",2011,1148.32,864.07,4541,1175,3366,2011,2010
CA-504,"Santa Rosa, Petaluma/Sonoma County CoC",2012,1165.74,886.62,4483,1117,3366,2012,2010
CA-504,"Santa Rosa, Petaluma/Sonoma County CoC",2013,1179.45,903.84,4280,971,3309,2013,2010
CA-504,"Santa Rosa, Petaluma/Sonoma County CoC",2014,1220.5,925.29,4266,957,3309,2014,2010
CA-504,"Santa Rosa, Petaluma/Sonoma County CoC",2015,1240.95,933.87,3097,1037,2060,2015,2010
CA-504,"Santa Rosa, Petaluma/Sonoma County CoC",2016,1289.5,965.25,2906,1000,1906,2016,2010
CA-504,"Santa Rosa, Petaluma/Sonoma County CoC",2017,1354.81,1003.8,2835,988,1847,2017,2010
CA-504,"Santa Rosa, Petaluma/Sonoma County CoC",2018,1423.98,1057.29,2996,1067,1929,2018,2010
CA-504,"Santa Rosa, Petaluma/Sonoma County CoC",2019,1491.28,1093.59,2951,994,1957,2019,2010
CA-504,"Santa Rosa, Petaluma/Sonoma County CoC",2020,1606.87,1151.33,2745,1043,1702,2020,2020
CA-504,"Santa Rosa, Petaluma/Sonoma County CoC",2021,1706.76,1211.09,787,787,0,2021,2020
CA-504,"Santa Rosa, Petaluma/Sonoma County CoC",2022,1870.51,1325.37,2893,805,2088,2022,2020
CA-504,"Santa Rosa, Petaluma/Sonoma County CoC",2023,1915.29,1370.08,2266,975,1291,2023,2020
CA-504,"Santa Rosa, Petaluma/Sonoma County CoC",2024,1980.2,1411.09,2522,945,1577,2024,2020
CA-505,Contra Costa County CoC,2010,1221.18,897.94,2759,887,1872,2010,2010
CA-505,Contra Costa County CoC,2011,1249.1,919.57,2415,925,1490,2011,2010
CA-505,Contra Costa County CoC,2012,1276.82,939.7,2386,896,1490,2012,2010
CA-505,Contra Costa County CoC,2013,1300.92,948.3,2000,671,1329,2013,2010
CA-505,Contra Costa County CoC,2014,1328.14,972.64,2009,680,1329,2014,2010
CA-505,Contra Costa County CoC,2015,1371.17,982.04,2031,704,1327,2015,2010
CA-505,Contra Costa County CoC,2016,1437.24,1022.36,1730,620,1110,2016,2010
CA-505,Contra Costa County CoC,2017,1510.79,1072.07,1607,696,911,2017,2010
CA-505,Contra Costa County CoC,2018,1608.44,1144.09,2234,697,1537,2018,2010
CA-505,Contra Costa County CoC,2019,1714.09,1219.41,2295,668,1627,2019,2010
CA-505,Contra Costa County CoC,2020,1810.59,1304.12,2277,707,1570,2020,2020
CA-505,Contra Costa County CoC,2021,1920.68,1394.23,820,820,0,2021,2020
CA-505,Contra Costa County CoC,2022,2087.44,1507.55,3093,764,2329,2022,2020
CA-505,Contra Costa County CoC,2023,2154.78,1565.4,2372,719,1653,2023,2020
CA-505,Contra Costa County CoC,2024,2205.33,1618.53,2843,884,1959,2024,2020
CA-506,"Salinas/Monterey, San Benito Counties CoC",2010,1079.85,788.07,2407,779,1628,2010,2010
CA-506,"Salinas/Monterey, San Benito Counties CoC",2011,1108.09,819.6,2699,788,1911,2011,2010
CA-506,"Salinas/Monterey, San Benito Counties CoC",2012,1138.93,840.19,2673,762,1911,2012,2010
CA-506,"Salinas/Monterey, San Benito Counties CoC",2013,1163.01,859.89,2955,749,2206,2013,2010
CA-506,"Salinas/Monterey, San Benito Counties CoC",2014,1181.91,868.4,2962,756,2206,2014,2010
CA-506,"Salinas/Monterey, San Benito Counties CoC",2015,1204.52,870.47,2959,852,2107,2015,2010
CA-506,"Salinas/Monterey, San Benito Counties CoC",2016,1226.23,885.79,3022,915,2107,2016,2010
CA-506,"Salinas/Monterey, San Benito Counties CoC",2017,1279.13,914.48,3364,850,2514,2017,2010
CA-506,"Salinas/Monterey, San Benito Counties CoC",2018,1349.49,953.83,3299,785,2514,2018,2010
CA-506,"Salinas/Monterey, San Benito Counties CoC",2019,1427.38,1003.88,2704,706,1998,2019,2010
CA-506,"Salinas/Monterey, San Benito Counties CoC",2020,1502.33,1044.63,2683,685,1998,2020,2020
CA-506,"Salinas/Monterey, San Benito Counties CoC",2021,1610.47,1148.41,678,678,0,2021,2020
CA-506,"Salinas/Monterey, San Benito Counties CoC",2022,1754.38,1271.48,2404,779,1625,2022,2020
CA-506,"Salinas/Monterey, San Benito Counties CoC",2023,1870.54,1338.35,2212,587,1625,2023,2020
CA-506,"Salinas/Monterey, San Benito Counties CoC",2024,1901.17,1361.03,3057,678,2379,2024,2020
CA-507,Marin County CoC,2010,1455.38,1075.12,1026,597,429,2010,2010
CA-507,Marin County CoC,2011,1493.96,1100.33,862,509,353,2011,2010
CA-507,Marin County CoC,2012,1508.82,1122.0,725,496,229,2012,2010
CA-507,Marin County CoC,2013,1513.73,1120.98,676,505,171,2013,2010
CA-507,Marin County CoC,2014,1556.23,1149.99,679,501,178,2014,2010
CA-507,Marin County CoC,2015,1606.35,1173.65,1318,483,835,2015,2010
CA-507,Marin County CoC,2016,1696.49,1244.76,1258,423,835,2016,2010
CA-507,Marin County CoC,2017,1797.32,1281.08,1117,409,708,2017,2010
CA-507,Marin County CoC,2018,1911.73,1375.06,1095,387,708,2018,2010
CA-507,Marin County CoC,2019,2000.09,1453.11,1034,326,708,2019,2010
CA-507,Marin County CoC,2020,2115.14,1521.31,1032,324,708,2020,2020
CA-507,Marin County CoC,2021,2205.43,1577.52,225,225,0,2021,2020
CA-507,Marin County CoC,2022,2419.45,1687.1,1121,291,830,2022,2020
CA-507,Marin County CoC,2023,2515.23,1742.45,1118,288,830,2023,2020
CA-507,Marin County CoC,2024,2566.8,1787.47,1090,302,788,2024,2020
CA-508,Watsonville/Santa Cruz City & County CoC,2010,1175.23,818.7,2265,729,1536,2010,2010
CA-508,Watsonville/Santa Cruz City & County CoC,2011,1236.3,849.11,2771,646,2125,2011,2010
CA-508,Watsonville/Santa Cruz City & County CoC,2012,1276.18,888.67,2735,610,2125,2012,2010
CA-508,Watsonville/Santa Cruz City & County CoC,2013,1282.03,886.13,3536,641,2895,2013,2010
CA-508,Watsonville/Santa Cruz City & County CoC,2014,1328.53,931.4,3529,634,2895,2014,2010
CA-508,Watsonville/Santa Cruz City & County CoC,2015,1367.5,955.61,1964,610,1354,2015,2010
CA-508,Watsonville/Santa Cruz City & County CoC,2016,1406.08,982.94,1959,605,1354,2016,2010
CA-508,Watsonville/Santa Cruz City & County CoC,2017,1459.89,1001.67,2249,450,1799,2017,2010
CA-508,Watsonville/Santa Cruz City & County CoC,2018,1558.95,1054.49,2320,521,1799,2018,2010
CA-508,Watsonville/Santa Cruz City & County CoC,2019,1623.36,1102.12,2167,467,1700,2019,2010
CA-508,Watsonville/Santa Cruz City & County CoC,2020,1742.72,1186.96,2256,556,1700,2020,2020
CA-508,Watsonville/Santa Cruz City & County CoC,2021,1824.97,1278.96,800,800,0,2021,2020
CA-508,Watsonville/Santa Cruz City & County CoC,2022,1961.79,1344.66,2299,525,1774,2022,2020
CA-508,Watsonville/Santa Cruz City & County CoC,2023,2025.97,1389.91,1804,378,1426,2023,2020
CA-508,Watsonville/Santa Cruz City & County CoC,2024,2087.64,1447.44,1850,365,1485,2024,2020
CA-509,Mendocino County CoC,2010,767.27,540.55,1202,235,967,2010,2010
CA-509,Mendocino County CoC,2011,795.42,553.9,1456,142,1314,2011,2010
CA-509,Mendocino County CoC,2012,813.08,543.84,1441,127,1314,2012,2010
CA-509,Mendocino County CoC,2013,833.92,530.5,1392,174,1218,2013,2010
CA-509,Mendocino County CoC,2014,841.7,530.51,1404,186,1218,2014,2010
CA-509,Mendocino County CoC,2015,841.64,543.01,947,152,795,2015,2010
CA-509,Mendocino County CoC,2016,849.22,551.23,1242,192,1050,2016,2010
CA-509,Mendocino County CoC,2017,902.53,600.87,1238,160,1078,2017,2010
CA-509,Mendocino County CoC,2018,931.65,649.52,880,157,723,2018,2010
CA-509,Mendocino County CoC,2019,971.41,703.94,785,247,538,2019,2010
CA-509,Mendocino County CoC,2020,965.5,676.1,751,176,575,2020,2020
CA-509,Mendocino County CoC,2021,1014.98,673.4,318,318,0,2021,2020
CA-509,Mendocino County CoC,2022,1065.12,693.05,830,270,560,2022,2020
CA-509,Mendocino County CoC,2023,1128.77,738.26,633,223,410,2023,2020
CA-509,Mendocino County CoC,2024,1129.8,713.9,774,222,552,2024,2020
CA-510,"Turlock, Modesto/Stanislaus County CoC",2010,804.08,620.61,1800,801,999,2010,2010
CA-510,"Turlock, Modesto/Stanislaus County CoC",2011,827.58,642.2,1434,643,791,2011,2010
CA-510,"Turlock, Modesto/Stanislaus County CoC",2012,837.84,645.36,1470,679,791,2012,2010
CA-510,"Turlock, Modesto/Stanislaus County CoC",2013,841.25,659.41,1201,556,645,2013,2010
CA-510,"Turlock, Modesto/Stanislaus County CoC",2014,842.93,657.69,1156,713,443,2014,2010
CA-510,"Turlock, Modesto/Stanislaus County CoC",2015,838.41,656.85,1408,725,683,2015,2010
CA-510,"Turlock, Modesto/Stanislaus County CoC",2016,851.39,666.95,1434,704,730,2016,2010
CA-510,"Turlock, Modesto/Stanislaus County CoC",2017,886.01,690.46,1661,840,821,2017,2010
CA-510,"Turlock, Modesto/Stanislaus County CoC",2018,936.64,712.07,1356,750,606,2018,2010
CA-510,"Turlock, Modesto/Stanislaus County CoC",2019,992.66,762.57,1923,835,1088,2019,2010
CA-510,"Turlock, Modesto/Stanislaus County CoC",2020,1040.56,783.5,2107,1020,1087,2020,2020
CA-510,"Turlock, Modesto/Stanislaus County CoC",2021,1112.24,841.22,2927,726,2201,2021,2020
CA-510,"Turlock, Modesto/Stanislaus County CoC",2022,1218.15,912.8,1857,911,946,2022,2020
CA-510,"Turlock, Modesto/Stanislaus County CoC",2023,1281.77,953.1,2091,1142,949,2023,2020
CA-510,"Turlock, Modesto/Stanislaus County CoC",2024,1362.84,987.44,2052,1072,980,2024,2020
CA-511,Stockton/San Joaquin County CoC,2010,870.4,644.59,3005,2840,165,2010,2010
CA-511,Stockton/San Joaquin County CoC,2011,896.12,658.26,2540,2293,247,2011,2010
CA-511,Stockton/San Joaquin County CoC,2012,911.18,660.85,1569,1322,247,2012,2010
CA-511,Stockton/San Joaquin County CoC,2013,920.59,671.23,1541,1278,263,2013,2010
CA-511,Stockton/San Joaquin County CoC,2014,923.47,676.78,1588,1325,263,2014,2010
CA-511,Stockton/San Joaquin County CoC,2015,925.15,668.58,1708,1173,535,2015,2010
CA-511,Stockton/San Joaquin County CoC,2016,948.08,683.1,1780,1245,535,2016,2010
CA-511,Stockton/San Joaquin County CoC,2017,979.72,703.13,1542,975,567,2017,2010
CA-511,Stockton/San Joaquin County CoC,2018,1037.21,729.93,1685,1118,567,2018,2010
CA-511,Stockton/San Joaquin County CoC,2019,1088.31,764.45,2631,1073,1558,2019,2010
CA-511,Stockton/San Joaquin County CoC,2020,1149.23,802.11,2677,1119,1558,2020,2020
CA-511,Stockton/San Joaquin County CoC,2021,1224.02,849.35,885,885,0,2021,2020
CA-511,Stockton/San Joaquin County CoC,2022,1348.59,946.04,2319,964,1355,2022,2020
CA-511,Stockton/San Joaquin County CoC,2023,1423.65,995.14,2454,1099,1355,2023,2020
CA-511,Stockton/San Joaquin County CoC,2024,1499.5,1033.53,4732,1263,3469,2024,2020
CA-512,Daly City/San Mateo County CoC,2010,1396.19,1068.71,1424,621,803,2010,2010
CA-512,Daly City/San Mateo County CoC,2011,1449.18,1107.52,1926,764,1162,2011,2010
CA-512,Daly City/San Mateo County CoC,2012,1475.59,1141.02,1845,683,1162,2012,2010
CA-512,Daly City/San Mateo County CoC,2013,1521.68,1163.55,1995,696,1299,2013,2010
CA-512,Daly City/San Mateo County CoC,2014,1565.1,1202.76,2024,725,1299,2014,2010
CA-512,Daly City/San Mateo County CoC,2015,1661.65,1236.65,1483,708,775,2015,2010
CA-512,Daly City/San Mateo County CoC,2016,1764.2,1309.55,1361,586,775,2016,2010
CA-512,Daly City/San Mateo County CoC,2017,1912.5,1398.58,1253,616,637,2017,2010
CA-512,Daly City/San Mateo County CoC,2018,2077.18,1515.68,1238,601,637,2018,2010
CA-512,Daly City/San Mateo County CoC,2019,2234.24,1622.29,1512,611,901,2019,2010
CA-512,Daly City/San Mateo County CoC,2020,2372.13,1710.26,1572,671,901,2020,2020
CA-512,Daly City/San Mateo County CoC,2021,2494.73,1817.42,621,621,0,2021,2020
CA-512,Daly City/San Mateo County CoC,2022,2688.36,2013.85,1808,716,1092,2022,2020
CA-512,Daly City/San Mateo County CoC,2023,2729.52,2057.28,1859,767,1092,2023,2020
CA-512,Daly City/San Mateo County CoC,2024,2739.64,2084.13,2130,985,1145,2024,2020
CA-513,"Visalia/Kings, Tulare Counties CoC",2010,661.62,463.42,966,406,560,2010,2010
CA-513,"Visalia/Kings, Tulare Counties CoC",2011,691.29,485.89,804,457,347,2011,2010
CA-513,"Visalia/Kings, Tulare Counties CoC",2012,704.88,508.13,771,416,355,2012,2010
CA-513,"Visalia/Kings, Tulare Counties CoC",2013,710.05,512.81,705,409,296,2013,2010
CA-513,"Visalia/Kings, Tulare Counties CoC",2014,715.22,521.1,763,386,377,2014,2010
CA-513,"Visalia/Kings, Tulare Counties CoC",2015,722.91,527.26,862,417,445,2015,2010
CA-513,"Visalia/Kings, Tulare Counties CoC",2016,728.27,533.07,792,326,466,2016,2010
CA-513,"Visalia/Kings, Tulare Counties CoC",2017,745.32,543.85,853,354,499,2017,2010
CA-513,"Visalia/Kings, Tulare Counties CoC",2018,778.81,561.91,967,315,652,2018,2010
CA-513,"Visalia/Kings, Tulare Counties CoC",2019,804.24,580.97,1064,289,775,2019,2010
CA-513,"Visalia/Kings, Tulare Counties CoC",2020,823.95,602.99,1297,360,937,2020,2020
CA-513,"Visalia/Kings, Tulare Counties CoC",2021,868.74,631.72,494,494,0,2021,2020
CA-513,"Visalia/Kings, Tulare Counties CoC",2022,948.39,688.42,1235,412,823,2022,2020
CA-513,"Visalia/Kings, Tulare Counties CoC",2023,992.49,718.29,1470,381,1089,2023,2020
CA-513,"Visalia/Kings, Tulare Counties CoC",2024,1040.77,745.44,1672,331,1341,2024,2020
CA-514,Fresno City & County/Madera County CoC,2010,718.8,525.74,4288,1831,2457,2010,2010
CA-514,Fresno City & County/Madera County CoC,2011,744.49,546.57,5135,1313,3822,2011,2010
CA-514,Fresno City & County/Madera County CoC,2012,758.25,561.64,4492,670,3822,2012,2010
CA-514,Fresno City & County/Madera County CoC,2013,773.15,575.13,3131,594,2537,2013,2010
CA-514,Fresno City & County/Madera County CoC,2014,784.15,584.2,2592,709,1883,2014,2010
CA-514,Fresno City & County/Madera County CoC,2015,783.75,591.24,1722,539,1183,2015,2010
CA-514,Fresno City & County/Madera County CoC,2016,797.03,601.8,1883,452,1431,2016,2010
CA-514,Fresno City & County/Madera County CoC,2017,815.79,612.42,2016,487,1529,2017,2010
CA-514,Fresno City & County/Madera County CoC,2018,835.92,627.76,2144,463,1681,2018,2010
CA-514,Fresno City & County/Madera County CoC,2019,861.06,638.54,2508,439,2069,2019,2010
CA-514,Fresno City & County/Madera County CoC,2020,889.44,650.94,3641,960,2681,2020,2020
CA-514,Fresno City & County/Madera County CoC,2021,935.0,684.54,999,999,0,2021,2020
CA-514,Fresno City & County/Madera County CoC,2022,1031.79,747.11,4216,1878,2338,2022,2020
CA-514,Fresno City & County/Madera County CoC,2023,1105.11,801.2,4493,1735,2758,2023,2020
CA-514,Fresno City & County/Madera County CoC,2024,1167.59,839.23,4305,1547,2758,2024,2020
CA-515,"Roseville, Rocklin/Placer County CoC",2010,1045.54,805.39,1054,572,482,2010,2010
CA-515,"Roseville, Rocklin/Placer County CoC",2011,1095.56,809.09,821,466,355,2011,2010
CA-515,"Roseville, Rocklin/Placer County CoC",2012,1105.67,824.8,742,387,355,2012,2010
CA-515,"Roseville, Rocklin/Placer County CoC",2013,1129.67,835.95,908,385,523,2013,2010
CA-515,"Roseville, Rocklin/Placer County CoC",2014,1141.87,845.38,762,239,523,2014,2010
CA-515,"Roseville, Rocklin/Placer County CoC",2015,1158.26,858.05,796,297,499,2015,2010
CA-515,"Roseville, Rocklin/Placer County CoC",2016,1190.45,873.69,1021,522,499,2016,2010
CA-515,"Roseville, Rocklin/Placer County CoC",2017,1251.37,894.93,979,521,458,2017,2010
CA-515,"Roseville, Rocklin/Placer County CoC",2018,1318.67,944.76,950,492,458,2018,2010
CA-515,"Roseville, Rocklin/Placer County CoC",2019,1389.72,1002.49,617,321,296,2019,2010
CA-515,"Roseville, Rocklin/Placer County CoC",2020,1434.57,1059.44,744,339,405,2020,2020
CA-515,"Roseville, Rocklin/Placer County CoC",2021,1533.03,1129.86,708,357,351,2021,2020
CA-515,"Roseville, Rocklin/Placer County CoC",2022,1679.24,1229.31,750,342,408,2022,2020
CA-515,"Roseville, Rocklin/Placer County CoC",2023,1766.61,1283.29,709,302,407,2023,2020
CA-515,"Roseville, Rocklin/Placer County CoC",2024,1828.51,1328.68,702,336,366,2024,2020
CA-516,"Redding/Shasta, Siskiyou, Lassen, Plumas, Del Norte, Modoc, Sierra Counties CoC",2010,665.85,476.77,336,215,121,2010,2010
CA-516,"Redding/Shasta, Siskiyou, Lassen, Plumas, Del Norte, Modoc, Sierra Counties CoC",2011,687.35,489.04,527,356,171,2011,2010
CA-516,"Redding/Shasta, Siskiyou, Lassen, Plumas, Del Norte, Modoc, Sierra Counties CoC",2012,709.94,514.2,524,342,182,2012,2010
CA-516,"Redding/Shasta, Siskiyou, Lassen, Plumas, Del Norte, Modoc, Sierra Counties CoC",2013,710.22,510.67,851,504,347,2013,2010
CA-516,"Redding/Shasta, Siskiyou, Lassen, Plumas, Del Norte, Modoc, Sierra Counties CoC",2014,717.17,518.8,630,548,82,2014,2010
CA-516,"Redding/Shasta, Siskiyou, Lassen, Plumas, Del Norte, Modoc, Sierra Counties CoC",2015,714.5,522.88,591,244,347,2015,2010
CA-516,"Redding/Shasta, Siskiyou, Lassen, Plumas, Del Norte, Modoc, Sierra Counties CoC",2016,730.44,533.37,1272,312,960,2016,2010
CA-516,"Redding/Shasta, Siskiyou, Lassen, Plumas, Del Norte, Modoc, Sierra Counties CoC",2017,742.76,542.14,934,530,404,2017,2010
CA-516,"Redding/Shasta, Siskiyou, Lassen, Plumas, Del Norte, Modoc, Sierra Counties CoC",2018,770.14,559.72,1149,459,690,2018,2010
CA-516,"Redding/Shasta, Siskiyou, Lassen, Plumas, Del Norte, Modoc, Sierra Counties CoC",2019,798.15,580.48,1349,543,806,2019,2010
CA-516,"Redding/Shasta, Siskiyou, Lassen, Plumas, Del Norte, Modoc, Sierra Counties CoC",2020,819.73,596.85,1529,506,1023,2020,2020
CA-516,"Redding/Shasta, Siskiyou, Lassen, Plumas, Del Norte, Modoc, Sierra Counties CoC",2021,867.69,619.83,792,792,0,2021,2020
CA-516,"Redding/Shasta, Siskiyou, Lassen, Plumas, Del Norte, Modoc, Sierra Counties CoC",2022,934.03,668.79,1837,741,1096,2022,2020
CA-516,"Redding/Shasta, Siskiyou, Lassen, Plumas, Del Norte, Modoc, Sierra Counties CoC",2023,980.39,697.47,2521,1087,1434,2023,2020
CA-516,"Redding/Shasta, Siskiyou, Lassen, Plumas, Del Norte, Modoc, Sierra Counties CoC",2024,1030.31,688.2,2404,970,1434,2024,2020
CA-517,Napa City & County CoC,2010,1128.82,815.19,314,186,128,2010,2010
CA-517,Napa City & County CoC,2011,1185.46,859.1,230,138,92,2011,2010
CA-517,Napa City & County CoC,2012,1223.4,892.24,248,156,92,2012,2010
CA-517,Napa City & County CoC,2013,1249.95,931.21,245,177,68,2013,2010
CA-517,Napa City & County CoC,2014,1280.04,935.06,285,194,91,2014,2010
CA-517,Napa City & County CoC,2015,1321.69,954.54,293,179,114,2015,2010
CA-517,Napa City & County CoC,2016,1355.74,996.62,317,199,118,2016,2010
CA-517,Napa City & County CoC,2017,1421.28,1023.01,315,199,116,2017,2010
CA-517,Napa City & County CoC,2018,1499.34,1084.6,322,168,154,2018,2010
CA-517,Napa City & County CoC,2019,1567.35,1119.44,322,172,150,2019,2010
CA-517,Napa City & County CoC,2020,1623.39,1150.46,464,161,303,2020,2020
CA-517,Napa City & County CoC,2021,1686.45,1214.46,200,200,0,2021,2020
CA-517,Napa City & County CoC,2022,1859.05,1344.66,495,129,366,2022,2020
CA-517,Napa City & County CoC,2023,1983.58,1365.88,506,157,349,2023,2020
CA-517,Napa City & County CoC,2024,2006.53,1416.61,414,211,203,2024,2020
CA-518,Vallejo/Solano County CoC,2010,1103.97,837.9,829,403,426,2010,2010
CA-518,Vallejo/Solano County CoC,2011,1139.59,853.15,569,334,235,2011,2010
CA-518,Vallejo/Solano County CoC,2012,1159.55,875.29,622,387,235,2012,2010
CA-518,Vallejo/Solano County CoC,2013,1168.64,888.8,1329,440,889,2013,2010
CA-518,Vallejo/Solano County CoC,2014,1180.73,897.25,1295,406,889,2014,2010
CA-518,Vallejo/Solano County CoC,2015,1192.0,894.71,1082,287,795,2015,2010
CA-518,Vallejo/Solano County CoC,2016,1231.38,919.09,1118,323,795,2016,2010
CA-518,Vallejo/Solano County CoC,2017,1287.67,949.11,1232,315,917,2017,2010
CA-518,Vallejo/Solano County CoC,2018,1359.45,991.02,1129,212,917,2018,2010
CA-518,Vallejo/Solano County CoC,2019,1435.48,1036.84,1151,219,932,2019,2010
CA-518,Vallejo/Solano County CoC,2020,1518.96,1096.76,1162,230,932,2020,2020
CA-518,Vallejo/Solano County CoC,2021,1617.76,1171.15,397,397,0,2021,2020
CA-518,Vallejo/Solano County CoC,2022,1787.68,1288.81,1179,259,920,2022,2020
CA-518,Vallejo/Solano County CoC,2023,1867.9,1374.57,1200,280,920,2023,2020
CA-518,Vallejo/Solano County CoC,2024,1919.57,1440.42,1725,289,1436,2024,2020
CA-519,"Chico, Paradise/Butte County CoC",2010,759.03,556.73,742,347,395,2010,2010
CA-519,"Chico, Paradise/Butte County CoC",2011,778.12,569.27,897,357,540,2011,2010
CA-519,"Chico, Paradise/Butte County CoC",2012,785.85,582.78,897,357,540,2012,2010
CA-519,"Chico, Paradise/Butte County CoC",2013,804.46,607.2,712,289,423,2013,2010
CA-519,"Chico, Paradise/Butte County CoC",2014,803.51,615.29,696,273,423,2014,2010
CA-519,"Chico, Paradise/Butte County CoC",2015,807.72,618.58,571,286,285,2015,2010
CA-519,"Chico, Paradise/Butte County CoC",2016,837.46,632.85,574,289,285,2016,2010
CA-519,"Chico, Paradise/Butte County CoC",2017,863.79,653.98,1195,450,745,2017,2010
CA-519,"Chico, Paradise/Butte County CoC",2018,896.53,669.73,1125,380,745,2018,2010
CA-519,"Chico, Paradise/Butte County CoC",2019,925.58,693.67,1266,428,838,2019,2010
CA-519,"Chico, Paradise/Butte County CoC",2020,955.59,712.06,1274,436,838,2020,2020
CA-519,"Chico, Paradise/Butte County CoC",2021,1024.75,760.67,499,499,0,2021,2020
CA-519,"Chico, Paradise/Butte County CoC",2022,1122.93,833.38,1006,418,588,2022,2020
CA-519,"Chico, Paradise/Butte County CoC",2023,1184.19,876.68,1237,657,580,2023,2020
CA-519,"Chico, Paradise/Butte County CoC",2024,1239.45,909.94,1381,801,580,2024,2020
CA-520,Merced City & County CoC,2010,696.26,508.9,372,148,224,2010,2010
CA-520,Merced City & County CoC,2011,710.68,515.36,486,187,299,2011,2010
CA-520,Merced City & County CoC,2012,715.43,527.16,502,164,338,2012,2010
CA-520,Merced City & County CoC,2013,743.66,540.79,372,117,255,2013,2010
CA-520,Merced City & County CoC,2014,747.2,543.79,768,159,609,2014,2010
CA-520,Merced City & County CoC,2015,744.1,547.45,898,155,743,2015,2010
CA-520,Merced City & County CoC,2016,759.75,561.33,516,160,356,2016,2010
CA-520,Merced City & County CoC,2017,792.91,588.74,454,156,298,2017,2010
CA-520,Merced City & County CoC,2018,817.98,604.07,514,202,312,2018,2010
CA-520,Merced City & County CoC,2019,855.24,618.79,608,320,288,2019,2010
CA-520,Merced City & County CoC,2020,889.54,642.16,636,323,313,2020,2020
CA-520,Merced City & County CoC,2021,952.5,681.96,835,380,455,2021,2020
CA-520,Merced City & County CoC,2022,1034.0,726.74,855,487,368,2022,2020
CA-520,Merced City & County CoC,2023,1086.97,769.69,784,394,390,2023,2020
CA-520,Merced City & County CoC,2024,1123.44,821.41,837,409,428,2024,2020
CA-521,"Davis, Woodland/Yolo County CoC",2010,994.32,697.84,491,202,289,2010,2010
CA-521,"Davis, Woodland/Yolo County CoC",2011,1032.69,725.59,468,205,263,2011,2010
CA-521,"Davis, Woodland/Yolo County CoC",2012,1023.48,720.94,513,250,263,2012,2010
CA-521,"Davis, Woodland/Yolo County CoC",2013,1025.15,724.89,474,276,198,2013,2010
CA-521,"Davis, Woodland/Yolo County CoC",2014,1032.89,737.72,442,244,198,2014,2010
CA-521,"Davis, Woodland/Yolo County CoC",2015,1036.07,734.38,498,305,193,2015,2010
CA-521,"Davis, Woodland/Yolo County CoC",2016,1071.51,757.5,532,339,193,2016,2010
CA-521,"Davis, Woodland/Yolo County CoC",2017,1114.5,782.51,459,250,209,2017,2010
CA-521,"Davis, Woodland/Yolo County CoC",2018,1176.84,826.24,448,239,209,2018,2010
CA-521,"Davis, Woodland/Yolo County CoC",2019,1220.59,862.22,655,258,397,2019,2010
CA-521,"Davis, Woodland/Yolo County CoC",2020,1272.59,878.08,641,244,397,2020,2020
CA-521,"Davis, Woodland/Yolo County CoC",2021,1361.84,938.74,373,373,0,2021,2020
CA-521,"Davis, Woodland/Yolo County CoC",2022,1538.32,1047.61,746,368,378,2022,2020
CA-521,"Davis, Woodland/Yolo County CoC",2023,1623.19,1115.27,737,359,378,2023,2020
CA-521,"Davis, Woodland/Yolo County CoC",2024,1680.92,1171.89,942,309,633,2024,2020
CA-522,Humboldt County CoC,2010,730.73,541.16,1355,355,1000,2010,2010
CA-522,Humboldt County CoC,2011,753.38,556.87,861,407,454,2011,2010
CA-522,Humboldt County CoC,2012,759.82,568.38,846,392,454,2012,2010
CA-522,Humboldt County CoC,2013,784.57,597.2,864,180,684,2013,2010
CA-522,Humboldt County CoC,2014,789.56,604.56,932,248,684,2014,2010
CA-522,Humboldt County CoC,2015,799.64,612.74,1180,244,936,2015,2010
CA-522,Humboldt County CoC,2016,808.72,616.8,1134,198,936,2016,2010
CA-522,Humboldt County CoC,2017,831.26,634.83,759,325,434,2017,2010
CA-522,Humboldt County CoC,2018,846.46,650.55,703,269,434,2018,2010
CA-522,Humboldt County CoC,2019,890.97,689.14,1702,300,1402,2019,2010
CA-522,Humboldt County CoC,2020,918.06,692.89,1701,299,1402,2020,2020
CA-522,Humboldt County CoC,2021,989.27,731.79,272,272,0,2021,2020
CA-522,Humboldt County CoC,2022,1078.19,809.51,1648,339,1309,2022,2020
CA-522,Humboldt County CoC,2023,1134.32,833.63,1656,347,1309,2023,2020
CA-522,Humboldt County CoC,2024,1152.03,835.52,1573,379,1194,2024,2020
CA-523,"Colusa, Glenn, Trinity Counties CoC",2010,622.22,442.91,197,74,123,2010,2010
CA-523,"Colusa, Glenn, Trinity Counties CoC",2011,666.87,458.8,322,183,139,2011,2010
CA-523,"Colusa, Glenn, Trinity Counties CoC",2012,659.08,487.75,303,164,139,2012,2010
CA-523,"Colusa, Glenn, Trinity Counties CoC",2013,651.22,471.97,696,272,424,2013,2010
CA-523,"Colusa, Glenn, Trinity Counties CoC",2014,657.87,466.09,567,143,424,2014,2010
CA-523,"Colusa, Glenn, Trinity Counties CoC",2015,658.39,467.2,136,56,80,2015,2010
CA-523,"Colusa, Glenn, Trinity Counties CoC",2016,651.62,465.26,115,35,80,2016,2010
CA-523,"Colusa, Glenn, Trinity Counties CoC",2017,678.7,465.14,176,43,133,2017,2010
CA-523,"Colusa, Glenn, Trinity Counties CoC",2018,679.98,493.77,268,95,173,2018,2010
CA-523,"Colusa, Glenn, Trinity Counties CoC",2019,699.9,510.77,192,42,150,2019,2010
CA-523,"Colusa, Glenn, Trinity Counties CoC",2020,688.44,523.25,261,111,150,2020,2020
CA-523,"Colusa, Glenn, Trinity Counties CoC",2021,763.92,583.69,140,140,0,2021,2020
CA-523,"Colusa, Glenn, Trinity Counties CoC",2022,795.83,599.79,340,144,196,2022,2020
CA-523,"Colusa, Glenn, Trinity Counties CoC",2023,898.9,670.81,360,180,180,2023,2020
CA-523,"Colusa, Glenn, Trinity Counties CoC",2024,898.02,665.94,248,119,129,2024,2020
CA-524,Yuba City & County/Sutter County CoC,2010,741.42,538.35,512,387,125,2010,2010
CA-524,Yuba City & County/Sutter County CoC,2011,748.09,551.1,649,355,294,2011,2010
CA-524,Yuba City & County/Sutter County CoC,2012,768.39,572.52,492,272,220,2012,2010
CA-524,Yuba City & County/Sutter County CoC,2013,778.57,582.43,1485,1106,379,2013,2010
CA-524,Yuba City & County/Sutter County CoC,2014,794.33,591.36,726,347,379,2014,2010
CA-524,Yuba City & County/Sutter County CoC,2015,806.56,593.76,716,205,511,2015,2010
CA-524,Yuba City & County/Sutter County CoC,2016,820.81,612.83,702,191,511,2016,2010
CA-524,Yuba City & County/Sutter County CoC,2017,845.25,620.72,760,287,473,2017,2010
CA-524,Yuba City & County/Sutter County CoC,2018,857.39,628.8,765,292,473,2018,2010
CA-524,Yuba City & County/Sutter County CoC,2019,896.04,641.37,721,202,519,2019,2010
CA-524,Yuba City & County/Sutter County CoC,2020,920.03,665.0,721,202,519,2020,2020
CA-524,Yuba City & County/Sutter County CoC,2021,969.14,703.93,1074,235,839,2021,2020
CA-524,Yuba City & County/Sutter County CoC,2022,1041.39,766.28,1094,255,839,2022,2020
CA-524,Yuba City & County/Sutter County CoC,2023,1130.28,802.48,963,281,682,2023,2020
CA-524,Yuba City & County/Sutter County CoC,2024,1165.81,846.95,928,246,682,2024,2020
CA-525,El Dorado County CoC,2010,971.51,716.87,146,63,83,2010,2010
CA-525,El Dorado County CoC,2011,988.15,713.14,170,133,37,2011,2010
CA-525,El Dorado County CoC,2012,1003.23,730.01,217,180,37,2012,2010
CA-525,El Dorado County CoC,2013,997.02,734.61,180,131,49,2013,2010
CA-525,El Dorado County CoC,2014,1003.02,733.43,195,146,49,2014,2010
CA-525,El Dorado County CoC,2015,1009.03,719.41,269,121,148,2015,2010
CA-525,El Dorado County CoC,2016,1033.57,748.34,269,121,148,2016,2010
CA-525,El Dorado County CoC,2017,1046.45,746.94,602,106,496,2017,2010
CA-525,El Dorado County CoC,2018,1120.29,767.27,645,149,496,2018,2010
CA-525,El Dorado County CoC,2019,1162.37,804.58,613,133,480,2019,2010
CA-525,El Dorado County CoC,2020,1190.48,811.84,663,183,480,2020,2020
CA-525,El Dorado County CoC,2021,1279.73,863.55,99,99,0,2021,2020
CA-525,El Dorado County CoC,2022,1414.77,942.41,511,73,438,2022,2020
CA-525,El Dorado County CoC,2023,1450.12,980.23,491,53,438,2023,2020
CA-525,El Dorado County CoC,2024,1532.81,1003.97,284,149,135,2024,2020
CA-526,"Amador, Calaveras, Mariposa, Tuolumne Counties CoC",2010,766.61,553.13,289,67,222,2010,2010
CA-526,"Amador, Calaveras, Mariposa, Tuolumne Counties CoC",2011,785.69,557.84,406,137,269,2011,2010
CA-526,"Amador, Calaveras, Mariposa, Tuolumne Counties CoC",2012,794.92,567.17,379,110,269,2012,2010
CA-526,"Amador, Calaveras, Mariposa, Tuolumne Counties CoC",2013,812.04,582.4,376,136,240,2013,2010
CA-526,"Amador, Calaveras, Mariposa, Tuolumne Counties CoC",2014,806.51,595.98,382,142,240,2014,2010
CA-526,"Amador, Calaveras, Mariposa, Tuolumne Counties CoC",2015,814.2,609.74,430,128,302,2015,2010
CA-526,"Amador, Calaveras, Mariposa, Tuolumne Counties CoC",2016,842.13,625.61,632,151,481,2016,2010
CA-526,"Amador, Calaveras, Mariposa, Tuolumne Counties CoC",2017,849.1,633.98,367,103,264,2017,2010
CA-526,"Amador, Calaveras, Mariposa, Tuolumne Counties CoC",2018,878.21,610.45,398,134,264,2018,2010
CA-526,"Amador, Calaveras, Mariposa, Tuolumne Counties CoC",2019,896.97,625.5,845,158,687,2019,2010
CA-526,"Amador, Calaveras, Mariposa, Tuolumne Counties CoC",2020,915.49,603.36,834,147,687,2020,2020
CA-526,"Amador, Calaveras, Mariposa, Tuolumne Counties CoC",2021,962.12,619.46,151,151,0,2021,2020
CA-526,"Amador, Calaveras, Mariposa, Tuolumne Counties CoC",2022,1056.48,690.73,625,131,494,2022,2020
CA-526,"Amador, Calaveras, Mariposa, Tuolumne Counties CoC",2023,1101.45,754.71,731,237,494,2023,2020
CA-526,"Amador, Calaveras, Mariposa, Tuolumne Counties CoC",2024,1152.0,747.59,719,194,525,2024,2020
CA-527,Tehama County CoC,2010,655.81,454.13,,,,2010,2010
CA-527,Tehama County CoC,2011,689.31,503.22,,,,2011,2010
CA-527,Tehama County CoC,2012,692.91,509.56,,,,2012,2010
CA-527,Tehama County CoC,2013,689.89,504.55,,,,2013,2010
CA-527,Tehama County CoC,2014,689.73,511.72,,,,2014,2010
CA-527,Tehama County CoC,2015,649.44,497.38,138,78,60,2015,2010
CA-527,Tehama County CoC,2016,646.63,499.56,133,73,60,2016,2010
CA-527,Tehama County CoC,2017,642.74,485.48,124,68,56,2017,2010
CA-527,Tehama County CoC,2018,672.49,506.71,125,69,56,2018,2010
CA-527,Tehama County CoC,2019,691.32,514.36,288,73,215,2019,2010
CA-527,Tehama County CoC,2020,748.96,544.01,300,85,215,2020,2020
CA-527,Tehama County CoC,2021,770.22,572.79,267,49,218,2021,2020
CA-527,Tehama County CoC,2022,882.39,642.51,291,73,218,2022,2020
CA-527,Tehama County CoC,2023,905.75,658.36,304,57,247,2023,2020
CA-527,Tehama County CoC,2024,900.05,657.82,324,77,247,2024,2020
CA-529,Lake County CoC,2010,705.85,453.53,,,,2010,2010
CA-529,Lake County CoC,2011,736.63,475.36,,,,2011,2010
CA-529,Lake County CoC,2012,723.74,510.8,,,,2012,2010
CA-529,Lake County CoC,2013,742.72,526.61,,,,2013,2010
CA-529,Lake County CoC,2014,761.05,529.96,,,,2014,2010
CA-529,Lake County CoC,2015,748.97,522.91,315,27,288,2015,2010
CA-529,Lake County CoC,2016,729.93,522.51,332,44,288,2016,2010
CA-529,Lake County CoC,2017,781.18,531.15,401,28,373,2017,2010
CA-529,Lake County CoC,2018,807.62,506.43,615,24,591,2018,2010
CA-529,Lake County CoC,2019,832.91,529.84,408,26,382,2019,2010
CA-529,Lake County CoC,2020,896.32,527.54,357,21,336,2020,2020
CA-529,Lake County CoC,2021,947.16,583.78,306,75,231,2021,2020
CA-529,Lake County CoC,2022,1008.07,618.3,339,80,259,2022,2020
CA-529,Lake County CoC,2023,1051.82,658.31,460,201,259,2023,2020
CA-529,Lake County CoC,2024,1092.82,648.95,604,169,435,2024,2020
CA-530,"Alpine, Inyo, Mono Counties CoC",2010,781.95,533.46,,,,2010,2010
CA-530,"Alpine, Inyo, Mono Counties CoC",2011,825.29,624.15,,,,2011,2010
CA-530,"Alpine, Inyo, Mono Counties CoC",2012,872.42,629.56,,,,2012,2010
CA-530,"Alpine, Inyo, Mono Counties CoC",2013,832.51,544.49,,,,2013,2010
CA-530,"Alpine, Inyo, Mono Counties CoC",2014,807.6,544.86,,,,2014,2010
CA-530,"Alpine, Inyo, Mono Counties CoC",2015,810.63,549.31,53,8,45,2015,2010
CA-530,"Alpine, Inyo, Mono Counties CoC",2016,837.5,546.02,130,11,119,2016,2010
CA-530,"Alpine, Inyo, Mono Counties CoC",2017,851.74,577.01,121,5,116,2017,2010
CA-530,"Alpine, Inyo, Mono Counties CoC",2018,850.01,613.18,157,1,156,2018,2010
CA-530,"Alpine, Inyo, Mono Counties CoC",2019,884.84,605.02,214,17,197,2019,2010
CA-530,"Alpine, Inyo, Mono Counties CoC",2020,911.66,634.68,184,22,162,2020,2020
CA-530,"Alpine, Inyo, Mono Counties CoC",2021,933.31,662.69,58,58,0,2021,2020
CA-530,"Alpine, Inyo, Mono Counties CoC",2022,977.16,686.68,140,45,95,2022,2020
CA-530,"Alpine, Inyo, Mono Counties CoC",2023,1157.88,715.59,88,14,74,2023,2020
CA-530,"Alpine, Inyo, Mono Counties CoC",2024,1204.37,739.73,106,37,69,2024,2020
CA-531,Nevada County CoC,2010,981.95,726.27,,,,2010,2010
CA-531,Nevada County CoC,2011,1018.87,736.54,,,,2011,2010
CA-531,Nevada County CoC,2012,1024.34,702.09,,,,2012,2010
CA-531,Nevada County CoC,2013,1060.46,734.36,,,,2013,2010
CA-531,Nevada County CoC,2014,1043.43,736.56,,,,2014,2010
CA-531,Nevada County CoC,2015,1045.35,753.79,,,,2015,2010
CA-531,Nevada County CoC,2016,1049.09,774.66,,,,2016,2010
CA-531,Nevada County CoC,2017,1075.12,804.05,,,,2017,2010
CA-531,Nevada County CoC,2018,1102.11,811.19,,,,2018,2010
CA-531,Nevada County CoC,2019,1191.52,857.65,415,164,251,2019,2010
CA-531,Nevada County CoC,2020,1138.6,832.3,387,136,251,2020,2020
CA-531,Nevada County CoC,2021,1247.36,864.52,401,238,163,2021,2020
CA-531,Nevada County CoC,2022,1293.93,915.88,527,284,243,2022,2020
CA-531,Nevada County CoC,2023,1458.96,989.23,492,265,227,2023,2020
CA-531,Nevada County CoC,2024,1459.77,982.31,516,258,258,2024,2020
CA-600,Los Angeles City & County CoC,2010,1065.11,769.85,33243,14050,19193,2010,2010
CA-600,Los Angeles City & County CoC,2011,1106.19,800.35,34622,16882,17740,2011,2010
CA-600,Los Angeles City & County CoC,2012,1136.02,822.89,31553,13813,17740,2012,2010
CA-600,Los Angeles City & County CoC,2013,1155.5,838.37,35524,12934,22590,2013,2010
CA-600,Los Angeles City & County CoC,2014,1172.79,848.0,34393,11803,22590,2014,2010
CA-600,Los Angeles City & County CoC,2015,1195.49,857.24,41174,12226,28948,2015,2010
CA-600,Los Angeles City & County CoC,2016,1229.22,877.82,43854,11073,32781,2016,2010
CA-600,Los Angeles City & County CoC,2017,1280.32,909.22,52442,13972,38470,2017,2010
CA-600,Los Angeles City & County CoC,2018,1346.5,951.31,49955,12385,37570,2018,2010
CA-600,Los Angeles City & County CoC,2019,1415.31,990.98,56257,13786,42471,2019,2010
CA-600,Los Angeles City & County CoC,2020,1481.02,1031.14,63706,17616,46090,2020,2020
CA-600,Los Angeles City & County CoC,2021,1576.32,1096.48,17225,17225,0,2021,2020
CA-600,Los Angeles City & County CoC,2022,1715.24,1192.46,65111,19233,45878,2022,2020
CA-600,Los Angeles City & County CoC,2023,1798.34,1250.46,71320,19013,52307,2023,2020
CA-600,Los Angeles City & County CoC,2024,1851.1,1278.18,71201,21692,49509,2024,2020
CA-601,San Diego City and County CoC,2010,1195.65,872.69,8383,3918,4465,2010,2010
CA-601,San Diego City and County CoC,2011,1229.83,896.25,9436,3980,5456,2011,2010
CA-601,San Diego City and County CoC,2012,1250.97,914.48,10013,4371,5642,2012,2010
CA-601,San Diego City and County CoC,2013,1267.42,928.77,8879,4305,4574,2013,2010
CA-601,San Diego City and County CoC,2014,1292.59,943.54,8506,4521,3985,2014,2010
CA-601,San Diego City and County CoC,2015,1317.52,951.09,8742,4586,4156,2015,2010
CA-601,San Diego City and County CoC,2016,1365.63,981.9,8669,3729,4940,2016,2010
CA-601,San Diego City and County CoC,2017,1437.69,1032.98,9160,3539,5621,2017,2010
CA-601,San Diego City and County CoC,2018,1522.01,1092.15,8576,3586,4990,2018,2010
CA-601,San Diego City and County CoC,2019,1596.77,1150.16,8102,3626,4476,2019,2010
CA-601,San Diego City and County CoC,2020,1670.58,1220.41,7638,3667,3971,2020,2020
CA-601,San Diego City and County CoC,2021,1784.43,1319.12,4143,4143,0,2021,2020
CA-601,San Diego City and County CoC,2022,1950.8,1450.51,8427,4321,4106,2022,2020
CA-601,San Diego City and County CoC,2023,2072.0,1540.07,10264,5093,5171,2023,2020
CA-601,San Diego City and County CoC,2024,2165.81,1599.07,10605,4495,6110,2024,2020
CA-602,"Santa Ana, Anaheim/Orange County CoC",2010,1371.59,1051.29,8333,2609,5724,2010,2010
CA-602,"Santa Ana, Anaheim/Orange County CoC",2011,1407.37,1081.6,6939,2667,4272,2011,2010
CA-602,"Santa Ana, Anaheim/Orange County CoC",2012,1425.7,1098.85,7010,2738,4272,2012,2010
CA-602,"Santa Ana, Anaheim/Orange County CoC",2013,1440.3,1103.44,4251,2573,1678,2013,2010
CA-602,"Santa Ana, Anaheim/Orange County CoC",2014,1465.12,1119.65,3833,2155,1678,2014,2010
CA-602,"Santa Ana, Anaheim/Orange County CoC",2015,1504.14,1132.88,4452,2251,2201,2015,2010
CA-602,"Santa Ana, Anaheim/Orange County CoC",2016,1551.92,1168.39,4319,2118,2201,2016,2010
CA-602,"Santa Ana, Anaheim/Orange County CoC",2017,1624.89,1223.99,4792,2208,2584,2017,2010
CA-602,"Santa Ana, Anaheim/Orange County CoC",2018,1708.56,1296.63,4955,2371,2584,2018,2010
CA-602,"Santa Ana, Anaheim/Orange County CoC",2019,1790.01,1354.54,6860,2899,3961,2019,2010
CA-602,"Santa Ana, Anaheim/Orange County CoC",2020,1870.28,1414.88,6978,3017,3961,2020,2020
CA-602,"Santa Ana, Anaheim/Orange County CoC",2021,1984.82,1521.18,2441,2441,0,2021,2020
CA-602,"Santa Ana, Anaheim/Orange County CoC",2022,2161.02,1630.08,5718,2661,3057,2022,2020
CA-602,"Santa Ana, Anaheim/Orange County CoC",2023,2254.06,1702.87,6050,2993,3057,2023,2020
CA-602,"Santa Ana, Anaheim/Orange County CoC",2024,2328.8,1756.49,7322,3149,4173,2024,2020
CA-603,Santa Maria/Santa Barbara County CoC,2010,1218.28,856.15,4121,1148,2973,2010,2010
CA-603,Santa Maria/Santa Barbara County CoC,2011,1256.81,869.57,1698,830,868,2011,2010
CA-603,Santa Maria/Santa Barbara County CoC,2012,1273.17,884.43,1546,678,868,2012,2010
CA-603,Santa Maria/Santa Barbara County CoC,2013,1285.26,888.4,1882,904,978,2013,2010
CA-603,Santa Maria/Santa Barbara County CoC,2014,1308.31,892.37,1832,854,978,2014,2010
CA-603,Santa Maria/Santa Barbara County CoC,2015,1334.61,900.87,1729,839,890,2015,2010
CA-603,Santa Maria/Santa Barbara County CoC,2016,1383.03,939.06,1813,923,890,2016,2010
CA-603,Santa Maria/Santa Barbara County CoC,2017,1448.2,992.27,1860,967,893,2017,2010
CA-603,Santa Maria/Santa Barbara County CoC,2018,1510.09,1038.4,1706,813,893,2018,2010
CA-603,Santa Maria/Santa Barbara County CoC,2019,1565.58,1084.32,1803,670,1133,2019,2010
CA-603,Santa Maria/Santa Barbara County CoC,2020,1639.52,1122.73,1897,674,1223,2020,2020
CA-603,Santa Maria/Santa Barbara County CoC,2021,1745.01,1210.37,500,500,0,2021,2020
CA-603,Santa Maria/Santa Barbara County CoC,2022,1913.41,1315.11,1962,595,1367,2022,2020
CA-603,Santa Maria/Santa Barbara County CoC,2023,2003.95,1382.44,1887,685,1202,2023,2020
CA-603,Santa Maria/Santa Barbara County CoC,2024,2076.33,1441.18,2119,787,1332,2024,2020
CA-604,Bakersfield/Kern County CoC,2010,714.27,522.65,1499,667,832,2010,2010
CA-604,Bakersfield/Kern County CoC,2011,743.96,542.81,1439,606,833,2011,2010
CA-604,Bakersfield/Kern County CoC,2012,766.73,561.27,1352,519,833,2012,2010
CA-604,Bakersfield/Kern County CoC,2013,776.12,567.15,1152,547,605,2013,2010
CA-604,Bakersfield/Kern County CoC,2014,786.12,576.1,992,577,415,2014,2010
CA-604,Bakersfield/Kern County CoC,2015,787.93,581.74,954,545,409,2015,2010
CA-604,Bakersfield/Kern County CoC,2016,795.78,590.52,1067,561,506,2016,2010
CA-604,Bakersfield/Kern County CoC,2017,821.51,603.92,810,541,269,2017,2010
CA-604,Bakersfield/Kern County CoC,2018,839.69,615.48,885,515,370,2018,2010
CA-604,Bakersfield/Kern County CoC,2019,861.5,629.93,1330,525,805,2019,2010
CA-604,Bakersfield/Kern County CoC,2020,868.54,639.63,1580,576,1004,2020,2020
CA-604,Bakersfield/Kern County CoC,2021,917.96,672.74,2150,569,1581,2021,2020
CA-604,Bakersfield/Kern County CoC,2022,986.54,730.63,1603,875,728,2022,2020
CA-604,Bakersfield/Kern County CoC,2023,1039.52,758.38,1948,931,1017,2023,2020
CA-604,Bakersfield/Kern County CoC,2024,1094.58,795.23,2669,1006,1663,2024,2020
CA-606,Long Beach CoC,2010,952.5,751.66,3909,2154,1755,2010,2010
CA-606,Long Beach CoC,2011,996.41,779.51,3164,961,2203,2011,2010
CA-606,Long Beach CoC,2012,1018.85,790.1,3170,967,2203,2012,2010
CA-606,Long Beach CoC,2013,1029.94,803.94,2847,968,1879,2013,2010
CA-606,Long Beach CoC,2014,1052.48,809.43,2738,859,1879,2014,2010
CA-606,Long Beach CoC,2015,1059.03,812.09,2345,832,1513,2015,2010
CA-606,Long Beach CoC,2016,1090.83,834.78,2250,737,1513,2016,2010
CA-606,Long Beach CoC,2017,1134.88,869.01,1863,655,1208,2017,2010
CA-606,Long Beach CoC,2018,1195.14,918.93,1873,665,1208,2018,2010
CA-606,Long Beach CoC,2019,1254.5,955.88,1894,619,1275,2019,2010
CA-606,Long Beach CoC,2020,1330.14,1008.69,2034,452,1582,2020,2020
CA-606,Long Beach CoC,2021,1435.56,1089.6,603,603,0,2021,2020
CA-606,Long Beach CoC,2022,1579.24,1208.84,3296,1009,2287,2022,2020
CA-606,Long Beach CoC,2023,1683.44,1292.44,3447,965,2482,2023,2020
CA-606,Long Beach CoC,2024,1757.56,1337.77,3376,921,2455,2024,2020
CA-607,Pasadena CoC,2010,1181.68,881.65,1137,491,646,2010,2010
CA-607,Pasadena CoC,2011,1247.74,916.88,1216,453,763,2011,2010
CA-607,Pasadena CoC,2012,1269.07,944.02,904,467,437,2012,2010
CA-607,Pasadena CoC,2013,1286.4,959.07,772,379,393,2013,2010
CA-607,Pasadena CoC,2014,1315.17,977.81,666,265,401,2014,2010
CA-607,Pasadena CoC,2015,1338.94,975.29,632,190,442,2015,2010
CA-607,Pasadena CoC,2016,1374.32,1004.62,530,178,352,2016,2010
CA-607,Pasadena CoC,2017,1439.74,1040.99,575,228,347,2017,2010
CA-607,Pasadena CoC,2018,1521.25,1086.27,677,215,462,2018,2010
CA-607,Pasadena CoC,2019,1613.02,1164.87,542,221,321,2019,2010
CA-607,Pasadena CoC,2020,1686.54,1210.07,527,233,294,2020,2020
CA-607,Pasadena CoC,2021,1822.72,1312.71,171,171,0,2021,2020
CA-607,Pasadena CoC,2022,2004.67,1452.57,512,232,280,2022,2020
CA-607,Pasadena CoC,2023,2100.33,1553.11,556,253,303,2023,2020
CA-607,Pasadena CoC,2024,2133.3,1572.77,556,235,321,2024,2020
CA-608,Riverside City & County CoC,2010,1017.72,733.67,3126,1083,2043,2010,2010
CA-608,Riverside City & County CoC,2011,1042.47,750.45,6203,1113,5090,2011,2010
CA-608,Riverside City & County CoC,2012,1060.27,760.12,6096,1006,5090,2012,2010
CA-608,Riverside City & County CoC,2013,1068.02,764.42,2978,1090,1888,2013,2010
CA-608,Riverside City & County CoC,2014,1076.41,770.81,2945,1057,1888,2014,2010
CA-608,Riverside City & County CoC,2015,1087.25,765.31,2372,884,1488,2015,2010
CA-608,Riverside City & County CoC,2016,1117.63,788.16,2165,814,1351,2016,2010
CA-608,Riverside City & County CoC,2017,1151.64,812.07,2406,768,1638,2017,2010
CA-608,Riverside City & County CoC,2018,1201.08,837.44,2316,631,1685,2018,2010
CA-608,Riverside City & County CoC,2019,1254.0,871.06,2811,766,2045,2019,2010
CA-608,Riverside City & County CoC,2020,1318.13,910.43,2884,729,2155,2020,2020
CA-608,Riverside City & County CoC,2021,1402.14,963.57,998,998,0,2021,2020
CA-608,Riverside City & County CoC,2022,1527.65,1055.97,3316,1336,1980,2022,2020
CA-608,Riverside City & County CoC,2023,1624.86,1115.56,3725,1284,2441,2023,2020
CA-608,Riverside City & County CoC,2024,1693.16,1148.64,4249,1808,2441,2024,2020
CA-609,San Bernardino City & County CoC,2010,966.63,713.23,2026,768,1258,2010,2010
CA-609,San Bernardino City & County CoC,2011,995.52,730.8,2825,1133,1692,2011,2010
CA-609,San Bernardino City & County CoC,2012,999.82,727.82,2532,840,1692,2012,2010
CA-609,San Bernardino City & County CoC,2013,1001.81,736.95,2321,1074,1247,2013,2010
CA-609,San Bernardino City & County CoC,2014,1012.78,746.17,2315,1068,1247,2014,2010
CA-609,San Bernardino City & County CoC,2015,1019.65,744.56,2149,838,1311,2015,2010
CA-609,San Bernardino City & County CoC,2016,1043.95,758.55,1887,696,1191,2016,2010
CA-609,San Bernardino City & County CoC,2017,1080.43,777.29,1866,687,1179,2017,2010
CA-609,San Bernardino City & County CoC,2018,1127.63,799.08,2118,675,1443,2018,2010
CA-609,San Bernardino City & County CoC,2019,1179.82,831.42,2607,687,1920,2019,2010
CA-609,San Bernardino City & County CoC,2020,1222.49,859.5,3125,735,2390,2020,2020
CA-609,San Bernardino City & County CoC,2021,1302.89,916.12,905,905,0,2021,2020
CA-609,San Bernardino City & County CoC,2022,1439.79,1004.31,3333,944,2389,2022,2020
CA-609,San Bernardino City & County CoC,2023,1528.71,1064.26,4195,1219,2976,2023,2020
CA-609,San Bernardino City & County CoC,2024,1614.28,1104.28,4255,1200,3055,2024,2020
CA-611,"Oxnard, San Buenaventura/Ventura County CoC",2010,1311.56,930.05,1815,524,1291,2010,2010
CA-611,"Oxnard, San Buenaventura/Ventura County CoC",2011,1348.95,963.01,1810,830,980,2011,2010
CA-611,"Oxnard, San Buenaventura/Ventura County CoC",2012,1370.03,993.12,1926,683,1243,2012,2010
CA-611,"Oxnard, San Buenaventura/Ventura County CoC",2013,1389.32,1014.53,1674,600,1074,2013,2010
CA-611,"Oxnard, San Buenaventura/Ventura County CoC",2014,1410.71,1024.93,1428,518,910,2014,2010
CA-611,"Oxnard, San Buenaventura/Ventura County CoC",2015,1440.46,1045.34,1417,460,957,2015,2010
CA-611,"Oxnard, San Buenaventura/Ventura County CoC",2016,1487.24,1078.14,1271,494,777,2016,2010
CA-611,"Oxnard, San Buenaventura/Ventura County CoC",2017,1549.2,1119.77,1152,488,664,2017,2010
CA-611,"Oxnard, San Buenaventura/Ventura County CoC",2018,1609.73,1185.37,1308,478,830,2018,2010
CA-611,"Oxnard, San Buenaventura/Ventura County CoC",2019,1680.51,1244.76,1669,411,1258,2019,2010
CA-611,"Oxnard, San Buenaventura/Ventura County CoC",2020,1763.75,1291.12,1787,522,1265,2020,2020
CA-611,"Oxnard, San Buenaventura/Ventura County CoC",2021,1855.77,1362.51,949,949,0,2021,2020
CA-611,"Oxnard, San Buenaventura/Ventura County CoC",2022,2019.67,1477.92,2248,892,1356,2022,2020
CA-611,"Oxnard, San Buenaventura/Ventura County CoC",2023,2106.94,1541.19,2441,808,1633,2023,2020
CA-611,"Oxnard, San Buenaventura/Ventura County CoC",2024,2161.97,1590.07,2358,927,1431,2024,2020
CA-612,Glendale CoC,2010,1136.52,898.64,428,300,128,2010,2010
CA-612,Glendale CoC,2011,1166.42,916.28,412,291,121,2011,2010
CA-612,Glendale CoC,2012,1191.14,944.4,299,179,120,2012,2010
CA-612,Glendale CoC,2013,1198.89,949.4,318,211,107,2013,2010
CA-612,Glendale CoC,2014,1215.24,957.06,292,185,107,2014,2010
CA-612,Glendale CoC,2015,1221.16,959.18,208,86,122,2015,2010
CA-612,Glendale CoC,2016,1264.18,992.03,240,185,55,2016,2010
CA-612,Glendale CoC,2017,1333.5,1036.48,168,111,57,2017,2010
CA-612,Glendale CoC,2018,1400.29,1089.34,260,104,156,2018,2010
CA-612,Glendale CoC,2019,1482.63,1143.95,243,96,147,2019,2010
CA-612,Glendale CoC,2020,1570.81,1203.3,169,94,75,2020,2020
CA-612,Glendale CoC,2021,1692.02,1308.85,88,88,0,2021,2020
CA-612,Glendale CoC,2022,1869.47,1440.74,225,122,103,2022,2020
CA-612,Glendale CoC,2023,1952.84,1495.53,195,106,89,2023,2020
CA-612,Glendale CoC,2024,2016.33,1545.57,175,95,80,2024,2020
CA-613,Imperial County CoC,2010,573.14,400.95,505,157,348,2010,2010
CA-613,Imperial County CoC,2011,584.33,410.27,508,194,314,2011,2010
CA-613,Imperial County CoC,2012,608.04,434.22,239,136,103,2012,2010
CA-613,Imperial County CoC,2013,629.19,441.63,252,148,104,2013,2010
CA-613,Imperial County CoC,2014,657.95,458.83,298,164,134,2014,2010
CA-613,Imperial County CoC,2015,659.11,455.54,554,190,364,2015,2010
CA-613,Imperial County CoC,2016,675.64,464.45,380,128,252,2016,2010
CA-613,Imperial County CoC,2017,679.58,481.11,1154,128,1026,2017,2010
CA-613,Imperial County CoC,2018,684.25,473.25,1493,160,1333,2018,2010
CA-613,Imperial County CoC,2019,689.82,484.04,1413,188,1225,2019,2010
CA-613,Imperial County CoC,2020,705.13,507.86,1527,193,1334,2020,2020
CA-613,Imperial County CoC,2021,755.49,536.5,140,140,0,2021,2020
CA-613,Imperial County CoC,2022,825.88,568.97,1057,132,925,2022,2020
CA-613,Imperial County CoC,2023,850.54,600.77,1303,157,1146,2023,2020
CA-613,Imperial County CoC,2024,897.05,634.72,1508,133,1375,2024,2020
CA-614,San Luis Obispo County CoC,2010,1026.75,774.67,3829,242,3587,2010,2010
CA-614,San Luis Obispo County CoC,2011,1079.01,813.4,2129,228,1901,2011,2010
CA-614,San Luis Obispo County CoC,2012,1113.83,837.8,2129,228,1901,2012,2010
CA-614,San Luis Obispo County CoC,2013,1136.13,850.9,2357,235,2122,2013,2010
CA-614,San Luis Obispo County CoC,2014,1164.49,856.61,2366,244,2122,2014,2010
CA-614,San Luis Obispo County CoC,2015,1182.13,862.98,1515,392,1123,2015,2010
CA-614,San Luis Obispo County CoC,2016,1187.82,877.01,1368,245,1123,2016,2010
CA-614,San Luis Obispo County CoC,2017,1262.42,908.05,1125,303,822,2017,2010
CA-614,San Luis Obispo County CoC,2018,1305.39,965.01,1095,273,822,2018,2010
CA-614,San Luis Obispo County CoC,2019,1379.19,1004.7,1483,311,1172,2019,2010
CA-614,San Luis Obispo County CoC,2020,1422.07,1049.83,1423,251,1172,2020,2020
CA-614,San Luis Obispo County CoC,2021,1534.76,1111.48,297,297,0,2021,2020
CA-614,San Luis Obispo County CoC,2022,1683.86,1204.69,1448,292,1156,2022,2020
CA-614,San Luis Obispo County CoC,2023,1760.69,1301.54,1532,376,1156,2023,2020
CA-614,San Luis Obispo County CoC,2024,1820.44,1328.31,1175,375,800,2024,2020
CO-500,Colorado Balance of State CoC,2010,679.22,440.31,5267,1087,4180,2010,2010
CO-500,Colorado Balance of State CoC,2011,705.96,456.0,9283,1015,8268,2011,2010
CO-500,Colorado Balance of State CoC,2012,719.55,468.11,9283,1015,8268,2012,2010
CO-500,Colorado Balance of State CoC,2013,727.03,476.89,2267,1262,1005,2013,2010
CO-500,Colorado Balance of State CoC,2014,723.51,486.92,2188,1183,1005,2014,2010
CO-500,Colorado Balance of State CoC,2015,734.42,498.1,3545,1714,1831,2015,2010
CO-500,Colorado Balance of State CoC,2016,752.01,504.93,3520,1689,1831,2016,2010
CO-500,Colorado Balance of State CoC,2017,765.05,512.05,4019,1511,2508,2017,2010
CO-500,Colorado Balance of State CoC,2018,789.64,514.36,3989,1481,2508,2018,2010
CO-500,Colorado Balance of State CoC,2019,829.89,523.63,2302,1504,798,2019,2010
CO-500,Colorado Balance of State CoC,2020,862.29,545.92,1638,840,798,2020,2020
CO-500,Colorado Balance of State CoC,2021,911.77,572.88,1295,767,528,2021,2020
CO-500,Colorado Balance of State CoC,2022,1011.7,632.78,1315,787,528,2022,2020
CO-500,Colorado Balance of State CoC,2023,1079.52,697.58,2201,859,1342,2023,2020
CO-500,Colorado Balance of State CoC,2024,1128.58,717.06,2395,1053,1342,2024,2020
CO-503,Metropolitan Denver CoC,2010,809.25,608.38,8752,7053,1699,2010,2010
CO-503,Metropolitan Denver CoC,2011,840.92,632.24,4809,4277,532,2011,2010
CO-503,Metropolitan Denver CoC,2012,873.42,648.06,6358,5394,964,2012,2010
CO-503,Metropolitan Denver CoC,2013,900.11,670.35,6316,5388,928,2013,2010
CO-503,Metropolitan Denver CoC,2014,938.7,696.52,6621,5950,671,2014,2010
CO-503,Metropolitan Denver CoC,2015,981.26,721.59,5335,4590,745,2015,2010
CO-503,Metropolitan Denver CoC,2016,1046.2,764.31,5728,4931,797,2016,2010
CO-503,Metropolitan Denver CoC,2017,1125.97,827.38,5506,4612,894,2017,2010
CO-503,Metropolitan Denver CoC,2018,1213.66,901.05,5317,4009,1308,2018,2010
CO-503,Metropolitan Denver CoC,2019,1299.04,971.44,5755,4809,946,2019,2010
CO-503,Metropolitan Denver CoC,2020,1370.75,1035.63,6104,4543,1561,2020,2020
CO-503,Metropolitan Denver CoC,2021,1466.24,1113.42,5530,5530,0,2021,2020
CO-503,Metropolitan Denver CoC,2022,1604.86,1231.05,6884,4806,2078,2022,2020
CO-503,Metropolitan Denver CoC,2023,1702.88,1308.56,10054,7291,2763,2023,2020
CO-503,Metropolitan Denver CoC,2024,1783.57,1371.62,14281,11362,2919,2024,2020
CO-504,Colorado Springs/El Paso County CoC,2010,725.88,543.33,1463,891,572,2010,2010
CO-504,Colorado Springs/El Paso County CoC,2011,750.97,554.79,1024,854,170,2011,2010
CO-504,Colorado Springs/El Paso County CoC,2012,780.43,571.76,1127,851,276,2012,2010
CO-504,Colorado Springs/El Paso County CoC,2013,808.49,580.65,1171,941,230,2013,2010
CO-504,Colorado Springs/El Paso County CoC,2014,836.25,602.18,1219,950,269,2014,2010
CO-504,Colorado Springs/El Paso County CoC,2015,863.23,623.06,1073,830,243,2015,2010
CO-504,Colorado Springs/El Paso County CoC,2016,897.86,647.81,1302,991,311,2016,2010
CO-504,Colorado Springs/El Paso County CoC,2017,952.29,685.42,1415,958,457,2017,2010
CO-504,Colorado Springs/El Paso County CoC,2018,998.35,723.27,1551,1038,513,2018,2010
CO-504,Colorado Springs/El Paso County CoC,2019,1053.36,762.05,1562,1118,444,2019,2010
CO-504,Colorado Springs/El Paso County CoC,2020,1114.9,820.18,1339,981,358,2020,2020
CO-504,Colorado Springs/El Paso County CoC,2021,1211.55,890.18,1156,1156,0,2021,2020
CO-504,Colorado Springs/El Paso County CoC,2022,1350.59,1009.53,1406,1139,267,2022,2020
CO-504,Colorado Springs/El Paso County CoC,2023,1443.22,1075.48,1302,928,374,2023,2020
CO-504,Colorado Springs/El Paso County CoC,2024,1532.55,1125.71,1146,887,259,2024,2020
CO-505,"Fort Collins, Greeley, Loveland/Larimer, Weld Counties CoC",2010,734.48,549.47,,,,2010,2010
CO-505,"Fort Collins, Greeley, Loveland/Larimer, Weld Counties CoC",2011,774.37,570.63,,,,2011,2010
CO-505,"Fort Collins, Greeley, Loveland/Larimer, Weld Counties CoC",2012,800.15,597.71,,,,2012,2010
CO-505,"Fort Collins, Greeley, Loveland/Larimer, Weld Counties CoC",2013,835.28,613.35,,,,2013,2010
CO-505,"Fort Collins, Greeley, Loveland/Larimer, Weld Counties CoC",2014,861.8,629.43,,,,2014,2010
CO-505,"Fort Collins, Greeley, Loveland/Larimer, Weld Counties CoC",2015,889.56,647.82,,,,2015,2010
CO-505,"Fort Collins, Greeley, Loveland/Larimer, Weld Counties CoC",2016,925.85,675.87,,,,2016,2010
CO-505,"Fort Collins, Greeley, Loveland/Larimer, Weld Counties CoC",2017,970.61,708.23,,,,2017,2010
CO-505,"Fort Collins, Greeley, Loveland/Larimer, Weld Counties CoC",2018,1048.46,743.16,,,,2018,2010
CO-505,"Fort Collins, Greeley, Loveland/Larimer, Weld Counties CoC",2019,1112.55,801.97,,,,2019,2010
CO-505,"Fort Collins, Greeley, Loveland/Larimer, Weld Counties CoC",2020,1158.67,832.99,765,569,196,2020,2020
CO-505,"Fort Collins, Greeley, Loveland/Larimer, Weld Counties CoC",2021,1248.77,892.98,563,563,0,2021,2020
CO-505,"Fort Collins, Greeley, Loveland/Larimer, Weld Counties CoC",2022,1373.7,991.58,792,509,283,2022,2020
CO-505,"Fort Collins, Greeley, Loveland/Larimer, Weld Counties CoC",2023,1458.21,1059.84,882,616,266,2023,2020
CO-505,"Fort Collins, Greeley, Loveland/Larimer, Weld Counties CoC",2024,1521.14,1107.66,893,622,271,2024,2020
CT-503,"Bridgeport, Stamford, Norwalk, Danbury/Fairfield County CoC",2010,1079.69,702.65,944,839,105,2010,2010
CT-503,"Bridgeport, Stamford, Norwalk, Danbury/Fairfield County CoC",2011,1118.77,724.71,1005,844,161,2011,2010
CT-503,"Bridgeport, Stamford, Norwalk, Danbury/Fairfield County CoC",2012,1141.98,740.28,902,741,161,2012,2010
CT-503,"Bridgeport, Stamford, Norwalk, Danbury/Fairfield County CoC",2013,1155.18,772.45,1059,748,311,2013,2010
CT-503,"Bridgeport, Stamford, Norwalk, Danbury/Fairfield County CoC",2014,1178.19,791.41,1083,772,311,2014,2010
CT-503,"Bridgeport, Stamford, Norwalk, Danbury/Fairfield County CoC",2015,1228.3,809.8,913,773,140,2015,2010
CT-503,"Bridgeport, Stamford, Norwalk, Danbury/Fairfield County CoC",2016,1260.07,829.14,886,730,156,2016,2010
CT-503,"Bridgeport, Stamford, Norwalk, Danbury/Fairfield County CoC",2017,1301.18,851.6,778,696,82,2017,2010
CT-503,"Bridgeport, Stamford, Norwalk, Danbury/Fairfield County CoC",2018,1348.1,884.24,864,772,92,2018,2010
CT-503,"Bridgeport, Stamford, Norwalk, Danbury/Fairfield County CoC",2019,1387.8,903.45,771,673,98,2019,2010
CT-503,"Bridgeport, Stamford, Norwalk, Danbury/Fairfield County CoC",2020,1434.93,919.69,697,640,57,2020,2020
CT-503,"Bridgeport, Stamford, Norwalk, Danbury/Fairfield County CoC",2021,1483.85,944.0,549,466,83,2021,2020
CT-503,"Bridgeport, Stamford, Norwalk, Danbury/Fairfield County CoC",2022,1772.98,1303.61,603,551,52,2022,2020
CT-503,"Bridgeport, Stamford, Norwalk, Danbury/Fairfield County CoC",2023,1776.18,1273.66,597,530,67,2023,2020
CT-503,"Bridgeport, Stamford, Norwalk, Danbury/Fairfield County CoC",2024,1880.17,1346.39,713,604,109,2024,2020
CT-505,Connecticut Balance of State CoC,2010,800.21,595.69,3372,2978,394,2010,2010
CT-505,Connecticut Balance of State CoC,2011,825.2,615.14,3451,2917,534,2011,2010
CT-505,Connecticut Balance of State CoC,2012,848.41,624.74,3307,2773,534,2012,2010
CT-505,Connecticut Balance of State CoC,2013,860.69,636.85,3389,2781,608,2013,2010
CT-505,Connecticut Balance of State CoC,2014,871.65,648.81,3367,2759,608,2014,2010
CT-505,Connecticut Balance of State CoC,2015,879.75,649.27,3134,2648,486,2015,2010
CT-505,Connecticut Balance of State CoC,2016,897.38,664.18,3016,2499,517,2016,2010
CT-505,Connecticut Balance of State CoC,2017,921.7,682.49,2610,2276,334,2017,2010
CT-505,Connecticut Balance of State CoC,2018,952.41,703.26,3112,2623,489,2018,2010
CT-505,Connecticut Balance of State CoC,2019,982.37,723.22,2262,1904,358,2019,2010
CT-505,Connecticut Balance of State CoC,2020,999.8,738.74,2208,1940,268,2020,2020
CT-505,Connecticut Balance of State CoC,2021,1045.45,767.78,2044,1699,345,2021,2020
CT-505,Connecticut Balance of State CoC,2022,1025.47,742.14,2327,2085,242,2022,2020
CT-505,Connecticut Balance of State CoC,2023,1054.0,734.59,2418,1984,434,2023,2020
CT-505,Connecticut Balance of State CoC,2024,1042.33,770.28,2697,2232,465,2024,2020
DC-500,District of Columbia CoC,2010,1040.5,648.86,6539,6109,430,2010,2010
DC-500,District of Columbia CoC,2011,1104.72,693.12,6546,6241,305,2011,2010
DC-500,District of Columbia CoC,2012,1155.25,725.98,6954,6275,679,2012,2010
DC-500,District of Columbia CoC,2013,1206.9,758.34,6865,6353,512,2013,2010
DC-500,District of Columbia CoC,2014,1272.53,795.4,7748,7352,396,2014,2010
DC-500,District of Columbia CoC,2015,1320.04,811.23,7298,6754,544,2015,2010
DC-500,District of Columbia CoC,2016,1350.3,832.97,8350,8032,318,2016,2010
DC-500,District of Columbia CoC,2017,1402.43,860.6,7473,6576,897,2017,2010
DC-500,District of Columbia CoC,2018,1465.79,905.06,6904,6304,600,2018,2010
DC-500,District of Columbia CoC,2019,1506.27,930.7,6521,5913,608,2019,2010
DC-500,District of Columbia CoC,2020,1603.56,963.11,6380,5727,653,2020,2020
DC-500,District of Columbia CoC,2021,1656.42,1025.47,5111,4430,681,2021,2020
DC-500,District of Columbia CoC,2022,1796.02,1118.6,4410,3720,690,2022,2020
DC-500,District of Columbia CoC,2023,1856.92,1164.72,4922,4097,825,2023,2020
DC-500,District of Columbia CoC,2024,1899.47,1193.08,5616,4716,900,2024,2020
DE-500,Delaware Statewide CoC,2010,773.36,585.11,982,930,52,2010,2010
DE-500,Delaware Statewide CoC,2011,796.45,608.62,1035,1013,22,2011,2010
DE-500,Delaware Statewide CoC,2012,800.26,610.15,1008,986,22,2012,2010
DE-500,Delaware Statewide CoC,2013,822.69,623.84,946,936,10,2013,2010
DE-500,Delaware Statewide CoC,2014,832.9,640.48,901,864,37,2014,2010
DE-500,Delaware Statewide CoC,2015,847.39,644.2,953,916,37,2015,2010
DE-500,Delaware Statewide CoC,2016,874.49,661.43,1070,1019,51,2016,2010
DE-500,Delaware Statewide CoC,2017,902.9,687.38,994,936,58,2017,2010
DE-500,Delaware Statewide CoC,2018,942.61,708.73,1082,989,93,2018,2010
DE-500,Delaware Statewide CoC,2019,968.38,726.64,921,826,95,2019,2010
DE-500,Delaware Statewide CoC,2020,990.25,737.79,1165,1015,150,2020,2020
DE-500,Delaware Statewide CoC,2021,1036.49,776.71,1579,1579,0,2021,2020
DE-500,Delaware Statewide CoC,2022,1110.92,830.22,2369,2215,154,2022,2020
DE-500,Delaware Statewide CoC,2023,1160.42,867.15,1245,1047,198,2023,2020
DE-500,Delaware Statewide CoC,2024,1219.73,898.3,1358,1120,238,2024,2020
FL-500,"Sarasota, Bradenton/Manatee, Sarasota Counties CoC",2010,859.28,658.03,1999,348,1651,2010,2010
FL-500,"Sarasota, Bradenton/Manatee, Sarasota Counties CoC",2011,863.85,659.74,1152,895,257,2011,2010
FL-500,"Sarasota, Bradenton/Manatee, Sarasota Counties CoC",2012,853.84,652.47,921,664,257,2012,2010
FL-500,"Sarasota, Bradenton/Manatee, Sarasota Counties CoC",2013,854.21,654.02,1049,563,486,2013,2010
FL-500,"Sarasota, Bradenton/Manatee, Sarasota Counties CoC",2014,866.51,655.56,1377,780,597,2014,2010
FL-500,"Sarasota, Bradenton/Manatee, Sarasota Counties CoC",2015,889.28,661.34,1198,721,477,2015,2010
FL-500,"Sarasota, Bradenton/Manatee, Sarasota Counties CoC",2016,920.87,687.61,1468,804,664,2016,2010
FL-500,"Sarasota, Bradenton/Manatee, Sarasota Counties CoC",2017,975.68,718.33,1447,785,662,2017,2010
FL-500,"Sarasota, Bradenton/Manatee, Sarasota Counties CoC",2018,1044.8,747.12,1192,740,452,2018,2010
FL-500,"Sarasota, Bradenton/Manatee, Sarasota Counties CoC",2019,1102.04,801.64,1135,735,400,2019,2010
FL-500,"Sarasota, Bradenton/Manatee, Sarasota Counties CoC",2020,1162.31,844.98,1044,681,363,2020,2020
FL-500,"Sarasota, Bradenton/Manatee, Sarasota Counties CoC",2021,1240.88,906.29,526,526,0,2021,2020
FL-500,"Sarasota, Bradenton/Manatee, Sarasota Counties CoC",2022,1379.35,1003.36,1138,624,514,2022,2020
FL-500,"Sarasota, Bradenton/Manatee, Sarasota Counties CoC",2023,1492.86,1088.7,1150,630,520,2023,2020
FL-500,"Sarasota, Bradenton/Manatee, Sarasota Counties CoC",2024,1616.07,1151.86,1157,503,654,2024,2020
FL-501,Tampa/Hillsborough County CoC,2010,790.68,612.16,7473,726,6747,2010,2010
FL-501,Tampa/Hillsborough County CoC,2011,811.73,625.23,7336,889,6447,2011,2010
FL-501,Tampa/Hillsborough County CoC,2012,823.9,623.48,7419,972,6447,2012,2010
FL-501,Tampa/Hillsborough County CoC,2013,836.81,629.31,1909,965,944,2013,2010
FL-501,Tampa/Hillsborough County CoC,2014,849.3,638.01,1944,853,1091,2014,2010
FL-501,Tampa/Hillsborough County CoC,2015,863.1,642.36,1931,1175,756,2015,2010
FL-501,Tampa/Hillsborough County CoC,2016,898.59,666.65,1817,1048,769,2016,2010
FL-501,Tampa/Hillsborough County CoC,2017,931.41,696.78,1549,982,567,2017,2010
FL-501,Tampa/Hillsborough County CoC,2018,983.64,728.72,1795,1155,640,2018,2010
FL-501,Tampa/Hillsborough County CoC,2019,1032.03,766.6,1650,978,672,2019,2010
FL-501,Tampa/Hillsborough County CoC,2020,1085.48,804.34,1452,840,612,2020,2020
FL-501,Tampa/Hillsborough County CoC,2021,1159.17,856.52,870,870,0,2021,2020
FL-501,Tampa/Hillsborough County CoC,2022,1299.5,958.9,1513,925,588,2022,2020
FL-501,Tampa/Hillsborough County CoC,2023,1405.63,1031.97,2040,905,1135,2023,2020
FL-501,Tampa/Hillsborough County CoC,2024,1515.48,1095.57,1893,871,1022,2024,2020
FL-502,"St. Petersburg, Clearwater, Largo/Pinellas County CoC",2010,754.25,597.01,3948,1791,2157,2010,2010
FL-502,"St. Petersburg, Clearwater, Largo/Pinellas County CoC",2011,773.71,615.9,3890,1870,2020,2011,2010
FL-502,"St. Petersburg, Clearwater, Largo/Pinellas County CoC",2012,792.0,622.55,3971,1951,2020,2012,2010
FL-502,"St. Petersburg, Clearwater, Largo/Pinellas County CoC",2013,797.71,624.44,3913,1826,2087,2013,2010
FL-502,"St. Petersburg, Clearwater, Largo/Pinellas County CoC",2014,802.82,628.91,3391,2213,1178,2014,2010
FL-502,"St. Petersburg, Clearwater, Largo/Pinellas County CoC",2015,807.08,629.08,3387,2215,1172,2015,2010
FL-502,"St. Petersburg, Clearwater, Largo/Pinellas County CoC",2016,823.3,641.24,2777,1638,1139,2016,2010
FL-502,"St. Petersburg, Clearwater, Largo/Pinellas County CoC",2017,854.8,664.42,2831,1679,1152,2017,2010
FL-502,"St. Petersburg, Clearwater, Largo/Pinellas County CoC",2018,900.69,693.72,2612,1647,965,2018,2010
FL-502,"St. Petersburg, Clearwater, Largo/Pinellas County CoC",2019,946.04,729.29,2415,1581,834,2019,2010
FL-502,"St. Petersburg, Clearwater, Largo/Pinellas County CoC",2020,1009.34,776.06,2226,1418,808,2020,2020
FL-502,"St. Petersburg, Clearwater, Largo/Pinellas County CoC",2021,1082.6,828.17,2307,1305,1002,2021,2020
FL-502,"St. Petersburg, Clearwater, Largo/Pinellas County CoC",2022,1215.63,919.09,1985,1341,644,2022,2020
FL-502,"St. Petersburg, Clearwater, Largo/Pinellas County CoC",2023,1342.89,1012.22,2144,1498,646,2023,2020
FL-502,"St. Petersburg, Clearwater, Largo/Pinellas County CoC",2024,1463.2,1064.88,2110,1389,721,2024,2020
FL-503,Lakeland/Polk County CoC,2010,661.09,494.82,820,443,377,2010,2010
FL-503,Lakeland/Polk County CoC,2011,679.5,510.11,1100,498,602,2011,2010
FL-503,Lakeland/Polk County CoC,2012,688.33,516.76,881,297,584,2012,2010
FL-503,Lakeland/Polk County CoC,2013,687.56,517.66,520,325,195,2013,2010
FL-503,Lakeland/Polk County CoC,2014,698.55,527.03,536,248,288,2014,2010
FL-503,Lakeland/Polk County CoC,2015,705.17,531.55,464,227,237,2015,2010
FL-503,Lakeland/Polk County CoC,2016,719.6,542.95,635,375,260,2016,2010
FL-503,Lakeland/Polk County CoC,2017,741.36,557.23,512,363,149,2017,2010
FL-503,Lakeland/Polk County CoC,2018,783.42,579.21,552,418,134,2018,2010
FL-503,Lakeland/Polk County CoC,2019,829.23,596.83,563,449,114,2019,2010
FL-503,Lakeland/Polk County CoC,2020,866.42,613.12,612,422,190,2020,2020
FL-503,Lakeland/Polk County CoC,2021,929.16,658.99,385,385,0,2021,2020
FL-503,Lakeland/Polk County CoC,2022,1029.19,735.18,506,378,128,2022,2020
FL-503,Lakeland/Polk County CoC,2023,1109.2,774.63,776,604,172,2023,2020
FL-503,Lakeland/Polk County CoC,2024,1184.65,811.74,1207,549,658,2024,2020
FL-504,"Deltona, Daytona Beach/Volusia, Flagler Counties CoC",2010,750.9,601.44,2155,703,1452,2010,2010
FL-504,"Deltona, Daytona Beach/Volusia, Flagler Counties CoC",2011,776.06,607.57,2210,535,1675,2011,2010
FL-504,"Deltona, Daytona Beach/Volusia, Flagler Counties CoC",2012,778.37,606.26,2384,503,1881,2012,2010
FL-504,"Deltona, Daytona Beach/Volusia, Flagler Counties CoC",2013,777.44,608.15,2176,693,1483,2013,2010
FL-504,"Deltona, Daytona Beach/Volusia, Flagler Counties CoC",2014,791.99,618.44,1633,608,1025,2014,2010
FL-504,"Deltona, Daytona Beach/Volusia, Flagler Counties CoC",2015,794.98,624.53,1325,550,775,2015,2010
FL-504,"Deltona, Daytona Beach/Volusia, Flagler Counties CoC",2016,813.88,637.07,1005,424,581,2016,2010
FL-504,"Deltona, Daytona Beach/Volusia, Flagler Counties CoC",2017,844.06,666.52,753,305,448,2017,2010
FL-504,"Deltona, Daytona Beach/Volusia, Flagler Counties CoC",2018,888.51,700.85,683,277,406,2018,2010
FL-504,"Deltona, Daytona Beach/Volusia, Flagler Counties CoC",2019,924.03,724.85,875,368,507,2019,2010
FL-504,"Deltona, Daytona Beach/Volusia, Flagler Counties CoC",2020,975.9,760.63,904,451,453,2020,2020
FL-504,"Deltona, Daytona Beach/Volusia, Flagler Counties CoC",2021,1032.31,804.31,694,359,335,2021,2020
FL-504,"Deltona, Daytona Beach/Volusia, Flagler Counties CoC",2022,1158.97,878.76,865,463,402,2022,2020
FL-504,"Deltona, Daytona Beach/Volusia, Flagler Counties CoC",2023,1259.61,944.44,1053,470,583,2023,2020
FL-504,"Deltona, Daytona Beach/Volusia, Flagler Counties CoC",2024,1337.82,1002.5,1164,378,786,2024,2020
FL-505,"Fort Walton Beach/Okaloosa, Walton Counties CoC",2010,762.82,555.15,2262,471,1791,2010,2010
FL-505,"Fort Walton Beach/Okaloosa, Walton Counties CoC",2011,794.24,577.48,2764,475,2289,2011,2010
FL-505,"Fort Walton Beach/Okaloosa, Walton Counties CoC",2012,798.75,580.78,2438,510,1928,2012,2010
FL-505,"Fort Walton Beach/Okaloosa, Walton Counties CoC",2013,793.93,582.88,1658,383,1275,2013,2010
FL-505,"Fort Walton Beach/Okaloosa, Walton Counties CoC",2014,813.26,584.15,1577,302,1275,2014,2010
FL-505,"Fort Walton Beach/Okaloosa, Walton Counties CoC",2015,832.83,591.25,683,272,411,2015,2010
FL-505,"Fort Walton Beach/Okaloosa, Walton Counties CoC",2016,829.3,601.4,629,272,357,2016,2010
FL-505,"Fort Walton Beach/Okaloosa, Walton Counties CoC",2017,850.01,609.69,401,130,271,2017,2010
FL-505,"Fort Walton Beach/Okaloosa, Walton Counties CoC",2018,890.46,627.16,495,83,412,2018,2010
FL-505,"Fort Walton Beach/Okaloosa, Walton Counties CoC",2019,930.67,651.02,399,165,234,2019,2010
FL-505,"Fort Walton Beach/Okaloosa, Walton Counties CoC",2020,983.22,674.96,351,96,255,2020,2020
FL-505,"Fort Walton Beach/Okaloosa, Walton Counties CoC",2021,1054.74,726.59,73,73,0,2021,2020
FL-505,"Fort Walton Beach/Okaloosa, Walton Counties CoC",2022,1195.94,818.83,403,169,234,2022,2020
FL-505,"Fort Walton Beach/Okaloosa, Walton Counties CoC",2023,1293.28,880.7,395,138,257,2023,2020
FL-505,"Fort Walton Beach/Okaloosa, Walton Counties CoC",2024,1389.47,956.37,391,141,250,2024,2020
FL-506,Tallahassee/Leon County CoC,2010,651.5,487.53,640,536,104,2010,2010
FL-506,Tallahassee/Leon County CoC,2011,679.36,506.55,787,728,59,2011,2010
FL-506,Tallahassee/Leon County CoC,2012,687.29,511.99,797,738,59,2012,2010
FL-506,Tallahassee/Leon County CoC,2013,689.83,516.76,974,749,225,2013,2010
FL-506,Tallahassee/Leon County CoC,2014,702.78,517.49,805,617,188,2014,2010
FL-506,Tallahassee/Leon County CoC,2015,705.95,523.16,863,646,217,2015,2010
FL-506,Tallahassee/Leon County CoC,2016,720.88,537.24,869,721,148,2016,2010
FL-506,Tallahassee/Leon County CoC,2017,734.18,547.33,1072,950,122,2017,2010
FL-506,Tallahassee/Leon County CoC,2018,755.07,566.81,909,810,99,2018,2010
FL-506,Tallahassee/Leon County CoC,2019,773.13,582.9,966,875,91,2019,2010
FL-506,Tallahassee/Leon County CoC,2020,795.11,591.12,805,696,109,2020,2020
FL-506,Tallahassee/Leon County CoC,2021,838.61,620.61,621,530,91,2021,2020
FL-506,Tallahassee/Leon County CoC,2022,910.37,663.99,621,457,164,2022,2020
FL-506,Tallahassee/Leon County CoC,2023,963.6,704.93,801,532,269,2023,2020
FL-506,Tallahassee/Leon County CoC,2024,1011.74,735.86,840,624,216,2024,2020
FL-507,"Orlando/Orange, Osceola, Seminole Counties CoC",2010,862.04,686.21,4041,2065,1976,2010,2010
FL-507,"Orlando/Orange, Osceola, Seminole Counties CoC",2011,874.77,696.37,4515,2127,2388,2011,2010
FL-507,"Orlando/Orange, Osceola, Seminole Counties CoC",2012,870.98,689.23,3661,2218,1443,2012,2010
FL-507,"Orlando/Orange, Osceola, Seminole Counties CoC",2013,874.98,692.09,4378,2321,2057,2013,2010
FL-507,"Orlando/Orange, Osceola, Seminole Counties CoC",2014,883.78,704.99,2254,1988,266,2014,2010
FL-507,"Orlando/Orange, Osceola, Seminole Counties CoC",2015,896.68,711.23,2112,1820,292,2015,2010
FL-507,"Orlando/Orange, Osceola, Seminole Counties CoC",2016,926.41,733.27,1670,1537,133,2016,2010
FL-507,"Orlando/Orange, Osceola, Seminole Counties CoC",2017,970.92,765.0,2074,1734,340,2017,2010
FL-507,"Orlando/Orange, Osceola, Seminole Counties CoC",2018,1029.59,797.82,2053,1693,360,2018,2010
FL-507,"Orlando/Orange, Osceola, Seminole Counties CoC",2019,1083.32,839.12,2010,1674,336,2019,2010
FL-507,"Orlando/Orange, Osceola, Seminole Counties CoC",2020,1152.53,888.61,2007,1548,459,2020,2020
FL-507,"Orlando/Orange, Osceola, Seminole Counties CoC",2021,1239.82,947.58,1544,1544,0,2021,2020
FL-507,"Orlando/Orange, Osceola, Seminole Counties CoC",2022,1378.13,1057.1,2151,1725,426,2022,2020
FL-507,"Orlando/Orange, Osceola, Seminole Counties CoC",2023,1489.61,1140.95,2258,1671,587,2023,2020
FL-507,"Orlando/Orange, Osceola, Seminole Counties CoC",2024,1595.52,1225.7,2776,1682,1094,2024,2020
FL-508,"Gainesville/Alachua, Putnam Counties CoC",2010,662.95,479.79,1019,297,722,2010,2010
FL-508,"Gainesville/Alachua, Putnam Counties CoC",2011,686.88,494.64,1179,439,740,2011,2010
FL-508,"Gainesville/Alachua, Putnam Counties CoC",2012,700.37,508.86,1814,389,1425,2012,2010
FL-508,"Gainesville/Alachua, Putnam Counties CoC",2013,692.38,508.31,1718,413,1305,2013,2010
FL-508,"Gainesville/Alachua, Putnam Counties CoC",2014,696.07,508.6,1256,368,888,2014,2010
FL-508,"Gainesville/Alachua, Putnam Counties CoC",2015,692.15,507.48,870,317,553,2015,2010
FL-508,"Gainesville/Alachua, Putnam Counties CoC",2016,702.91,514.54,844,419,425,2016,2010
FL-508,"Gainesville/Alachua, Putnam Counties CoC",2017,714.3,524.06,819,373,446,2017,2010
FL-508,"Gainesville/Alachua, Putnam Counties CoC",2018,749.68,540.94,756,323,433,2018,2010
FL-508,"Gainesville/Alachua, Putnam Counties CoC",2019,774.58,548.11,804,306,498,2019,2010
FL-508,"Gainesville/Alachua, Putnam Counties CoC",2020,799.23,567.15,880,279,601,2020,2020
FL-508,"Gainesville/Alachua, Putnam Counties CoC",2021,860.26,605.9,677,313,364,2021,2020
FL-508,"Gainesville/Alachua, Putnam Counties CoC",2022,974.93,663.51,925,338,587,2022,2020
FL-508,"Gainesville/Alachua, Putnam Counties CoC",2023,1022.84,704.34,1006,308,698,2023,2020
FL-508,"Gainesville/Alachua, Putnam Counties CoC",2024,1095.19,735.93,752,308,444,2024,2020
FL-509,"Fort Pierce/St. Lucie, Indian River, Martin Counties CoC",2010,834.12,635.39,2160,186,1974,2010,2010
FL-509,"Fort Pierce/St. Lucie, Indian River, Martin Counties CoC",2011,836.09,626.17,1683,194,1489,2011,2010
FL-509,"Fort Pierce/St. Lucie, Indian River, Martin Counties CoC",2012,803.88,617.35,1724,179,1545,2012,2010
FL-509,"Fort Pierce/St. Lucie, Indian River, Martin Counties CoC",2013,798.29,611.32,2240,224,2016,2013,2010
FL-509,"Fort Pierce/St. Lucie, Indian River, Martin Counties CoC",2014,801.13,611.41,2591,249,2342,2014,2010
FL-509,"Fort Pierce/St. Lucie, Indian River, Martin Counties CoC",2015,818.24,620.87,2412,236,2176,2015,2010
FL-509,"Fort Pierce/St. Lucie, Indian River, Martin Counties CoC",2016,847.4,643.1,2382,248,2134,2016,2010
FL-509,"Fort Pierce/St. Lucie, Indian River, Martin Counties CoC",2017,897.95,666.33,1732,183,1549,2017,2010
FL-509,"Fort Pierce/St. Lucie, Indian River, Martin Counties CoC",2018,964.08,705.11,1542,513,1029,2018,2010
FL-509,"Fort Pierce/St. Lucie, Indian River, Martin Counties CoC",2019,1006.38,729.86,1499,154,1345,2019,2010
FL-509,"Fort Pierce/St. Lucie, Indian River, Martin Counties CoC",2020,1048.06,763.81,1379,188,1191,2020,2020
FL-509,"Fort Pierce/St. Lucie, Indian River, Martin Counties CoC",2021,1114.0,804.08,814,121,693,2021,2020
FL-509,"Fort Pierce/St. Lucie, Indian River, Martin Counties CoC",2022,1233.27,874.36,846,147,699,2022,2020
FL-509,"Fort Pierce/St. Lucie, Indian River, Martin Counties CoC",2023,1297.21,934.43,925,185,740,2023,2020
FL-509,"Fort Pierce/St. Lucie, Indian River, Martin Counties CoC",2024,1409.86,971.41,701,147,554,2024,2020
FL-510,"Jacksonville-Duval, Clay Counties CoC",2010,745.28,565.21,3241,2069,1172,2010,2010
FL-510,"Jacksonville-Duval, Clay Counties CoC",2011,767.28,580.66,3025,1593,1432,2011,2010
FL-510,"Jacksonville-Duval, Clay Counties CoC",2012,775.1,583.36,2861,1542,1319,2012,2010
FL-510,"Jacksonville-Duval, Clay Counties CoC",2013,780.5,587.3,2768,1671,1097,2013,2010
FL-510,"Jacksonville-Duval, Clay Counties CoC",2014,790.99,594.41,2049,1756,293,2014,2010
FL-510,"Jacksonville-Duval, Clay Counties CoC",2015,801.4,604.48,1853,1427,426,2015,2010
FL-510,"Jacksonville-Duval, Clay Counties CoC",2016,818.8,618.06,1959,1518,441,2016,2010
FL-510,"Jacksonville-Duval, Clay Counties CoC",2017,847.72,637.71,1869,1437,432,2017,2010
FL-510,"Jacksonville-Duval, Clay Counties CoC",2018,885.92,664.96,1794,1365,429,2018,2010
FL-510,"Jacksonville-Duval, Clay Counties CoC",2019,924.31,698.85,1654,1146,508,2019,2010
FL-510,"Jacksonville-Duval, Clay Counties CoC",2020,959.34,722.43,1366,915,451,2020,2020
FL-510,"Jacksonville-Duval, Clay Counties CoC",2021,1023.42,763.66,1222,992,230,2021,2020
FL-510,"Jacksonville-Duval, Clay Counties CoC",2022,1138.05,848.56,1279,1049,230,2022,2020
FL-510,"Jacksonville-Duval, Clay Counties CoC",2023,1225.66,902.63,1247,851,396,2023,2020
FL-510,"Jacksonville-Duval, Clay Counties CoC",2024,1310.77,963.86,1339,779,560,2024,2020
FL-511,"Pensacola/Escambia, Santa Rosa Counties CoC",2010,656.3,477.17,1160,542,618,2010,2010
FL-511,"Pensacola/Escambia, Santa Rosa Counties CoC",2011,684.03,507.88,733,455,278,2011,2010
FL-511,"Pensacola/Escambia, Santa Rosa Counties CoC",2012,700.93,522.22,792,526,266,2012,2010
FL-511,"Pensacola/Escambia, Santa Rosa Counties CoC",2013,711.6,527.4,945,563,382,2013,2010
FL-511,"Pensacola/Escambia, Santa Rosa Counties CoC",2014,727.05,535.99,843,611,232,2014,2010
FL-511,"Pensacola/Escambia, Santa Rosa Counties CoC",2015,733.24,546.66,1014,538,476,2015,2010
FL-511,"Pensacola/Escambia, Santa Rosa Counties CoC",2016,738.77,542.72,798,616,182,2016,2010
FL-511,"Pensacola/Escambia, Santa Rosa Counties CoC",2017,758.95,560.57,758,501,257,2017,2010
FL-511,"Pensacola/Escambia, Santa Rosa Counties CoC",2018,782.12,578.93,632,487,145,2018,2010
FL-511,"Pensacola/Escambia, Santa Rosa Counties CoC",2019,799.43,588.16,518,341,177,2019,2010
FL-511,"Pensacola/Escambia, Santa Rosa Counties CoC",2020,838.73,613.76,746,372,374,2020,2020
FL-511,"Pensacola/Escambia, Santa Rosa Counties CoC",2021,900.86,647.69,731,148,583,2021,2020
FL-511,"Pensacola/Escambia, Santa Rosa Counties CoC",2022,1004.12,708.96,727,360,367,2022,2020
FL-511,"Pensacola/Escambia, Santa Rosa Counties CoC",2023,1073.06,752.09,1180,438,742,2023,2020
FL-511,"Pensacola/Escambia, Santa Rosa Counties CoC",2024,1163.72,809.18,1123,579,544,2024,2020
FL-512,St. Johns County CoC,2010,916.8,676.3,1252,201,1051,2010,2010
FL-512,St. Johns County CoC,2011,936.06,717.65,1391,190,1201,2011,2010
FL-512,St. Johns County CoC,2012,956.21,712.1,1385,184,1201,2012,2010
FL-512,St. Johns County CoC,2013,974.13,725.06,1437,233,1204,2013,2010
FL-512,St. Johns County CoC,2014,1002.16,750.82,1401,197,1204,2014,2010
FL-512,St. Johns County CoC,2015,1029.09,774.36,1161,198,963,2015,2010
FL-512,St. Johns County CoC,2016,1055.55,789.75,1064,255,809,2016,2010
FL-512,St. Johns County CoC,2017,1104.43,812.77,445,179,266,2017,2010
FL-512,St. Johns County CoC,2018,1149.78,838.96,342,178,164,2018,2010
FL-512,St. Johns County CoC,2019,1195.14,870.04,356,156,200,2019,2010
FL-512,St. Johns County CoC,2020,1233.92,885.55,367,162,205,2020,2020
FL-512,St. Johns County CoC,2021,1372.44,950.02,420,129,291,2021,2020
FL-512,St. Johns County CoC,2022,1507.23,1040.57,349,107,242,2022,2020
FL-512,St. Johns County CoC,2023,1705.84,1181.55,435,152,283,2023,2020
FL-512,St. Johns County CoC,2024,1869.63,1283.37,442,175,267,2024,2020
FL-513,"Palm Bay, Melbourne/Brevard County CoC",2010,769.97,606.74,1221,1002,219,2010,2010
FL-513,"Palm Bay, Melbourne/Brevard County CoC",2011,777.22,612.3,1907,690,1217,2011,2010
FL-513,"Palm Bay, Melbourne/Brevard County CoC",2012,773.04,608.27,2062,743,1319,2012,2010
FL-513,"Palm Bay, Melbourne/Brevard County CoC",2013,771.14,602.7,1567,707,860,2013,2010
FL-513,"Palm Bay, Melbourne/Brevard County CoC",2014,779.26,612.68,1477,617,860,2014,2010
FL-513,"Palm Bay, Melbourne/Brevard County CoC",2015,788.09,619.58,1072,684,388,2015,2010
FL-513,"Palm Bay, Melbourne/Brevard County CoC",2016,809.81,634.64,827,644,183,2016,2010
FL-513,"Palm Bay, Melbourne/Brevard County CoC",2017,845.43,658.15,845,592,253,2017,2010
FL-513,"Palm Bay, Melbourne/Brevard County CoC",2018,898.05,692.7,734,481,253,2018,2010
FL-513,"Palm Bay, Melbourne/Brevard County CoC",2019,948.05,719.84,815,418,397,2019,2010
FL-513,"Palm Bay, Melbourne/Brevard County CoC",2020,987.6,745.74,940,366,574,2020,2020
FL-513,"Palm Bay, Melbourne/Brevard County CoC",2021,1082.19,796.79,432,432,0,2021,2020
FL-513,"Palm Bay, Melbourne/Brevard County CoC",2022,1204.05,895.42,916,473,443,2022,2020
FL-513,"Palm Bay, Melbourne/Brevard County CoC",2023,1311.21,967.6,1052,387,665,2023,2020
FL-513,"Palm Bay, Melbourne/Brevard County CoC",2024,1383.86,1004.79,1116,337,779,2024,2020
FL-514,Ocala/Marion County CoC,2010,646.15,483.16,576,382,194,2010,2010
FL-514,Ocala/Marion County CoC,2011,638.79,493.83,1032,432,600,2011,2010
FL-514,Ocala/Marion County CoC,2012,642.69,502.07,911,311,600,2012,2010
FL-514,Ocala/Marion County CoC,2013,624.86,493.32,530,325,205,2013,2010
FL-514,Ocala/Marion County CoC,2014,629.57,493.33,918,274,644,2014,2010
FL-514,Ocala/Marion County CoC,2015,635.8,499.0,787,259,528,2015,2010
FL-514,Ocala/Marion County CoC,2016,654.06,507.66,823,295,528,2016,2010
FL-514,Ocala/Marion County CoC,2017,665.67,512.62,725,290,435,2017,2010
FL-514,Ocala/Marion County CoC,2018,685.55,527.46,572,301,271,2018,2010
FL-514,Ocala/Marion County CoC,2019,715.49,539.06,475,296,179,2019,2010
FL-514,Ocala/Marion County CoC,2020,741.4,551.11,523,373,150,2020,2020
FL-514,Ocala/Marion County CoC,2021,804.87,590.84,512,302,210,2021,2020
FL-514,Ocala/Marion County CoC,2022,897.04,642.98,455,267,188,2022,2020
FL-514,Ocala/Marion County CoC,2023,996.52,703.24,454,234,220,2023,2020
FL-514,Ocala/Marion County CoC,2024,1086.92,758.53,378,179,199,2024,2020
FL-515,"Panama City/Bay, Jackson Counties CoC",2010,631.96,408.11,326,224,102,2010,2010
FL-515,"Panama City/Bay, Jackson Counties CoC",2011,645.49,425.48,411,296,115,2011,2010
FL-515,"Panama City/Bay, Jackson Counties CoC",2012,653.46,448.87,322,235,87,2012,2010
FL-515,"Panama City/Bay, Jackson Counties CoC",2013,657.93,459.6,301,201,100,2013,2010
FL-515,"Panama City/Bay, Jackson Counties CoC",2014,672.97,474.0,268,196,72,2014,2010
FL-515,"Panama City/Bay, Jackson Counties CoC",2015,670.19,464.74,317,183,134,2015,2010
FL-515,"Panama City/Bay, Jackson Counties CoC",2016,694.97,482.22,310,174,136,2016,2010
FL-515,"Panama City/Bay, Jackson Counties CoC",2017,717.91,496.1,336,143,193,2017,2010
FL-515,"Panama City/Bay, Jackson Counties CoC",2018,742.62,502.71,381,109,272,2018,2010
FL-515,"Panama City/Bay, Jackson Counties CoC",2019,768.07,501.68,488,133,355,2019,2010
FL-515,"Panama City/Bay, Jackson Counties CoC",2020,795.68,519.73,385,136,249,2020,2020
FL-515,"Panama City/Bay, Jackson Counties CoC",2021,864.22,555.44,101,101,0,2021,2020
FL-515,"Panama City/Bay, Jackson Counties CoC",2022,951.5,590.28,378,44,334,2022,2020
FL-515,"Panama City/Bay, Jackson Counties CoC",2023,1020.28,665.15,517,123,394,2023,2020
FL-515,"Panama City/Bay, Jackson Counties CoC",2024,1096.77,700.97,499,126,373,2024,2020
FL-517,"Hendry, Hardee, Highlands Counties CoC",2010,577.42,428.42,4220,101,4119,2010,2010
FL-517,"Hendry, Hardee, Highlands Counties CoC",2011,580.9,440.4,1319,114,1205,2011,2010
FL-517,"Hendry, Hardee, Highlands Counties CoC",2012,573.69,433.59,1319,114,1205,2012,2010
FL-517,"Hendry, Hardee, Highlands Counties CoC",2013,558.28,424.07,3847,136,3711,2013,2010
FL-517,"Hendry, Hardee, Highlands Counties CoC",2014,568.34,425.51,1346,234,1112,2014,2010
FL-517,"Hendry, Hardee, Highlands Counties CoC",2015,552.68,419.48,1218,278,940,2015,2010
FL-517,"Hendry, Hardee, Highlands Counties CoC",2016,559.28,417.3,1071,313,758,2016,2010
FL-517,"Hendry, Hardee, Highlands Counties CoC",2017,573.87,426.44,609,91,518,2017,2010
FL-517,"Hendry, Hardee, Highlands Counties CoC",2018,593.72,443.05,453,69,384,2018,2010
FL-517,"Hendry, Hardee, Highlands Counties CoC",2019,618.28,464.66,398,48,350,2019,2010
FL-517,"Hendry, Hardee, Highlands Counties CoC",2020,627.19,489.67,403,48,355,2020,2020
FL-517,"Hendry, Hardee, Highlands Counties CoC",2021,670.65,500.2,27,27,0,2021,2020
FL-517,"Hendry, Hardee, Highlands Counties CoC",2022,743.02,555.56,650,41,609,2022,2020
FL-517,"Hendry, Hardee, Highlands Counties CoC",2023,793.45,593.3,1016,120,896,2023,2020
FL-517,"Hendry, Hardee, Highlands Counties CoC",2024,827.77,597.16,641,0,641,2024,2020
FL-518,"Columbia, Hamilton, Lafayette, Suwannee Counties CoC",2010,479.9,335.04,1114,165,949,2010,2010
FL-518,"Columbia, Hamilton, Lafayette, Suwannee Counties CoC",2011,514.9,346.78,1179,83,1096,2011,2010
FL-518,"Columbia, Hamilton, Lafayette, Suwannee Counties CoC",2012,511.72,342.73,1180,84,1096,2012,2010
FL-518,"Columbia, Hamilton, Lafayette, Suwannee Counties CoC",2013,526.07,361.02,1278,81,1197,2013,2010
FL-518,"Columbia, Hamilton, Lafayette, Suwannee Counties CoC",2014,525.46,375.92,1070,83,987,2014,2010
FL-518,"Columbia, Hamilton, Lafayette, Suwannee Counties CoC",2015,536.31,401.83,1115,66,1049,2015,2010
FL-518,"Columbia, Hamilton, Lafayette, Suwannee Counties CoC",2016,549.07,410.31,1145,96,1049,2016,2010
FL-518,"Columbia, Hamilton, Lafayette, Suwannee Counties CoC",2017,562.62,435.63,502,99,403,2017,2010
FL-518,"Columbia, Hamilton, Lafayette, Suwannee Counties CoC",2018,577.7,442.56,493,90,403,2018,2010
FL-518,"Columbia, Hamilton, Lafayette, Suwannee Counties CoC",2019,586.98,457.37,538,113,425,2019,2010
FL-518,"Columbia, Hamilton, Lafayette, Suwannee Counties CoC",2020,621.08,469.07,578,84,494,2020,2020
FL-518,"Columbia, Hamilton, Lafayette, Suwannee Counties CoC",2021,650.85,465.38,69,69,0,2021,2020
FL-518,"Columbia, Hamilton, Lafayette, Suwannee Counties CoC",2022,691.44,498.25,488,81,407,2022,2020
FL-518,"Columbia, Hamilton, Lafayette, Suwannee Counties CoC",2023,715.75,507.43,494,96,398,2023,2020
FL-518,"Columbia, Hamilton, Lafayette, Suwannee Counties CoC",2024,770.17,531.91,527,72,455,2024,2020
FL-519,Pasco County CoC,2010,739.88,545.31,4527,1674,2853,2010,2010
FL-519,Pasco County CoC,2011,768.27,569.12,4502,343,4159,2011,2010
FL-519,Pasco County CoC,2012,783.02,578.68,4351,192,4159,2012,2010
FL-519,Pasco County CoC,2013,780.44,572.67,3305,105,3200,2013,2010
FL-519,Pasco County CoC,2014,785.55,588.24,3356,156,3200,2014,2010
FL-519,Pasco County CoC,2015,790.87,597.74,1019,159,860,2015,2010
FL-519,Pasco County CoC,2016,808.12,605.28,1055,195,860,2016,2010
FL-519,Pasco County CoC,2017,844.09,619.76,2593,178,2415,2017,2010
FL-519,Pasco County CoC,2018,881.69,642.24,2668,253,2415,2018,2010
FL-519,Pasco County CoC,2019,917.72,659.38,894,206,688,2019,2010
FL-519,Pasco County CoC,2020,965.48,698.72,898,210,688,2020,2020
FL-519,Pasco County CoC,2021,1035.83,747.17,857,334,523,2021,2020
FL-519,Pasco County CoC,2022,1155.41,843.84,589,252,337,2022,2020
FL-519,Pasco County CoC,2023,1250.64,891.42,680,259,421,2023,2020
FL-519,Pasco County CoC,2024,1365.94,959.03,731,304,427,2024,2020
FL-520,"Citrus, Hernando, Lake, Sumter Counties CoC",2010,709.14,512.91,1385,295,1090,2010,2010
FL-520,"Citrus, Hernando, Lake, Sumter Counties CoC",2011,737.32,536.25,1715,330,1385,2011,2010
FL-520,"Citrus, Hernando, Lake, Sumter Counties CoC",2012,751.3,546.77,1788,403,1385,2012,2010
FL-520,"Citrus, Hernando, Lake, Sumter Counties CoC",2013,751.42,548.56,709,303,406,2013,2010
FL-520,"Citrus, Hernando, Lake, Sumter Counties CoC",2014,754.97,547.55,511,310,201,2014,2010
FL-520,"Citrus, Hernando, Lake, Sumter Counties CoC",2015,753.13,556.52,731,267,464,2015,2010
FL-520,"Citrus, Hernando, Lake, Sumter Counties CoC",2016,772.92,561.11,595,303,292,2016,2010
FL-520,"Citrus, Hernando, Lake, Sumter Counties CoC",2017,790.82,572.0,635,282,353,2017,2010
FL-520,"Citrus, Hernando, Lake, Sumter Counties CoC",2018,834.97,600.79,711,449,262,2018,2010
FL-520,"Citrus, Hernando, Lake, Sumter Counties CoC",2019,873.22,617.68,677,346,331,2019,2010
FL-520,"Citrus, Hernando, Lake, Sumter Counties CoC",2020,916.37,620.65,703,279,424,2020,2020
FL-520,"Citrus, Hernando, Lake, Sumter Counties CoC",2021,984.42,662.54,638,313,325,2021,2020
FL-520,"Citrus, Hernando, Lake, Sumter Counties CoC",2022,1105.91,732.49,745,420,325,2022,2020
FL-520,"Citrus, Hernando, Lake, Sumter Counties CoC",2023,1195.29,780.76,649,323,326,2023,2020
FL-520,"Citrus, Hernando, Lake, Sumter Counties CoC",2024,1293.69,838.38,786,341,445,2024,2020
FL-600,Miami-Dade County CoC,2010,905.98,648.75,3879,3120,759,2010,2010
FL-600,Miami-Dade County CoC,2011,946.86,682.81,3817,3028,789,2011,2010
FL-600,Miami-Dade County CoC,2012,964.28,694.02,3976,3108,868,2012,2010
FL-600,Miami-Dade County CoC,2013,984.79,716.12,3802,2963,839,2013,2010
FL-600,Miami-Dade County CoC,2014,1002.78,729.36,4156,3316,840,2014,2010
FL-600,Miami-Dade County CoC,2015,1024.48,739.16,4152,3145,1007,2015,2010
FL-600,Miami-Dade County CoC,2016,1055.32,762.15,4235,3253,982,2016,2010
FL-600,Miami-Dade County CoC,2017,1100.99,796.49,3721,2710,1011,2017,2010
FL-600,Miami-Dade County CoC,2018,1164.09,825.35,3516,2486,1030,2018,2010
FL-600,Miami-Dade County CoC,2019,1226.49,873.54,3472,2464,1008,2019,2010
FL-600,Miami-Dade County CoC,2020,1289.71,915.72,3560,2540,1020,2020,2020
FL-600,Miami-Dade County CoC,2021,1371.02,986.93,3224,2332,892,2021,2020
FL-600,Miami-Dade County CoC,2022,1512.69,1082.59,3276,2306,970,2022,2020
FL-600,Miami-Dade County CoC,2023,1619.29,1164.64,3657,2599,1058,2023,2020
FL-600,Miami-Dade County CoC,2024,1717.95,1234.85,3800,2767,1033,2024,2020
FL-601,Ft Lauderdale/Broward County CoC,2010,1021.54,786.17,3225,2425,800,2010,2010
FL-601,Ft Lauderdale/Broward County CoC,2011,1046.92,806.67,3801,2533,1268,2011,2010
FL-601,Ft Lauderdale/Broward County CoC,2012,1055.88,811.8,3183,1915,1268,2012,2010
FL-601,Ft Lauderdale/Broward County CoC,2013,1067.08,817.56,2810,1981,829,2013,2010
FL-601,Ft Lauderdale/Broward County CoC,2014,1079.89,820.41,2766,1887,879,2014,2010
FL-601,Ft Lauderdale/Broward County CoC,2015,1104.19,830.87,2615,1796,819,2015,2010
FL-601,Ft Lauderdale/Broward County CoC,2016,1139.67,854.45,2302,1520,782,2016,2010
FL-601,Ft Lauderdale/Broward County CoC,2017,1186.4,886.46,2450,1493,957,2017,2010
FL-601,Ft Lauderdale/Broward County CoC,2018,1249.41,934.49,2318,1449,869,2018,2010
FL-601,Ft Lauderdale/Broward County CoC,2019,1301.59,974.45,2803,1453,1350,2019,2010
FL-601,Ft Lauderdale/Broward County CoC,2020,1343.95,1015.28,2211,1227,984,2020,2020
FL-601,Ft Lauderdale/Broward County CoC,2021,1415.0,1077.5,2561,794,1767,2021,2020
FL-601,Ft Lauderdale/Broward County CoC,2022,1555.01,1182.23,2054,826,1228,2022,2020
FL-601,Ft Lauderdale/Broward County CoC,2023,1678.22,1275.84,2487,863,1624,2023,2020
FL-601,Ft Lauderdale/Broward County CoC,2024,1794.09,1337.57,2469,845,1624,2024,2020
FL-602,Charlotte County CoC,2010,757.05,630.51,376,202,174,2010,2010
FL-602,Charlotte County CoC,2011,760.26,612.82,828,192,636,2011,2010
FL-602,Charlotte County CoC,2012,734.9,605.41,756,211,545,2012,2010
FL-602,Charlotte County CoC,2013,746.95,603.08,573,186,387,2013,2010
FL-602,Charlotte County CoC,2014,760.13,609.94,511,203,308,2014,2010
FL-602,Charlotte County CoC,2015,761.61,609.3,562,162,400,2015,2010
FL-602,Charlotte County CoC,2016,781.65,623.18,388,134,254,2016,2010
FL-602,Charlotte County CoC,2017,825.53,642.2,222,89,133,2017,2010
FL-602,Charlotte County CoC,2018,871.97,678.08,164,78,86,2018,2010
FL-602,Charlotte County CoC,2019,916.64,723.3,156,89,67,2019,2010
FL-602,Charlotte County CoC,2020,941.73,722.21,169,93,76,2020,2020
FL-602,Charlotte County CoC,2021,992.39,754.04,154,93,61,2021,2020
FL-602,Charlotte County CoC,2022,1080.86,816.23,148,108,40,2022,2020
FL-602,Charlotte County CoC,2023,1163.21,856.5,427,193,234,2023,2020
FL-602,Charlotte County CoC,2024,1296.92,937.55,343,134,209,2024,2020
FL-603,"Ft Myers, Cape Coral/Lee County CoC",2010,819.18,639.63,944,461,483,2010,2010
FL-603,"Ft Myers, Cape Coral/Lee County CoC",2011,813.58,633.06,969,513,456,2011,2010
FL-603,"Ft Myers, Cape Coral/Lee County CoC",2012,789.16,619.16,781,410,371,2012,2010
FL-603,"Ft Myers, Cape Coral/Lee County CoC",2013,793.64,622.31,848,452,396,2013,2010
FL-603,"Ft Myers, Cape Coral/Lee County CoC",2014,792.22,626.08,871,427,444,2014,2010
FL-603,"Ft Myers, Cape Coral/Lee County CoC",2015,806.38,630.28,614,300,314,2015,2010
FL-603,"Ft Myers, Cape Coral/Lee County CoC",2016,837.1,646.44,439,256,183,2016,2010
FL-603,"Ft Myers, Cape Coral/Lee County CoC",2017,887.48,681.25,431,244,187,2017,2010
FL-603,"Ft Myers, Cape Coral/Lee County CoC",2018,957.55,721.35,728,524,204,2018,2010
FL-603,"Ft Myers, Cape Coral/Lee County CoC",2019,1028.36,773.4,372,210,162,2019,2010
FL-603,"Ft Myers, Cape Coral/Lee County CoC",2020,1096.78,823.7,444,233,211,2020,2020
FL-603,"Ft Myers, Cape Coral/Lee County CoC",2021,1173.45,884.08,394,177,217,2021,2020
FL-603,"Ft Myers, Cape Coral/Lee County CoC",2022,1312.09,994.84,560,159,401,2022,2020
FL-603,"Ft Myers, Cape Coral/Lee County CoC",2023,1424.33,1078.13,862,264,598,2023,2020
FL-603,"Ft Myers, Cape Coral/Lee County CoC",2024,1538.56,1163.97,941,197,744,2024,2020
FL-604,Monroe County CoC,2010,1151.39,803.13,1040,324,716,2010,2010
FL-604,Monroe County CoC,2011,1142.95,799.64,904,346,558,2011,2010
FL-604,Monroe County CoC,2012,1233.97,866.01,922,364,558,2012,2010
FL-604,Monroe County CoC,2013,1262.02,876.67,652,347,305,2013,2010
FL-604,Monroe County CoC,2014,1315.12,905.06,678,383,295,2014,2010
FL-604,Monroe County CoC,2015,1295.81,919.0,615,301,314,2015,2010
FL-604,Monroe County CoC,2016,1353.57,973.41,575,305,270,2016,2010
FL-604,Monroe County CoC,2017,1402.43,1005.26,631,339,292,2017,2010
FL-604,Monroe County CoC,2018,1515.84,1085.53,973,761,212,2018,2010
FL-604,Monroe County CoC,2019,1546.61,1104.67,501,292,209,2019,2010
FL-604,Monroe County CoC,2020,1615.91,1135.78,421,243,178,2020,2020
FL-604,Monroe County CoC,2021,1646.68,1150.23,242,242,0,2021,2020
FL-604,Monroe County CoC,2022,1655.05,1178.07,526,322,204,2022,2020
FL-604,Monroe County CoC,2023,1728.41,1223.44,493,283,210,2023,2020
FL-604,Monroe County CoC,2024,1832.19,1287.06,450,267,183,2024,2020
FL-605,West Palm Beach/Palm Beach County CoC,2010,1014.72,756.69,2147,740,1407,2010,2010
FL-605,West Palm Beach/Palm Beach County CoC,2011,1034.88,765.98,2148,751,1397,2011,2010
FL-605,West Palm Beach/Palm Beach County CoC,2012,1045.19,770.87,2116,719,1397,2012,2010
FL-605,West Palm Beach/Palm Beach County CoC,2013,1047.6,771.19,1559,612,947,2013,2010
FL-605,West Palm Beach/Palm Beach County CoC,2014,1056.74,779.1,1596,649,947,2014,2010
FL-605,West Palm Beach/Palm Beach County CoC,2015,1084.23,787.35,1421,596,825,2015,2010
FL-605,West Palm Beach/Palm Beach County CoC,2016,1115.15,811.95,1332,507,825,2016,2010
FL-605,West Palm Beach/Palm Beach County CoC,2017,1163.92,839.6,1607,526,1081,2017,2010
FL-605,West Palm Beach/Palm Beach County CoC,2018,1220.55,880.11,1309,458,851,2018,2010
FL-605,West Palm Beach/Palm Beach County CoC,2019,1290.15,930.02,1397,457,940,2019,2010
FL-605,West Palm Beach/Palm Beach County CoC,2020,1351.39,971.1,1510,480,1030,2020,2020
FL-605,West Palm Beach/Palm Beach County CoC,2021,1414.29,1031.99,458,458,0,2021,2020
FL-605,West Palm Beach/Palm Beach County CoC,2022,1578.45,1137.53,1404,526,878,2022,2020
FL-605,West Palm Beach/Palm Beach County CoC,2023,1701.09,1233.01,1855,686,1169,2023,2020
FL-605,West Palm Beach/Palm Beach County CoC,2024,1821.36,1298.62,2126,546,1580,2024,2020
FL-606,Naples/Collier County CoC,2010,933.44,728.34,401,324,77,2010,2010
FL-606,Naples/Collier County CoC,2011,920.2,718.28,390,285,105,2011,2010
FL-606,Naples/Collier County CoC,2012,916.8,710.19,455,350,105,2012,2010
FL-606,Naples/Collier County CoC,2013,901.39,713.75,396,342,54,2013,2010
FL-606,Naples/Collier County CoC,2014,929.92,721.44,361,326,35,2014,2010
FL-606,Naples/Collier County CoC,2015,951.97,736.04,389,345,44,2015,2010
FL-606,Naples/Collier County CoC,2016,1037.07,777.85,545,328,217,2016,2010
FL-606,Naples/Collier County CoC,2017,1077.06,814.9,621,434,187,2017,2010
FL-606,Naples/Collier County CoC,2018,1149.64,841.64,653,440,213,2018,2010
FL-606,Naples/Collier County CoC,2019,1208.31,899.72,498,399,99,2019,2010
FL-606,Naples/Collier County CoC,2020,1263.55,929.85,603,435,168,2020,2020
FL-606,Naples/Collier County CoC,2021,1365.63,975.51,568,424,144,2021,2020
FL-606,Naples/Collier County CoC,2022,1507.06,1088.06,462,305,157,2022,2020
FL-606,Naples/Collier County CoC,2023,1627.69,1175.09,703,462,241,2023,2020
FL-606,Naples/Collier County CoC,2024,1761.43,1233.81,660,254,406,2024,2020
GA-500,Atlanta CoC,2010,739.09,512.14,7019,4855,2164,2010,2010
GA-500,Atlanta CoC,2011,765.75,524.65,6805,4427,2378,2011,2010
GA-500,Atlanta CoC,2012,786.7,544.48,6811,4433,2378,2012,2010
GA-500,Atlanta CoC,2013,791.2,555.53,5536,3803,1733,2013,2010
GA-500,Atlanta CoC,2014,815.67,569.85,4797,3422,1375,2014,2010
GA-500,Atlanta CoC,2015,832.05,583.83,4317,3280,1037,2015,2010
GA-500,Atlanta CoC,2016,861.81,597.79,4063,3225,838,2016,2010
GA-500,Atlanta CoC,2017,914.89,610.78,3572,2891,681,2017,2010
GA-500,Atlanta CoC,2018,982.63,633.96,3076,2336,740,2018,2010
GA-500,Atlanta CoC,2019,1047.72,659.4,3217,2498,719,2019,2010
GA-500,Atlanta CoC,2020,1117.96,700.79,3240,2301,939,2020,2020
GA-500,Atlanta CoC,2021,1206.46,753.41,1996,1996,0,2021,2020
GA-500,Atlanta CoC,2022,1350.42,855.93,2017,1364,653,2022,2020
GA-500,Atlanta CoC,2023,1463.09,938.81,2679,1941,738,2023,2020
GA-500,Atlanta CoC,2024,1569.65,1032.41,2867,1827,1040,2024,2020
GA-501,Georgia Balance of State CoC,2010,573.97,379.07,9750,1943,7807,2010,2010
GA-501,Georgia Balance of State CoC,2011,595.21,393.57,11168,2313,8855,2011,2010
GA-501,Georgia Balance of State CoC,2012,607.97,406.26,11105,2250,8855,2012,2010
GA-501,Georgia Balance of State CoC,2013,618.93,416.46,7651,2334,5317,2013,2010
GA-501,Georgia Balance of State CoC,2014,628.5,422.88,7577,2260,5317,2014,2010
GA-501,Georgia Balance of State CoC,2015,637.67,430.02,5797,2279,3518,2015,2010
GA-501,Georgia Balance of State CoC,2016,654.21,437.3,5575,2057,3518,2016,2010
GA-501,Georgia Balance of State CoC,2017,678.0,449.05,3716,1843,1873,2017,2010
GA-501,Georgia Balance of State CoC,2018,707.56,466.35,3730,1857,1873,2018,2010
GA-501,Georgia Balance of State CoC,2019,737.25,481.16,4183,1921,2262,2019,2010
GA-501,Georgia Balance of State CoC,2020,768.64,496.48,4349,2087,2262,2020,2020
GA-501,Georgia Balance of State CoC,2021,823.55,522.7,1896,1896,0,2021,2020
GA-501,Georgia Balance of State CoC,2022,917.52,569.45,5856,1937,3919,2022,2020
GA-501,Georgia Balance of State CoC,2023,990.56,594.87,6388,2469,3919,2023,2020
GA-501,Georgia Balance of State CoC,2024,1056.82,627.66,6633,2226,4407,2024,2020
GA-502,Fulton County CoC,2010,814.75,662.15,,,,2010,2010
GA-502,Fulton County CoC,2011,823.09,658.98,,,,2011,2010
GA-502,Fulton County CoC,2012,826.88,655.71,,,,2012,2010
GA-502,Fulton County CoC,2013,837.62,658.66,428,298,130,2013,2010
GA-502,Fulton County CoC,2014,857.92,675.49,477,374,103,2014,2010
GA-502,Fulton County CoC,2015,869.59,681.23,473,420,53,2015,2010
GA-502,Fulton County CoC,2016,924.2,706.77,483,422,61,2016,2010
GA-502,Fulton County CoC,2017,976.85,736.77,293,203,90,2017,2010
GA-502,Fulton County CoC,2018,1033.13,777.77,222,134,88,2018,2010
GA-502,Fulton County CoC,2019,1099.35,823.03,632,556,76,2019,2010
GA-502,Fulton County CoC,2020,1161.71,873.38,276,198,78,2020,2020
GA-502,Fulton County CoC,2021,1228.5,927.75,81,81,0,2021,2020
GA-502,Fulton County CoC,2022,1364.99,1025.52,273,172,101,2022,2020
GA-502,Fulton County CoC,2023,1462.0,1102.87,337,209,128,2023,2020
GA-502,Fulton County CoC,2024,1585.5,1189.84,339,185,154,2024,2020
GA-503,Athens-Clarke County CoC,2010,609.59,467.26,496,269,227,2010,2010
GA-503,Athens-Clarke County CoC,2011,614.35,470.33,407,278,129,2011,2010
GA-503,Athens-Clarke County CoC,2012,629.73,482.19,361,138,223,2012,2010
GA-503,Athens-Clarke County CoC,2013,636.34,491.29,213,118,95,2013,2010
GA-503,Athens-Clarke County CoC,2014,635.28,497.42,247,160,87,2014,2010
GA-503,Athens-Clarke County CoC,2015,641.16,499.23,226,135,91,2015,2010
GA-503,Athens-Clarke County CoC,2016,648.74,505.77,224,148,76,2016,2010
GA-503,Athens-Clarke County CoC,2017,671.35,519.58,239,146,93,2017,2010
GA-503,Athens-Clarke County CoC,2018,689.55,533.66,212,166,46,2018,2010
GA-503,Athens-Clarke County CoC,2019,711.1,543.53,237,182,55,2019,2010
GA-503,Athens-Clarke County CoC,2020,741.97,559.22,210,143,67,2020,2020
GA-503,Athens-Clarke County CoC,2021,803.09,606.74,133,133,0,2021,2020
GA-503,Athens-Clarke County CoC,2022,887.89,667.91,283,209,74,2022,2020
GA-503,Athens-Clarke County CoC,2023,990.14,715.02,353,176,177,2023,2020
GA-503,Athens-Clarke County CoC,2024,1069.75,766.4,386,205,181,2024,2020
GA-504,Augusta-Richmond County CoC,2010,537.88,407.42,556,512,44,2010,2010
GA-504,Augusta-Richmond County CoC,2011,564.23,420.29,497,492,5,2011,2010
GA-504,Augusta-Richmond County CoC,2012,574.88,431.73,396,391,5,2012,2010
GA-504,Augusta-Richmond County CoC,2013,587.14,448.73,476,330,146,2013,2010
GA-504,Augusta-Richmond County CoC,2014,605.85,450.98,472,326,146,2014,2010
GA-504,Augusta-Richmond County CoC,2015,604.89,458.04,407,278,129,2015,2010
GA-504,Augusta-Richmond County CoC,2016,609.74,465.24,287,266,21,2016,2010
GA-504,Augusta-Richmond County CoC,2017,632.08,479.63,246,199,47,2017,2010
GA-504,Augusta-Richmond County CoC,2018,658.37,492.45,269,222,47,2018,2010
GA-504,Augusta-Richmond County CoC,2019,693.6,527.03,384,223,161,2019,2010
GA-504,Augusta-Richmond County CoC,2020,711.57,551.2,470,188,282,2020,2020
GA-504,Augusta-Richmond County CoC,2021,742.83,569.81,144,144,0,2021,2020
GA-504,Augusta-Richmond County CoC,2022,809.77,617.98,549,231,318,2022,2020
GA-504,Augusta-Richmond County CoC,2023,850.63,653.39,643,466,177,2023,2020
GA-504,Augusta-Richmond County CoC,2024,913.74,679.37,474,155,319,2024,2020
GA-505,Columbus-Muscogee/Russell County CoC,2010,539.11,355.85,468,264,204,2010,2010
GA-505,Columbus-Muscogee/Russell County CoC,2011,559.35,376.1,486,261,225,2011,2010
GA-505,Columbus-Muscogee/Russell County CoC,2012,583.27,386.72,333,278,55,2012,2010
GA-505,Columbus-Muscogee/Russell County CoC,2013,612.64,400.34,294,234,60,2013,2010
GA-505,Columbus-Muscogee/Russell County CoC,2014,627.82,409.38,312,199,113,2014,2010
GA-505,Columbus-Muscogee/Russell County CoC,2015,640.71,420.48,371,206,165,2015,2010
GA-505,Columbus-Muscogee/Russell County CoC,2016,661.35,440.04,329,243,86,2016,2010
GA-505,Columbus-Muscogee/Russell County CoC,2017,678.86,458.57,319,246,73,2017,2010
GA-505,Columbus-Muscogee/Russell County CoC,2018,698.37,484.67,276,196,80,2018,2010
GA-505,Columbus-Muscogee/Russell County CoC,2019,719.74,509.84,278,226,52,2019,2010
GA-505,Columbus-Muscogee/Russell County CoC,2020,738.22,525.79,249,208,41,2020,2020
GA-505,Columbus-Muscogee/Russell County CoC,2021,757.88,541.02,236,209,27,2021,2020
GA-505,Columbus-Muscogee/Russell County CoC,2022,822.04,582.45,243,192,51,2022,2020
GA-505,Columbus-Muscogee/Russell County CoC,2023,857.08,599.92,274,205,69,2023,2020
GA-505,Columbus-Muscogee/Russell County CoC,2024,897.24,616.63,272,220,52,2024,2020
GA-506,Marietta/Cobb County CoC,2010,784.94,646.35,470,344,126,2010,2010
GA-506,Marietta/Cobb County CoC,2011,803.52,656.39,370,321,49,2011,2010
GA-506,Marietta/Cobb County CoC,2012,812.31,655.21,392,343,49,2012,2010
GA-506,Marietta/Cobb County CoC,2013,817.44,652.64,495,351,144,2013,2010
GA-506,Marietta/Cobb County CoC,2014,837.19,663.66,523,379,144,2014,2010
GA-506,Marietta/Cobb County CoC,2015,855.32,675.78,415,324,91,2015,2010
GA-506,Marietta/Cobb County CoC,2016,892.1,701.31,405,314,91,2016,2010
GA-506,Marietta/Cobb County CoC,2017,936.68,737.94,403,285,118,2017,2010
GA-506,Marietta/Cobb County CoC,2018,993.56,785.93,384,266,118,2018,2010
GA-506,Marietta/Cobb County CoC,2019,1045.54,831.47,451,324,127,2019,2010
GA-506,Marietta/Cobb County CoC,2020,1117.47,881.85,424,297,127,2020,2020
GA-506,Marietta/Cobb County CoC,2021,1208.52,951.27,252,252,0,2021,2020
GA-506,Marietta/Cobb County CoC,2022,1356.54,1064.14,380,258,122,2022,2020
GA-506,Marietta/Cobb County CoC,2023,1468.52,1144.96,437,315,122,2023,2020
GA-506,Marietta/Cobb County CoC,2024,1560.38,1225.56,418,268,150,2024,2020
GA-507,Savannah/Chatham County CoC,2010,687.57,522.48,1077,559,518,2010,2010
GA-507,Savannah/Chatham County CoC,2011,723.16,554.37,1242,631,611,2011,2010
GA-507,Savannah/Chatham County CoC,2012,742.51,569.33,1118,487,631,2012,2010
GA-507,Savannah/Chatham County CoC,2013,749.21,570.47,1165,543,622,2013,2010
GA-507,Savannah/Chatham County CoC,2014,753.36,572.71,1315,574,741,2014,2010
GA-507,Savannah/Chatham County CoC,2015,774.09,582.17,1100,578,522,2015,2010
GA-507,Savannah/Chatham County CoC,2016,790.94,587.21,1070,553,517,2016,2010
GA-507,Savannah/Chatham County CoC,2017,816.3,602.33,926,563,363,2017,2010
GA-507,Savannah/Chatham County CoC,2018,853.44,629.11,1009,545,464,2018,2010
GA-507,Savannah/Chatham County CoC,2019,890.41,656.25,686,455,231,2019,2010
GA-507,Savannah/Chatham County CoC,2020,926.97,702.64,672,452,220,2020,2020
GA-507,Savannah/Chatham County CoC,2021,981.58,752.48,548,321,227,2021,2020
GA-507,Savannah/Chatham County CoC,2022,1090.98,827.71,523,389,134,2022,2020
GA-507,Savannah/Chatham County CoC,2023,1185.28,865.17,745,474,271,2023,2020
GA-507,Savannah/Chatham County CoC,2024,1283.73,927.93,579,386,193,2024,2020
GA-508,DeKalb County CoC,2010,775.18,620.03,,,,2010,2010
GA-508,DeKalb County CoC,2011,792.57,629.98,,,,2011,2010
GA-508,DeKalb County CoC,2012,801.13,634.2,,,,2012,2010
GA-508,DeKalb County CoC,2013,804.12,639.76,713,499,214,2013,2010
GA-508,DeKalb County CoC,2014,811.71,647.06,801,520,281,2014,2010
GA-508,DeKalb County CoC,2015,827.78,656.03,684,487,197,2015,2010
GA-508,DeKalb County CoC,2016,858.1,675.32,473,315,158,2016,2010
GA-508,DeKalb County CoC,2017,899.89,702.37,460,275,185,2017,2010
GA-508,DeKalb County CoC,2018,954.2,733.06,321,178,143,2018,2010
GA-508,DeKalb County CoC,2019,1003.45,774.63,375,178,197,2019,2010
GA-508,DeKalb County CoC,2020,1059.93,817.89,344,204,140,2020,2020
GA-508,DeKalb County CoC,2021,1143.21,880.96,200,200,0,2021,2020
GA-508,DeKalb County CoC,2022,1285.57,987.07,565,402,163,2022,2020
GA-508,DeKalb County CoC,2023,1382.42,1070.97,438,211,227,2023,2020
GA-508,DeKalb County CoC,2024,1472.38,1135.88,322,145,177,2024,2020
HI-500,Hawaii Balance of State CoC,2010,1026.54,658.75,1663,738,925,2010,2010
HI-500,Hawaii Balance of State CoC,2011,1028.98,681.29,1954,720,1234,2011,2010
HI-500,Hawaii Balance of State CoC,2012,1025.62,691.21,1893,691,1202,2012,2010
HI-500,Hawaii Balance of State CoC,2013,1032.77,699.62,1779,654,1125,2013,2010
HI-500,Hawaii Balance of State CoC,2014,1030.59,700.8,2206,734,1472,2014,2010
HI-500,Hawaii Balance of State CoC,2015,1028.01,707.68,2717,813,1904,2015,2010
HI-500,Hawaii Balance of State CoC,2016,1044.38,724.11,2981,846,2135,2016,2010
HI-500,Hawaii Balance of State CoC,2017,1073.4,744.87,2261,785,1476,2017,2010
HI-500,Hawaii Balance of State CoC,2018,1134.7,774.01,2035,705,1330,2018,2010
HI-500,Hawaii Balance of State CoC,2019,1192.19,815.26,1995,758,1237,2019,2010
HI-500,Hawaii Balance of State CoC,2020,1242.98,839.22,2010,706,1304,2020,2020
HI-500,Hawaii Balance of State CoC,2021,1335.51,866.28,636,636,0,2021,2020
HI-500,Hawaii Balance of State CoC,2022,1428.46,934.97,2022,628,1394,2022,2020
HI-500,Hawaii Balance of State CoC,2023,1501.28,954.25,2195,653,1542,2023,2020
HI-500,Hawaii Balance of State CoC,2024,1523.6,977.85,7140,5864,1276,2024,2020
HI-501,Honolulu City and County CoC,2010,1238.98,833.02,4171,2797,1374,2010,2010
HI-501,Honolulu City and County CoC,2011,1283.53,867.8,4234,2912,1322,2011,2010
HI-501,Honolulu City and County CoC,2012,1322.01,901.58,4353,3035,1318,2012,2010
HI-501,Honolulu City and County CoC,2013,1342.86,926.8,4556,3091,1465,2013,2010
HI-501,Honolulu City and County CoC,2014,1374.47,958.71,4712,3079,1633,2014,2010
HI-501,Honolulu City and County CoC,2015,1491.52,978.82,4903,2964,1939,2015,2010
HI-501,Honolulu City and County CoC,2016,1529.35,994.62,4940,2767,2173,2016,2010
HI-501,Honolulu City and County CoC,2017,1598.05,1032.2,4959,2635,2324,2017,2010
HI-501,Honolulu City and County CoC,2018,1666.99,1068.43,4495,2350,2145,2018,2010
HI-501,Honolulu City and County CoC,2019,1703.47,1091.04,4417,2014,2403,2019,2010
HI-501,Honolulu City and County CoC,2020,1735.23,1112.21,4448,2102,2346,2020,2020
HI-501,Honolulu City and County CoC,2021,1821.49,1178.75,1854,1854,0,2021,2020
HI-501,Honolulu City and County CoC,2022,1941.06,1242.01,3945,1596,2349,2022,2020
HI-501,Honolulu City and County CoC,2023,1992.65,1298.57,4028,1663,2365,2023,2020
HI-501,Honolulu City and County CoC,2024,2010.92,1321.3,4497,1731,2766,2024,2020
IA-500,"Sioux City/Dakota, Woodbury Counties CoC",2010,480.79,369.59,308,294,14,2010,2010
IA-500,"Sioux City/Dakota, Woodbury Counties CoC",2011,494.11,375.17,366,337,29,2011,2010
IA-500,"Sioux City/Dakota, Woodbury Counties CoC",2012,514.04,390.65,250,233,17,2012,2010
IA-500,"Sioux City/Dakota, Woodbury Counties CoC",2013,517.39,396.93,236,224,12,2013,2010
IA-500,"Sioux City/Dakota, Woodbury Counties CoC",2014,527.27,395.54,297,268,29,2014,2010
IA-500,"Sioux City/Dakota, Woodbury Counties CoC",2015,543.29,404.32,276,265,11,2015,2010
IA-500,"Sioux City/Dakota, Woodbury Counties CoC",2016,555.96,406.07,348,339,9,2016,2010
IA-500,"Sioux City/Dakota, Woodbury Counties CoC",2017,568.34,421.29,288,286,2,2017,2010
IA-500,"Sioux City/Dakota, Woodbury Counties CoC",2018,592.9,441.88,264,258,6,2018,2010
IA-500,"Sioux City/Dakota, Woodbury Counties CoC",2019,618.06,461.44,255,248,7,2019,2010
IA-500,"Sioux City/Dakota, Woodbury Counties CoC",2020,644.1,494.12,305,288,17,2020,2020
IA-500,"Sioux City/Dakota, Woodbury Counties CoC",2021,680.19,523.98,233,217,16,2021,2020
IA-500,"Sioux City/Dakota, Woodbury Counties CoC",2022,737.58,565.02,212,196,16,2022,2020
IA-500,"Sioux City/Dakota, Woodbury Counties CoC",2023,786.71,594.4,276,257,19,2023,2020
IA-500,"Sioux City/Dakota, Woodbury Counties CoC",2024,819.69,621.96,295,275,20,2024,2020
IA-501,Iowa Balance of State CoC,2010,471.95,342.13,1686,1653,33,2010,2010
IA-501,Iowa Balance of State CoC,2011,488.32,355.05,1782,1754,28,2011,2010
IA-501,Iowa Balance of State CoC,2012,501.56,364.88,1860,1803,57,2012,2010
IA-501,Iowa Balance of State CoC,2013,518.18,375.47,1920,1859,61,2013,2010
IA-501,Iowa Balance of State CoC,2014,533.21,384.71,1939,1874,65,2014,2010
IA-501,Iowa Balance of State CoC,2015,544.14,391.17,1975,1876,99,2015,2010
IA-501,Iowa Balance of State CoC,2016,558.12,403.43,1923,1858,65,2016,2010
IA-501,Iowa Balance of State CoC,2017,579.21,416.79,1792,1742,50,2017,2010
IA-501,Iowa Balance of State CoC,2018,600.98,428.87,1721,1593,128,2018,2010
IA-501,Iowa Balance of State CoC,2019,616.22,440.0,1379,1290,89,2019,2010
IA-501,Iowa Balance of State CoC,2020,631.26,450.53,1696,1510,186,2020,2020
IA-501,Iowa Balance of State CoC,2021,663.46,471.35,1725,1331,394,2021,2020
IA-501,Iowa Balance of State CoC,2022,716.89,511.23,1601,1305,296,2022,2020
IA-501,Iowa Balance of State CoC,2023,744.15,533.97,1733,1425,308,2023,2020
IA-501,Iowa Balance of State CoC,2024,766.59,551.5,1621,1324,297,2024,2020
IA-502,Des Moines/Polk County CoC,2010,640.13,520.65,1020,956,64,2010,2010
IA-502,Des Moines/Polk County CoC,2011,662.02,535.26,986,922,64,2011,2010
IA-502,Des Moines/Polk County CoC,2012,678.0,551.07,818,744,74,2012,2010
IA-502,Des Moines/Polk County CoC,2013,707.04,563.98,928,867,61,2013,2010
IA-502,Des Moines/Polk County CoC,2014,720.58,575.36,886,784,102,2014,2010
IA-502,Des Moines/Polk County CoC,2015,730.51,586.71,830,737,93,2015,2010
IA-502,Des Moines/Polk County CoC,2016,754.22,603.61,793,724,69,2016,2010
IA-502,Des Moines/Polk County CoC,2017,784.66,623.38,676,624,52,2017,2010
IA-502,Des Moines/Polk County CoC,2018,806.76,643.49,764,657,107,2018,2010
IA-502,Des Moines/Polk County CoC,2019,839.05,669.42,681,589,92,2019,2010
IA-502,Des Moines/Polk County CoC,2020,863.13,692.98,646,516,130,2020,2020
IA-502,Des Moines/Polk County CoC,2021,899.0,723.22,576,458,118,2021,2020
IA-502,Des Moines/Polk County CoC,2022,974.64,784.77,606,512,94,2022,2020
IA-502,Des Moines/Polk County CoC,2023,1024.79,818.48,644,515,129,2023,2020
IA-502,Des Moines/Polk County CoC,2024,1063.84,836.79,715,568,147,2024,2020
ID-500,Boise/Ada County CoC,2010,693.94,560.78,872,747,125,2010,2010
ID-500,Boise/Ada County CoC,2011,720.37,571.86,838,741,97,2011,2010
ID-500,Boise/Ada County CoC,2012,727.25,574.83,754,701,53,2012,2010
ID-500,Boise/Ada County CoC,2013,730.58,578.69,694,645,49,2013,2010
ID-500,Boise/Ada County CoC,2014,740.84,584.6,753,707,46,2014,2010
ID-500,Boise/Ada County CoC,2015,754.64,595.05,755,674,81,2015,2010
ID-500,Boise/Ada County CoC,2016,775.38,611.15,867,742,125,2016,2010
ID-500,Boise/Ada County CoC,2017,805.28,637.09,833,722,111,2017,2010
ID-500,Boise/Ada County CoC,2018,856.55,667.16,756,635,121,2018,2010
ID-500,Boise/Ada County CoC,2019,907.3,710.78,713,652,61,2019,2010
ID-500,Boise/Ada County CoC,2020,975.84,757.72,647,564,83,2020,2020
ID-500,Boise/Ada County CoC,2021,1070.64,826.75,575,502,73,2021,2020
ID-500,Boise/Ada County CoC,2022,1223.57,930.68,620,540,80,2022,2020
ID-500,Boise/Ada County CoC,2023,1350.0,1011.6,687,572,115,2023,2020
ID-500,Boise/Ada County CoC,2024,1450.56,1089.33,789,672,117,2024,2020
ID-501,Idaho Balance of State CoC,2010,550.06,403.68,1474,817,657,2010,2010
ID-501,Idaho Balance of State CoC,2011,562.72,413.03,1361,844,517,2011,2010
ID-501,Idaho Balance of State CoC,2012,574.29,420.78,1214,781,433,2012,2010
ID-501,Idaho Balance of State CoC,2013,579.48,428.15,1087,759,328,2013,2010
ID-501,Idaho Balance of State CoC,2014,590.2,434.48,1351,761,590,2014,2010
ID-501,Idaho Balance of State CoC,2015,596.66,443.41,1211,823,388,2015,2010
ID-501,Idaho Balance of State CoC,2016,613.58,452.86,1380,767,613,2016,2010
ID-501,Idaho Balance of State CoC,2017,633.29,472.0,1204,676,528,2017,2010
ID-501,Idaho Balance of State CoC,2018,654.55,488.0,1256,654,602,2018,2010
ID-501,Idaho Balance of State CoC,2019,681.45,500.96,1602,678,924,2019,2010
ID-501,Idaho Balance of State CoC,2020,708.47,514.25,1668,708,960,2020,2020
ID-501,Idaho Balance of State CoC,2021,758.69,545.23,1314,515,799,2021,2020
ID-501,Idaho Balance of State CoC,2022,852.95,589.98,1378,570,808,2022,2020
ID-501,Idaho Balance of State CoC,2023,918.61,635.86,1611,668,943,2023,2020
ID-501,Idaho Balance of State CoC,2024,997.72,676.47,1961,704,1257,2024,2020
IL-500,McHenry County CoC,2010,917.4,695.45,212,211,1,2010,2010
IL-500,McHenry County CoC,2011,934.32,713.15,182,179,3,2011,2010
IL-500,McHenry County CoC,2012,941.37,719.43,196,193,3,2012,2010
IL-500,McHenry County CoC,2013,969.69,737.72,185,180,5,2013,2010
IL-500,McHenry County CoC,2014,963.9,750.21,166,161,5,2014,2010
IL-500,McHenry County CoC,2015,967.53,753.74,177,168,9,2015,2010
IL-500,McHenry County CoC,2016,976.62,756.72,154,150,4,2016,2010
IL-500,McHenry County CoC,2017,1020.95,789.73,155,150,5,2017,2010
IL-500,McHenry County CoC,2018,1043.57,799.6,179,174,5,2018,2010
IL-500,McHenry County CoC,2019,1080.3,815.23,159,158,1,2019,2010
IL-500,McHenry County CoC,2020,1096.73,816.08,155,154,1,2020,2020
IL-500,McHenry County CoC,2021,1151.05,843.93,49,43,6,2021,2020
IL-500,McHenry County CoC,2022,1214.2,896.45,92,81,11,2022,2020
IL-500,McHenry County CoC,2023,1274.28,939.57,125,90,35,2023,2020
IL-500,McHenry County CoC,2024,1301.09,971.37,160,140,20,2024,2020
IL-501,"Rockford/DeKalb, Winnebago, Boone Counties CoC",2010,589.76,452.58,739,612,127,2010,2010
IL-501,"Rockford/DeKalb, Winnebago, Boone Counties CoC",2011,609.14,468.95,740,568,172,2011,2010
IL-501,"Rockford/DeKalb, Winnebago, Boone Counties CoC",2012,619.39,480.86,852,637,215,2012,2010
IL-501,"Rockford/DeKalb, Winnebago, Boone Counties CoC",2013,630.95,487.54,895,605,290,2013,2010
IL-501,"Rockford/DeKalb, Winnebago, Boone Counties CoC",2014,646.07,496.09,506,469,37,2014,2010
IL-501,"Rockford/DeKalb, Winnebago, Boone Counties CoC",2015,655.67,503.12,428,397,31,2015,2010
IL-501,"Rockford/DeKalb, Winnebago, Boone Counties CoC",2016,663.36,505.48,336,284,52,2016,2010
IL-501,"Rockford/DeKalb, Winnebago, Boone Counties CoC",2017,682.65,512.5,381,346,35,2017,2010
IL-501,"Rockford/DeKalb, Winnebago, Boone Counties CoC",2018,694.81,516.49,356,310,46,2018,2010
IL-501,"Rockford/DeKalb, Winnebago, Boone Counties CoC",2019,702.42,523.17,403,358,45,2019,2010
IL-501,"Rockford/DeKalb, Winnebago, Boone Counties CoC",2020,722.04,533.86,465,420,45,2020,2020
IL-501,"Rockford/DeKalb, Winnebago, Boone Counties CoC",2021,754.5,556.85,287,284,3,2021,2020
IL-501,"Rockford/DeKalb, Winnebago, Boone Counties CoC",2022,801.59,599.28,406,345,61,2022,2020
IL-501,"Rockford/DeKalb, Winnebago, Boone Counties CoC",2023,828.88,627.68,445,379,66,2023,2020
IL-501,"Rockford/DeKalb, Winnebago, Boone Counties CoC",2024,853.25,655.23,486,477,9,2024,2020
IL-502,"Waukegan, North Chicago/Lake County CoC",2010,894.81,667.27,474,454,20,2010,2010
IL-502,"Waukegan, North Chicago/Lake County CoC",2011,927.93,684.1,464,461,3,2011,2010
IL-502,"Waukegan, North Chicago/Lake County CoC",2012,945.07,681.21,450,445,5,2012,2010
IL-502,"Waukegan, North Chicago/Lake County CoC",2013,956.55,693.53,497,492,5,2013,2010
IL-502,"Waukegan, North Chicago/Lake County CoC",2014,981.68,709.38,409,404,5,2014,2010
IL-502,"Waukegan, North Chicago/Lake County CoC",2015,995.06,716.15,386,381,5,2015,2010
IL-502,"Waukegan, North Chicago/Lake County CoC",2016,1020.28,732.14,299,280,19,2016,2010
IL-502,"Waukegan, North Chicago/Lake County CoC",2017,1064.33,751.57,228,201,27,2017,2010
IL-502,"Waukegan, North Chicago/Lake County CoC",2018,1106.57,770.98,277,253,24,2018,2010
IL-502,"Waukegan, North Chicago/Lake County CoC",2019,1134.81,791.51,252,220,32,2019,2010
IL-502,"Waukegan, North Chicago/Lake County CoC",2020,1166.12,802.91,292,258,34,2020,2020
IL-502,"Waukegan, North Chicago/Lake County CoC",2021,1218.39,843.21,372,372,0,2021,2020
IL-502,"Waukegan, North Chicago/Lake County CoC",2022,1313.76,903.94,431,416,15,2022,2020
IL-502,"Waukegan, North Chicago/Lake County CoC",2023,1348.64,925.94,467,437,30,2023,2020
IL-502,"Waukegan, North Chicago/Lake County CoC",2024,1401.06,964.63,705,630,75,2024,2020
IL-503,"Champaign, Urbana, Rantoul/Champaign County CoC",2010,615.73,472.91,534,530,4,2010,2010
IL-503,"Champaign, Urbana, Rantoul/Champaign County CoC",2011,652.15,491.58,231,205,26,2011,2010
IL-503,"Champaign, Urbana, Rantoul/Champaign County CoC",2012,674.03,504.7,209,183,26,2012,2010
IL-503,"Champaign, Urbana, Rantoul/Champaign County CoC",2013,688.88,513.84,214,171,43,2013,2010
IL-503,"Champaign, Urbana, Rantoul/Champaign County CoC",2014,697.35,518.64,205,193,12,2014,2010
IL-503,"Champaign, Urbana, Rantoul/Champaign County CoC",2015,713.96,526.32,163,153,10,2015,2010
IL-503,"Champaign, Urbana, Rantoul/Champaign County CoC",2016,715.92,535.58,188,170,18,2016,2010
IL-503,"Champaign, Urbana, Rantoul/Champaign County CoC",2017,727.35,553.35,160,143,17,2017,2010
IL-503,"Champaign, Urbana, Rantoul/Champaign County CoC",2018,736.91,569.01,188,179,9,2018,2010
IL-503,"Champaign, Urbana, Rantoul/Champaign County CoC",2019,748.67,585.89,151,149,2,2019,2010
IL-503,"Champaign, Urbana, Rantoul/Champaign County CoC",2020,742.62,581.83,140,128,12,2020,2020
IL-503,"Champaign, Urbana, Rantoul/Champaign County CoC",2021,777.32,610.16,148,146,2,2021,2020
IL-503,"Champaign, Urbana, Rantoul/Champaign County CoC",2022,842.81,655.14,137,135,2,2022,2020
IL-503,"Champaign, Urbana, Rantoul/Champaign County CoC",2023,873.32,684.81,215,206,9,2023,2020
IL-503,"Champaign, Urbana, Rantoul/Champaign County CoC",2024,912.06,694.52,279,237,42,2024,2020
IL-504,Madison County CoC,2010,534.81,406.3,202,161,41,2010,2010
IL-504,Madison County CoC,2011,555.1,421.29,256,207,49,2011,2010
IL-504,Madison County CoC,2012,570.04,432.5,196,182,14,2012,2010
IL-504,Madison County CoC,2013,587.53,444.42,201,173,28,2013,2010
IL-504,Madison County CoC,2014,592.83,451.53,240,224,16,2014,2010
IL-504,Madison County CoC,2015,599.32,454.14,168,144,24,2015,2010
IL-504,Madison County CoC,2016,606.53,462.25,199,176,23,2016,2010
IL-504,Madison County CoC,2017,623.18,476.73,176,155,21,2017,2010
IL-504,Madison County CoC,2018,633.21,486.39,146,95,51,2018,2010
IL-504,Madison County CoC,2019,633.22,483.97,101,69,32,2019,2010
IL-504,Madison County CoC,2020,652.26,502.03,79,47,32,2020,2020
IL-504,Madison County CoC,2021,680.55,522.08,42,42,0,2021,2020
IL-504,Madison County CoC,2022,740.8,568.79,96,81,15,2022,2020
IL-504,Madison County CoC,2023,777.09,587.19,88,56,32,2023,2020
IL-504,Madison County CoC,2024,818.76,618.67,121,61,60,2024,2020
IL-506,"Joliet, Bolingbrook/Will County CoC",2010,809.48,606.73,389,358,31,2010,2010
IL-506,"Joliet, Bolingbrook/Will County CoC",2011,847.41,627.43,353,320,33,2011,2010
IL-506,"Joliet, Bolingbrook/Will County CoC",2012,871.66,637.76,291,282,9,2012,2010
IL-506,"Joliet, Bolingbrook/Will County CoC",2013,899.52,665.38,288,281,7,2013,2010
IL-506,"Joliet, Bolingbrook/Will County CoC",2014,922.45,683.97,309,294,15,2014,2010
IL-506,"Joliet, Bolingbrook/Will County CoC",2015,940.84,691.42,340,314,26,2015,2010
IL-506,"Joliet, Bolingbrook/Will County CoC",2016,961.56,703.15,290,242,48,2016,2010
IL-506,"Joliet, Bolingbrook/Will County CoC",2017,994.7,721.39,282,251,31,2017,2010
IL-506,"Joliet, Bolingbrook/Will County CoC",2018,1033.11,742.17,341,298,43,2018,2010
IL-506,"Joliet, Bolingbrook/Will County CoC",2019,1051.35,756.7,278,235,43,2019,2010
IL-506,"Joliet, Bolingbrook/Will County CoC",2020,1064.23,763.46,276,234,42,2020,2020
IL-506,"Joliet, Bolingbrook/Will County CoC",2021,1114.18,801.83,257,226,31,2021,2020
IL-506,"Joliet, Bolingbrook/Will County CoC",2022,1211.56,870.03,219,204,15,2022,2020
IL-506,"Joliet, Bolingbrook/Will County CoC",2023,1282.61,905.43,343,245,98,2023,2020
IL-506,"Joliet, Bolingbrook/Will County CoC",2024,1320.44,934.0,357,319,38,2024,2020
IL-507,"Peoria, Pekin/Fulton, Tazewell, Peoria, Woodford Counties CoC",2010,517.66,381.66,376,346,30,2010,2010
IL-507,"Peoria, Pekin/Fulton, Tazewell, Peoria, Woodford Counties CoC",2011,530.08,394.5,313,304,9,2011,2010
IL-507,"Peoria, Pekin/Fulton, Tazewell, Peoria, Woodford Counties CoC",2012,534.54,405.68,376,367,9,2012,2010
IL-507,"Peoria, Pekin/Fulton, Tazewell, Peoria, Woodford Counties CoC",2013,548.09,420.62,396,370,26,2013,2010
IL-507,"Peoria, Pekin/Fulton, Tazewell, Peoria, Woodford Counties CoC",2014,557.91,429.98,405,379,26,2014,2010
IL-507,"Peoria, Pekin/Fulton, Tazewell, Peoria, Woodford Counties CoC",2015,567.86,437.94,451,383,68,2015,2010
IL-507,"Peoria, Pekin/Fulton, Tazewell, Peoria, Woodford Counties CoC",2016,586.41,452.48,378,308,70,2016,2010
IL-507,"Peoria, Pekin/Fulton, Tazewell, Peoria, Woodford Counties CoC",2017,607.42,457.86,329,293,36,2017,2010
IL-507,"Peoria, Pekin/Fulton, Tazewell, Peoria, Woodford Counties CoC",2018,630.37,464.98,400,366,34,2018,2010
IL-507,"Peoria, Pekin/Fulton, Tazewell, Peoria, Woodford Counties CoC",2019,631.65,471.1,285,270,15,2019,2010
IL-507,"Peoria, Pekin/Fulton, Tazewell, Peoria, Woodford Counties CoC",2020,635.63,482.65,311,274,37,2020,2020
IL-507,"Peoria, Pekin/Fulton, Tazewell, Peoria, Woodford Counties CoC",2021,670.02,500.21,202,182,20,2021,2020
IL-507,"Peoria, Pekin/Fulton, Tazewell, Peoria, Woodford Counties CoC",2022,719.58,546.4,337,305,32,2022,2020
IL-507,"Peoria, Pekin/Fulton, Tazewell, Peoria, Woodford Counties CoC",2023,740.93,560.22,420,381,39,2023,2020
IL-507,"Peoria, Pekin/Fulton, Tazewell, Peoria, Woodford Counties CoC",2024,758.82,571.95,492,436,56,2024,2020
IL-508,"East St. Louis, Belleville/St. Clair County CoC",2010,541.99,377.31,514,220,294,2010,2010
IL-508,"East St. Louis, Belleville/St. Clair County CoC",2011,573.12,391.12,370,185,185,2011,2010
IL-508,"East St. Louis, Belleville/St. Clair County CoC",2012,590.64,400.13,451,166,285,2012,2010
IL-508,"East St. Louis, Belleville/St. Clair County CoC",2013,618.02,410.58,213,146,67,2013,2010
IL-508,"East St. Louis, Belleville/St. Clair County CoC",2014,623.72,414.28,339,201,138,2014,2010
IL-508,"East St. Louis, Belleville/St. Clair County CoC",2015,622.7,415.86,318,166,152,2015,2010
IL-508,"East St. Louis, Belleville/St. Clair County CoC",2016,635.63,425.97,240,157,83,2016,2010
IL-508,"East St. Louis, Belleville/St. Clair County CoC",2017,632.95,433.38,300,154,146,2017,2010
IL-508,"East St. Louis, Belleville/St. Clair County CoC",2018,658.12,443.88,250,160,90,2018,2010
IL-508,"East St. Louis, Belleville/St. Clair County CoC",2019,661.74,453.25,247,153,94,2019,2010
IL-508,"East St. Louis, Belleville/St. Clair County CoC",2020,681.1,478.05,298,162,136,2020,2020
IL-508,"East St. Louis, Belleville/St. Clair County CoC",2021,734.47,514.11,93,93,0,2021,2020
IL-508,"East St. Louis, Belleville/St. Clair County CoC",2022,815.59,556.38,197,103,94,2022,2020
IL-508,"East St. Louis, Belleville/St. Clair County CoC",2023,841.1,568.02,264,255,9,2023,2020
IL-508,"East St. Louis, Belleville/St. Clair County CoC",2024,874.33,617.64,237,218,19,2024,2020
IL-510,Chicago CoC,2010,793.15,578.74,6240,5356,884,2010,2010
IL-510,Chicago CoC,2011,822.88,598.75,6635,4913,1722,2011,2010
IL-510,Chicago CoC,2012,844.52,609.47,6710,4988,1722,2012,2010
IL-510,Chicago CoC,2013,871.4,620.92,6276,5060,1216,2013,2010
IL-510,Chicago CoC,2014,894.72,628.42,6287,5328,959,2014,2010
IL-510,Chicago CoC,2015,907.95,629.57,6786,4731,2055,2015,2010
IL-510,Chicago CoC,2016,938.33,640.74,5889,4646,1243,2016,2010
IL-510,Chicago CoC,2017,975.47,655.92,5657,4096,1561,2017,2010
IL-510,Chicago CoC,2018,1014.82,674.28,5450,4093,1357,2018,2010
IL-510,Chicago CoC,2019,1059.72,700.53,5290,4030,1260,2019,2010
IL-510,Chicago CoC,2020,1113.2,727.21,5390,3861,1529,2020,2020
IL-510,Chicago CoC,2021,1169.24,762.51,3725,3023,702,2021,2020
IL-510,Chicago CoC,2022,1271.85,829.84,3875,2612,1263,2022,2020
IL-510,Chicago CoC,2023,1331.42,868.14,6139,5149,990,2023,2020
IL-510,Chicago CoC,2024,1381.25,906.56,18836,17202,1634,2024,2020
IL-511,Cook County CoC,2010,869.92,695.52,1390,1139,251,2010,2010
IL-511,Cook County CoC,2011,898.81,712.2,1257,1024,233,2011,2010
IL-511,Cook County CoC,2012,918.22,718.39,1242,1009,233,2012,2010
IL-511,Cook County CoC,2013,928.62,729.62,1242,1091,151,2013,2010
IL-511,Cook County CoC,2014,940.22,735.13,1182,1031,151,2014,2010
IL-511,Cook County CoC,2015,950.5,735.37,895,785,110,2015,2010
IL-511,Cook County CoC,2016,970.31,748.46,952,842,110,2016,2010
IL-511,Cook County CoC,2017,998.71,768.7,780,688,92,2017,2010
IL-511,Cook County CoC,2018,1040.02,791.1,873,781,92,2018,2010
IL-511,Cook County CoC,2019,1073.14,817.1,897,792,105,2019,2010
IL-511,Cook County CoC,2020,1111.41,836.12,846,728,118,2020,2020
IL-511,Cook County CoC,2021,1169.44,877.46,1044,1044,0,2021,2020
IL-511,Cook County CoC,2022,1256.87,940.36,1096,997,99,2022,2020
IL-511,Cook County CoC,2023,1312.75,975.98,1056,984,72,2023,2020
IL-511,Cook County CoC,2024,1348.92,1003.02,1188,1074,114,2024,2020
IL-512,Bloomington/Central Illinois CoC,2010,513.02,384.85,639,419,220,2010,2010
IL-512,Bloomington/Central Illinois CoC,2011,530.06,391.7,635,419,216,2011,2010
IL-512,Bloomington/Central Illinois CoC,2012,547.27,405.59,668,452,216,2012,2010
IL-512,Bloomington/Central Illinois CoC,2013,562.93,412.63,536,420,116,2013,2010
IL-512,Bloomington/Central Illinois CoC,2014,578.41,423.31,669,553,116,2014,2010
IL-512,Bloomington/Central Illinois CoC,2015,593.75,428.88,619,565,54,2015,2010
IL-512,Bloomington/Central Illinois CoC,2016,605.57,436.51,411,363,48,2016,2010
IL-512,Bloomington/Central Illinois CoC,2017,619.05,443.08,433,392,41,2017,2010
IL-512,Bloomington/Central Illinois CoC,2018,628.47,461.66,387,362,25,2018,2010
IL-512,Bloomington/Central Illinois CoC,2019,644.94,470.91,319,258,61,2019,2010
IL-512,Bloomington/Central Illinois CoC,2020,645.34,478.63,408,356,52,2020,2020
IL-512,Bloomington/Central Illinois CoC,2021,675.55,500.14,275,228,47,2021,2020
IL-512,Bloomington/Central Illinois CoC,2022,720.76,535.5,241,219,22,2022,2020
IL-512,Bloomington/Central Illinois CoC,2023,750.43,550.11,256,234,22,2023,2020
IL-512,Bloomington/Central Illinois CoC,2024,766.39,564.61,396,334,62,2024,2020
IL-513,Springfield/Sangamon County CoC,2010,520.52,417.83,287,284,3,2010,2010
IL-513,Springfield/Sangamon County CoC,2011,541.6,426.73,227,227,0,2011,2010
IL-513,Springfield/Sangamon County CoC,2012,562.05,441.95,251,242,9,2012,2010
IL-513,Springfield/Sangamon County CoC,2013,574.13,446.79,280,270,10,2013,2010
IL-513,Springfield/Sangamon County CoC,2014,577.53,445.37,269,248,21,2014,2010
IL-513,Springfield/Sangamon County CoC,2015,580.66,443.6,326,311,15,2015,2010
IL-513,Springfield/Sangamon County CoC,2016,590.26,460.19,261,246,15,2016,2010
IL-513,Springfield/Sangamon County CoC,2017,610.47,475.34,230,219,11,2017,2010
IL-513,Springfield/Sangamon County CoC,2018,629.47,494.47,271,252,19,2018,2010
IL-513,Springfield/Sangamon County CoC,2019,652.09,511.73,284,259,25,2019,2010
IL-513,Springfield/Sangamon County CoC,2020,657.27,525.41,294,251,43,2020,2020
IL-513,Springfield/Sangamon County CoC,2021,678.16,540.68,189,160,29,2021,2020
IL-513,Springfield/Sangamon County CoC,2022,729.48,570.68,264,238,26,2022,2020
IL-513,Springfield/Sangamon County CoC,2023,756.87,576.6,306,286,20,2023,2020
IL-513,Springfield/Sangamon County CoC,2024,790.16,606.77,388,362,26,2024,2020
IL-514,DuPage County CoC,2010,948.53,776.68,712,604,108,2010,2010
IL-514,DuPage County CoC,2011,976.14,792.46,676,643,33,2011,2010
IL-514,DuPage County CoC,2012,1000.66,807.15,641,608,33,2012,2010
IL-514,DuPage County CoC,2013,1016.89,820.7,665,636,29,2013,2010
IL-514,DuPage County CoC,2014,1040.69,826.97,654,625,29,2014,2010
IL-514,DuPage County CoC,2015,1054.23,837.22,672,642,30,2015,2010
IL-514,DuPage County CoC,2016,1089.8,863.75,555,525,30,2016,2010
IL-514,DuPage County CoC,2017,1130.77,893.68,331,316,15,2017,2010
IL-514,DuPage County CoC,2018,1183.79,928.25,295,280,15,2018,2010
IL-514,DuPage County CoC,2019,1225.92,958.72,309,299,10,2019,2010
IL-514,DuPage County CoC,2020,1262.52,988.35,328,318,10,2020,2020
IL-514,DuPage County CoC,2021,1334.63,1039.29,425,388,37,2021,2020
IL-514,DuPage County CoC,2022,1437.06,1116.7,555,524,31,2022,2020
IL-514,DuPage County CoC,2023,1507.15,1166.46,525,492,33,2023,2020
IL-514,DuPage County CoC,2024,1561.47,1195.05,480,454,26,2024,2020
IL-515,South Central Illinois CoC,2010,403.98,293.34,190,172,18,2010,2010
IL-515,South Central Illinois CoC,2011,410.7,301.24,160,160,0,2011,2010
IL-515,South Central Illinois CoC,2012,423.09,308.15,124,124,0,2012,2010
IL-515,South Central Illinois CoC,2013,432.57,318.38,149,130,19,2013,2010
IL-515,South Central Illinois CoC,2014,438.99,321.85,118,114,4,2014,2010
IL-515,South Central Illinois CoC,2015,444.21,323.86,122,98,24,2015,2010
IL-515,South Central Illinois CoC,2016,447.76,332.39,133,121,12,2016,2010
IL-515,South Central Illinois CoC,2017,456.1,342.7,108,76,32,2017,2010
IL-515,South Central Illinois CoC,2018,469.54,351.58,92,70,22,2018,2010
IL-515,South Central Illinois CoC,2019,482.8,365.15,94,59,35,2019,2010
IL-515,South Central Illinois CoC,2020,490.14,368.84,123,91,32,2020,2020
IL-515,South Central Illinois CoC,2021,506.16,379.88,151,86,65,2021,2020
IL-515,South Central Illinois CoC,2022,541.19,413.12,157,106,51,2022,2020
IL-515,South Central Illinois CoC,2023,556.5,425.59,170,119,51,2023,2020
IL-515,South Central Illinois CoC,2024,576.03,436.41,266,186,80,2024,2020
IL-516,Decatur/Macon County CoC,2010,448.96,343.17,197,145,52,2010,2010
IL-516,Decatur/Macon County CoC,2011,469.06,357.2,206,165,41,2011,2010
IL-516,Decatur/Macon County CoC,2012,499.07,372.66,210,158,52,2012,2010
IL-516,Decatur/Macon County CoC,2013,499.74,379.18,247,190,57,2013,2010
IL-516,Decatur/Macon County CoC,2014,509.16,380.26,256,190,66,2014,2010
IL-516,Decatur/Macon County CoC,2015,510.46,391.07,238,199,39,2015,2010
IL-516,Decatur/Macon County CoC,2016,511.83,389.21,157,150,7,2016,2010
IL-516,Decatur/Macon County CoC,2017,510.4,394.67,130,114,16,2017,2010
IL-516,Decatur/Macon County CoC,2018,519.11,405.37,161,140,21,2018,2010
IL-516,Decatur/Macon County CoC,2019,525.79,415.92,169,158,11,2019,2010
IL-516,Decatur/Macon County CoC,2020,534.6,428.4,135,112,23,2020,2020
IL-516,Decatur/Macon County CoC,2021,549.57,441.53,83,52,31,2021,2020
IL-516,Decatur/Macon County CoC,2022,584.21,472.1,93,84,9,2022,2020
IL-516,Decatur/Macon County CoC,2023,603.88,476.82,110,88,22,2023,2020
IL-516,Decatur/Macon County CoC,2024,644.18,514.38,140,113,27,2024,2020
IL-517,"Aurora, Elgin/Kane County CoC",2010,855.87,657.0,445,392,53,2010,2010
IL-517,"Aurora, Elgin/Kane County CoC",2011,878.27,679.43,444,401,43,2011,2010
IL-517,"Aurora, Elgin/Kane County CoC",2012,891.48,690.82,431,388,43,2012,2010
IL-517,"Aurora, Elgin/Kane County CoC",2013,909.24,707.26,451,405,46,2013,2010
IL-517,"Aurora, Elgin/Kane County CoC",2014,938.77,719.79,405,359,46,2014,2010
IL-517,"Aurora, Elgin/Kane County CoC",2015,950.6,724.85,388,374,14,2015,2010
IL-517,"Aurora, Elgin/Kane County CoC",2016,968.14,741.08,355,341,14,2016,2010
IL-517,"Aurora, Elgin/Kane County CoC",2017,1001.69,761.44,360,335,25,2017,2010
IL-517,"Aurora, Elgin/Kane County CoC",2018,1045.3,783.83,430,405,25,2018,2010
IL-517,"Aurora, Elgin/Kane County CoC",2019,1058.87,806.13,388,343,45,2019,2010
IL-517,"Aurora, Elgin/Kane County CoC",2020,1114.1,833.58,410,345,65,2020,2020
IL-517,"Aurora, Elgin/Kane County CoC",2021,1188.35,871.38,251,200,51,2021,2020
IL-517,"Aurora, Elgin/Kane County CoC",2022,1275.98,940.12,391,334,57,2022,2020
IL-517,"Aurora, Elgin/Kane County CoC",2023,1346.56,986.12,461,410,51,2023,2020
IL-517,"Aurora, Elgin/Kane County CoC",2024,1394.75,1025.78,563,441,122,2024,2020
IL-518,"Rock Island, Moline/Northwestern Illinois CoC",2010,451.62,338.47,392,385,7,2010,2010
IL-518,"Rock Island, Moline/Northwestern Illinois CoC",2011,465.24,350.81,313,285,28,2011,2010
IL-518,"Rock Island, Moline/Northwestern Illinois CoC",2012,482.26,360.08,263,235,28,2012,2010
IL-518,"Rock Island, Moline/Northwestern Illinois CoC",2013,493.3,366.95,219,218,1,2013,2010
IL-518,"Rock Island, Moline/Northwestern Illinois CoC",2014,499.92,372.13,218,217,1,2014,2010
IL-518,"Rock Island, Moline/Northwestern Illinois CoC",2015,504.62,376.13,254,238,16,2015,2010
IL-518,"Rock Island, Moline/Northwestern Illinois CoC",2016,510.72,379.44,340,301,39,2016,2010
IL-518,"Rock Island, Moline/Northwestern Illinois CoC",2017,524.33,389.0,243,234,9,2017,2010
IL-518,"Rock Island, Moline/Northwestern Illinois CoC",2018,541.87,400.54,198,182,16,2018,2010
IL-518,"Rock Island, Moline/Northwestern Illinois CoC",2019,559.37,414.2,211,195,16,2019,2010
IL-518,"Rock Island, Moline/Northwestern Illinois CoC",2020,569.73,420.55,135,117,18,2020,2020
IL-518,"Rock Island, Moline/Northwestern Illinois CoC",2021,598.61,438.25,95,95,0,2021,2020
IL-518,"Rock Island, Moline/Northwestern Illinois CoC",2022,635.24,475.79,280,221,59,2022,2020
IL-518,"Rock Island, Moline/Northwestern Illinois CoC",2023,660.75,494.49,232,209,23,2023,2020
IL-518,"Rock Island, Moline/Northwestern Illinois CoC",2024,677.98,502.57,334,142,192,2024,2020
IL-519,West Central Illinois CoC,2010,403.24,283.73,172,172,0,2010,2010
IL-519,West Central Illinois CoC,2011,425.57,301.04,160,137,23,2011,2010
IL-519,West Central Illinois CoC,2012,437.33,303.0,172,149,23,2012,2010
IL-519,West Central Illinois CoC,2013,450.5,316.46,133,128,5,2013,2010
IL-519,West Central Illinois CoC,2014,456.53,319.99,145,140,5,2014,2010
IL-519,West Central Illinois CoC,2015,450.55,317.28,100,98,2,2015,2010
IL-519,West Central Illinois CoC,2016,468.25,323.11,102,102,0,2016,2010
IL-519,West Central Illinois CoC,2017,479.91,335.48,80,80,0,2017,2010
IL-519,West Central Illinois CoC,2018,496.26,344.07,67,67,0,2018,2010
IL-519,West Central Illinois CoC,2019,515.77,366.67,68,66,2,2019,2010
IL-519,West Central Illinois CoC,2020,522.41,368.96,113,110,3,2020,2020
IL-519,West Central Illinois CoC,2021,520.78,367.62,111,110,1,2021,2020
IL-519,West Central Illinois CoC,2022,543.34,393.91,97,92,5,2022,2020
IL-519,West Central Illinois CoC,2023,565.36,409.06,95,93,2,2023,2020
IL-519,West Central Illinois CoC,2024,571.73,415.77,143,136,7,2024,2020
IL-520,Southern Illinois CoC,2010,391.33,268.19,291,248,43,2010,2010
IL-520,Southern Illinois CoC,2011,415.79,281.91,387,286,101,2011,2010
IL-520,Southern Illinois CoC,2012,429.49,295.37,411,341,70,2012,2010
IL-520,Southern Illinois CoC,2013,439.65,302.85,338,263,75,2013,2010
IL-520,Southern Illinois CoC,2014,446.79,307.28,325,279,46,2014,2010
IL-520,Southern Illinois CoC,2015,454.86,315.15,346,316,30,2015,2010
IL-520,Southern Illinois CoC,2016,457.26,320.15,351,332,19,2016,2010
IL-520,Southern Illinois CoC,2017,469.76,328.32,435,298,137,2017,2010
IL-520,Southern Illinois CoC,2018,484.32,334.82,282,234,48,2018,2010
IL-520,Southern Illinois CoC,2019,498.16,346.68,294,239,55,2019,2010
IL-520,Southern Illinois CoC,2020,505.56,351.91,233,187,46,2020,2020
IL-520,Southern Illinois CoC,2021,529.13,363.33,159,159,0,2021,2020
IL-520,Southern Illinois CoC,2022,568.68,392.32,248,214,34,2022,2020
IL-520,Southern Illinois CoC,2023,580.62,398.67,230,215,15,2023,2020
IL-520,Southern Illinois CoC,2024,605.64,422.03,261,206,55,2024,2020
IN-502,Indiana Balance of State CoC,2010,541.61,405.97,4958,3872,1086,2010,2010
IN-502,Indiana Balance of State CoC,2011,558.64,415.63,4609,4077,532,2011,2010
IN-502,Indiana Balance of State CoC,2012,570.95,424.63,4612,3896,716,2012,2010
IN-502,Indiana Balance of State CoC,2013,580.98,430.35,4497,3917,580,2013,2010
IN-502,Indiana Balance of State CoC,2014,588.56,435.09,4081,3752,329,2014,2010
IN-502,Indiana Balance of State CoC,2015,595.29,438.23,4197,3725,472,2015,2010
IN-502,Indiana Balance of State CoC,2016,603.81,445.34,4179,3618,561,2016,2010
IN-502,Indiana Balance of State CoC,2017,620.21,457.2,3655,3212,443,2017,2010
IN-502,Indiana Balance of State CoC,2018,640.02,473.6,3576,3133,443,2018,2010
IN-502,Indiana Balance of State CoC,2019,657.55,484.3,3904,3367,537,2019,2010
IN-502,Indiana Balance of State CoC,2020,672.46,494.74,4037,3257,780,2020,2020
IN-502,Indiana Balance of State CoC,2021,713.14,518.65,3047,2385,662,2021,2020
IN-502,Indiana Balance of State CoC,2022,782.48,561.34,3688,3091,597,2022,2020
IN-502,Indiana Balance of State CoC,2023,827.13,582.38,4398,3594,804,2023,2020
IN-502,Indiana Balance of State CoC,2024,868.17,610.37,4584,3446,1138,2024,2020
IN-503,Indianapolis CoC,2010,596.51,473.98,1494,1361,133,2010,2010
IN-503,Indianapolis CoC,2011,612.38,486.32,1587,1473,114,2011,2010
IN-503,Indianapolis CoC,2012,627.93,500.26,1647,1474,173,2012,2010
IN-503,Indianapolis CoC,2013,644.23,509.49,1599,1479,120,2013,2010
IN-503,Indianapolis CoC,2014,651.13,514.96,1890,1816,74,2014,2010
IN-503,Indianapolis CoC,2015,656.65,516.43,1666,1555,111,2015,2010
IN-503,Indianapolis CoC,2016,669.64,526.77,1619,1489,130,2016,2010
IN-503,Indianapolis CoC,2017,691.28,542.66,1783,1657,126,2017,2010
IN-503,Indianapolis CoC,2018,713.01,560.53,1682,1546,136,2018,2010
IN-503,Indianapolis CoC,2019,741.67,582.14,1567,1462,105,2019,2010
IN-503,Indianapolis CoC,2020,768.59,603.45,1588,1402,186,2020,2020
IN-503,Indianapolis CoC,2021,808.38,630.85,1928,1665,263,2021,2020
IN-503,Indianapolis CoC,2022,887.02,686.53,1761,1559,202,2022,2020
IN-503,Indianapolis CoC,2023,945.97,725.11,1619,1262,357,2023,2020
IN-503,Indianapolis CoC,2024,1000.73,760.25,1701,1362,339,2024,2020
KS-502,Wichita/Sedgwick County CoC,2010,505.77,379.78,384,352,32,2010,2010
KS-502,Wichita/Sedgwick County CoC,2011,521.38,390.24,634,526,108,2011,2010
KS-502,Wichita/Sedgwick County CoC,2012,543.62,403.42,550,475,75,2012,2010
KS-502,Wichita/Sedgwick County CoC,2013,559.37,416.8,538,467,71,2013,2010
KS-502,Wichita/Sedgwick County CoC,2014,571.48,425.44,631,548,83,2014,2010
KS-502,Wichita/Sedgwick County CoC,2015,583.9,430.08,561,462,99,2015,2010
KS-502,Wichita/Sedgwick County CoC,2016,598.49,440.99,571,492,79,2016,2010
KS-502,Wichita/Sedgwick County CoC,2017,615.64,457.49,575,464,111,2017,2010
KS-502,Wichita/Sedgwick County CoC,2018,633.35,470.48,573,515,58,2018,2010
KS-502,Wichita/Sedgwick County CoC,2019,650.64,483.74,593,536,57,2019,2010
KS-502,Wichita/Sedgwick County CoC,2020,667.72,496.9,619,558,61,2020,2020
KS-502,Wichita/Sedgwick County CoC,2021,689.69,517.47,419,419,0,2021,2020
KS-502,Wichita/Sedgwick County CoC,2022,753.22,564.64,690,566,124,2022,2020
KS-502,Wichita/Sedgwick County CoC,2023,791.42,583.91,702,552,150,2023,2020
KS-502,Wichita/Sedgwick County CoC,2024,820.88,616.61,691,503,188,2024,2020
KS-503,Topeka/Shawnee County CoC,2010,517.61,392.04,356,337,19,2010,2010
KS-503,Topeka/Shawnee County CoC,2011,530.38,404.26,336,315,21,2011,2010
KS-503,Topeka/Shawnee County CoC,2012,554.16,423.04,577,527,50,2012,2010
KS-503,Topeka/Shawnee County CoC,2013,565.71,425.99,439,416,23,2013,2010
KS-503,Topeka/Shawnee County CoC,2014,580.82,438.2,416,385,31,2014,2010
KS-503,Topeka/Shawnee County CoC,2015,588.31,438.15,405,372,33,2015,2010
KS-503,Topeka/Shawnee County CoC,2016,595.17,447.79,381,334,47,2016,2010
KS-503,Topeka/Shawnee County CoC,2017,610.84,453.03,356,322,34,2017,2010
KS-503,Topeka/Shawnee County CoC,2018,633.96,480.5,408,347,61,2018,2010
KS-503,Topeka/Shawnee County CoC,2019,651.4,496.14,441,373,68,2019,2010
KS-503,Topeka/Shawnee County CoC,2020,657.85,503.26,467,375,92,2020,2020
KS-503,Topeka/Shawnee County CoC,2021,682.15,518.03,294,191,103,2021,2020
KS-503,Topeka/Shawnee County CoC,2022,740.6,558.02,365,217,148,2022,2020
KS-503,Topeka/Shawnee County CoC,2023,763.31,552.29,407,250,157,2023,2020
KS-503,Topeka/Shawnee County CoC,2024,790.77,580.44,537,334,203,2024,2020
KS-505,"Overland Park, Shawnee/Johnson County CoC",2010,753.21,603.05,210,166,44,2010,2010
KS-505,"Overland Park, Shawnee/Johnson County CoC",2011,772.77,616.82,315,247,68,2011,2010
KS-505,"Overland Park, Shawnee/Johnson County CoC",2012,790.09,625.55,288,220,68,2012,2010
KS-505,"Overland Park, Shawnee/Johnson County CoC",2013,805.41,636.96,213,196,17,2013,2010
KS-505,"Overland Park, Shawnee/Johnson County CoC",2014,811.97,641.74,167,160,7,2014,2010
KS-505,"Overland Park, Shawnee/Johnson County CoC",2015,828.08,649.04,174,151,23,2015,2010
KS-505,"Overland Park, Shawnee/Johnson County CoC",2016,847.79,669.71,153,143,10,2016,2010
KS-505,"Overland Park, Shawnee/Johnson County CoC",2017,877.77,700.0,130,113,17,2017,2010
KS-505,"Overland Park, Shawnee/Johnson County CoC",2018,922.89,725.68,168,130,38,2018,2010
KS-505,"Overland Park, Shawnee/Johnson County CoC",2019,964.7,757.84,189,150,39,2019,2010
KS-505,"Overland Park, Shawnee/Johnson County CoC",2020,1005.07,789.33,180,156,24,2020,2020
KS-505,"Overland Park, Shawnee/Johnson County CoC",2021,1061.92,836.94,157,125,32,2021,2020
KS-505,"Overland Park, Shawnee/Johnson County CoC",2022,1171.39,917.22,212,167,45,2022,2020
KS-505,"Overland Park, Shawnee/Johnson County CoC",2023,1240.19,966.5,235,185,50,2023,2020
KS-505,"Overland Park, Shawnee/Johnson County CoC",2024,1300.98,1005.14,250,192,58,2024,2020
KS-507,Kansas Balance of State CoC,2010,477.43,321.92,859,800,59,2010,2010
KS-507,Kansas Balance of State CoC,2011,497.83,336.99,1023,962,61,2011,2010
KS-507,Kansas Balance of State CoC,2012,513.18,345.23,1043,982,61,2012,2010
KS-507,Kansas Balance of State CoC,2013,530.53,357.89,1141,1059,82,2013,2010
KS-507,Kansas Balance of State CoC,2014,538.57,364.25,1307,1225,82,2014,2010
KS-507,Kansas Balance of State CoC,2015,548.37,370.65,1208,1093,115,2015,2010
KS-507,Kansas Balance of State CoC,2016,563.81,381.95,903,807,96,2016,2010
KS-507,Kansas Balance of State CoC,2017,579.41,394.75,1037,895,142,2017,2010
KS-507,Kansas Balance of State CoC,2018,593.61,408.14,918,757,161,2018,2010
KS-507,Kansas Balance of State CoC,2019,608.45,421.84,1056,822,234,2019,2010
KS-507,Kansas Balance of State CoC,2020,620.85,427.68,943,720,223,2020,2020
KS-507,Kansas Balance of State CoC,2021,650.11,448.47,783,783,0,2021,2020
KS-507,Kansas Balance of State CoC,2022,698.08,487.21,929,668,261,2022,2020
KS-507,Kansas Balance of State CoC,2023,722.64,504.19,1082,806,276,2023,2020
KS-507,Kansas Balance of State CoC,2024,741.06,513.0,1089,787,302,2024,2020
KY-500,Kentucky Balance of State CoC,2010,438.5,304.99,3446,2704,742,2010,2010
KY-500,Kentucky Balance of State CoC,2011,451.87,315.21,2834,2133,701,2011,2010
KY-500,Kentucky Balance of State CoC,2012,465.48,323.23,2328,1627,701,2012,2010
KY-500,Kentucky Balance of State CoC,2013,481.23,334.23,2392,1792,600,2013,2010
KY-500,Kentucky Balance of State CoC,2014,488.73,343.46,2229,1559,670,2014,2010
KY-500,Kentucky Balance of State CoC,2015,494.76,349.84,2119,1497,622,2015,2010
KY-500,Kentucky Balance of State CoC,2016,506.57,356.89,2057,1484,573,2016,2010
KY-500,Kentucky Balance of State CoC,2017,519.32,364.82,1940,1415,525,2017,2010
KY-500,Kentucky Balance of State CoC,2018,536.54,375.26,2077,1385,692,2018,2010
KY-500,Kentucky Balance of State CoC,2019,552.52,391.61,2221,1571,650,2019,2010
KY-500,Kentucky Balance of State CoC,2020,569.82,403.7,2220,1464,756,2020,2020
KY-500,Kentucky Balance of State CoC,2021,598.76,419.88,969,969,0,2021,2020
KY-500,Kentucky Balance of State CoC,2022,651.84,458.4,2189,1380,809,2022,2020
KY-500,Kentucky Balance of State CoC,2023,682.05,472.42,2346,1495,851,2023,2020
KY-500,Kentucky Balance of State CoC,2024,713.8,479.18,2678,1639,1039,2024,2020
KY-501,Louisville-Jefferson County CoC,2010,550.87,422.68,1626,1460,166,2010,2010
KY-501,Louisville-Jefferson County CoC,2011,563.76,430.83,1628,1536,92,2011,2010
KY-501,Louisville-Jefferson County CoC,2012,580.72,442.65,1532,1380,152,2012,2010
KY-501,Louisville-Jefferson County CoC,2013,593.1,453.88,1445,1382,63,2013,2010
KY-501,Louisville-Jefferson County CoC,2014,605.96,460.19,1316,1246,70,2014,2010
KY-501,Louisville-Jefferson County CoC,2015,620.27,473.71,1161,1080,81,2015,2010
KY-501,Louisville-Jefferson County CoC,2016,640.21,490.07,1116,1004,112,2016,2010
KY-501,Louisville-Jefferson County CoC,2017,664.51,508.11,1034,883,151,2017,2010
KY-501,Louisville-Jefferson County CoC,2018,690.5,522.49,926,773,153,2018,2010
KY-501,Louisville-Jefferson County CoC,2019,717.94,542.38,1071,953,118,2019,2010
KY-501,Louisville-Jefferson County CoC,2020,751.76,559.69,1102,961,141,2020,2020
KY-501,Louisville-Jefferson County CoC,2021,803.84,596.01,1013,756,257,2021,2020
KY-501,Louisville-Jefferson County CoC,2022,876.51,647.09,1080,837,243,2022,2020
KY-501,Louisville-Jefferson County CoC,2023,928.77,692.98,1605,1024,581,2023,2020
KY-501,Louisville-Jefferson County CoC,2024,978.97,722.96,1728,1133,595,2024,2020
KY-502,Lexington-Fayette County CoC,2010,598.64,454.52,1551,1435,116,2010,2010
KY-502,Lexington-Fayette County CoC,2011,619.11,469.19,1572,1514,58,2011,2010
KY-502,Lexington-Fayette County CoC,2012,633.13,480.91,1370,1312,58,2012,2010
KY-502,Lexington-Fayette County CoC,2013,647.82,492.89,1408,1317,91,2013,2010
KY-502,Lexington-Fayette County CoC,2014,649.77,497.87,1544,1453,91,2014,2010
KY-502,Lexington-Fayette County CoC,2015,659.0,504.48,1258,1219,39,2015,2010
KY-502,Lexington-Fayette County CoC,2016,670.61,517.4,1064,1043,21,2016,2010
KY-502,Lexington-Fayette County CoC,2017,692.93,531.3,1051,1000,51,2017,2010
KY-502,Lexington-Fayette County CoC,2018,721.73,552.05,685,662,23,2018,2010
KY-502,Lexington-Fayette County CoC,2019,761.21,582.13,787,776,11,2019,2010
KY-502,Lexington-Fayette County CoC,2020,785.2,606.05,689,658,31,2020,2020
KY-502,Lexington-Fayette County CoC,2021,830.04,635.11,562,562,0,2021,2020
KY-502,Lexington-Fayette County CoC,2022,914.88,696.77,715,683,32,2022,2020
KY-502,Lexington-Fayette County CoC,2023,948.16,723.68,815,777,38,2023,2020
KY-502,Lexington-Fayette County CoC,2024,997.4,756.47,825,743,82,2024,2020
LA-500,Lafayette/Acadiana Regional CoC,2010,436.33,276.46,731,538,193,2010,2010
LA-500,Lafayette/Acadiana Regional CoC,2011,465.52,289.27,577,485,92,2011,2010
LA-500,Lafayette/Acadiana Regional CoC,2012,482.43,301.66,518,439,79,2012,2010
LA-500,Lafayette/Acadiana Regional CoC,2013,503.09,313.87,542,433,109,2013,2010
LA-500,Lafayette/Acadiana Regional CoC,2014,516.88,323.29,471,441,30,2014,2010
LA-500,Lafayette/Acadiana Regional CoC,2015,530.54,333.36,493,373,120,2015,2010
LA-500,Lafayette/Acadiana Regional CoC,2016,547.44,343.65,463,350,113,2016,2010
LA-500,Lafayette/Acadiana Regional CoC,2017,565.54,363.64,357,261,96,2017,2010
LA-500,Lafayette/Acadiana Regional CoC,2018,584.94,381.72,363,190,173,2018,2010
LA-500,Lafayette/Acadiana Regional CoC,2019,604.89,404.6,360,205,155,2019,2010
LA-500,Lafayette/Acadiana Regional CoC,2020,622.29,403.88,417,234,183,2020,2020
LA-500,Lafayette/Acadiana Regional CoC,2021,633.2,431.89,349,349,0,2021,2020
LA-500,Lafayette/Acadiana Regional CoC,2022,667.23,460.03,351,298,53,2022,2020
LA-500,Lafayette/Acadiana Regional CoC,2023,705.06,474.21,452,292,160,2023,2020
LA-500,Lafayette/Acadiana Regional CoC,2024,715.21,479.27,441,259,182,2024,2020
LA-502,"Shreveport, Bossier/Northwest Louisiana CoC",2010,500.78,327.27,830,739,91,2010,2010
LA-502,"Shreveport, Bossier/Northwest Louisiana CoC",2011,536.59,349.9,733,577,156,2011,2010
LA-502,"Shreveport, Bossier/Northwest Louisiana CoC",2012,555.42,371.55,804,626,178,2012,2010
LA-502,"Shreveport, Bossier/Northwest Louisiana CoC",2013,574.66,388.65,692,513,179,2013,2010
LA-502,"Shreveport, Bossier/Northwest Louisiana CoC",2014,593.41,397.6,655,529,126,2014,2010
LA-502,"Shreveport, Bossier/Northwest Louisiana CoC",2015,597.86,406.53,390,310,80,2015,2010
LA-502,"Shreveport, Bossier/Northwest Louisiana CoC",2016,613.26,412.13,478,413,65,2016,2010
LA-502,"Shreveport, Bossier/Northwest Louisiana CoC",2017,629.38,424.03,349,302,47,2017,2010
LA-502,"Shreveport, Bossier/Northwest Louisiana CoC",2018,643.75,441.87,375,331,44,2018,2010
LA-502,"Shreveport, Bossier/Northwest Louisiana CoC",2019,655.78,455.97,292,232,60,2019,2010
LA-502,"Shreveport, Bossier/Northwest Louisiana CoC",2020,667.91,458.25,298,256,42,2020,2020
LA-502,"Shreveport, Bossier/Northwest Louisiana CoC",2021,700.59,484.55,198,162,36,2021,2020
LA-502,"Shreveport, Bossier/Northwest Louisiana CoC",2022,741.57,511.37,255,156,99,2022,2020
LA-502,"Shreveport, Bossier/Northwest Louisiana CoC",2023,775.06,534.21,223,156,67,2023,2020
LA-502,"Shreveport, Bossier/Northwest Louisiana CoC",2024,778.41,536.86,292,205,87,2024,2020
LA-503,New Orleans/Jefferson Parish CoC,2010,741.57,559.84,8725,1340,7385,2010,2010
LA-503,New Orleans/Jefferson Parish CoC,2011,759.87,583.51,6687,1313,5374,2011,2010
LA-503,New Orleans/Jefferson Parish CoC,2012,771.7,593.82,4903,1464,3439,2012,2010
LA-503,New Orleans/Jefferson Parish CoC,2013,779.96,596.04,2337,1298,1039,2013,2010
LA-503,New Orleans/Jefferson Parish CoC,2014,780.81,598.89,1981,1163,818,2014,2010
LA-503,New Orleans/Jefferson Parish CoC,2015,781.77,604.61,1703,914,789,2015,2010
LA-503,New Orleans/Jefferson Parish CoC,2016,793.23,610.66,1626,909,717,2016,2010
LA-503,New Orleans/Jefferson Parish CoC,2017,814.93,620.95,1301,776,525,2017,2010
LA-503,New Orleans/Jefferson Parish CoC,2018,835.64,635.44,1188,594,594,2018,2010
LA-503,New Orleans/Jefferson Parish CoC,2019,854.58,652.38,1179,749,430,2019,2010
LA-503,New Orleans/Jefferson Parish CoC,2020,874.12,669.15,1314,759,555,2020,2020
LA-503,New Orleans/Jefferson Parish CoC,2021,918.56,712.49,1042,560,482,2021,2020
LA-503,New Orleans/Jefferson Parish CoC,2022,988.26,767.75,1214,850,364,2022,2020
LA-503,New Orleans/Jefferson Parish CoC,2023,1034.25,791.78,1390,837,553,2023,2020
LA-503,New Orleans/Jefferson Parish CoC,2024,1071.02,810.54,1454,970,484,2024,2020
LA-505,Monroe/Northeast Louisiana CoC,2010,402.21,269.0,228,187,41,2010,2010
LA-505,Monroe/Northeast Louisiana CoC,2011,419.84,281.87,227,197,30,2011,2010
LA-505,Monroe/Northeast Louisiana CoC,2012,428.75,286.05,257,198,59,2012,2010
LA-505,Monroe/Northeast Louisiana CoC,2013,434.99,297.39,200,172,28,2013,2010
LA-505,Monroe/Northeast Louisiana CoC,2014,445.38,305.24,220,182,38,2014,2010
LA-505,Monroe/Northeast Louisiana CoC,2015,448.82,303.62,191,170,21,2015,2010
LA-505,Monroe/Northeast Louisiana CoC,2016,455.24,306.05,188,175,13,2016,2010
LA-505,Monroe/Northeast Louisiana CoC,2017,480.88,319.99,185,160,25,2017,2010
LA-505,Monroe/Northeast Louisiana CoC,2018,500.91,330.45,187,179,8,2018,2010
LA-505,Monroe/Northeast Louisiana CoC,2019,521.81,336.01,188,171,17,2019,2010
LA-505,Monroe/Northeast Louisiana CoC,2020,533.77,361.51,162,122,40,2020,2020
LA-505,Monroe/Northeast Louisiana CoC,2021,568.27,383.14,78,78,0,2021,2020
LA-505,Monroe/Northeast Louisiana CoC,2022,617.29,424.21,136,126,10,2022,2020
LA-505,Monroe/Northeast Louisiana CoC,2023,633.91,432.01,122,105,17,2023,2020
LA-505,Monroe/Northeast Louisiana CoC,2024,672.65,456.75,142,96,46,2024,2020
LA-506,Slidell/Southeast Louisiana CoC,2010,621.11,406.04,357,195,162,2010,2010
LA-506,Slidell/Southeast Louisiana CoC,2011,647.62,423.0,281,241,40,2011,2010
LA-506,Slidell/Southeast Louisiana CoC,2012,670.71,445.64,276,237,39,2012,2010
LA-506,Slidell/Southeast Louisiana CoC,2013,679.69,456.53,276,241,35,2013,2010
LA-506,Slidell/Southeast Louisiana CoC,2014,689.12,466.75,262,219,43,2014,2010
LA-506,Slidell/Southeast Louisiana CoC,2015,689.22,478.56,243,193,50,2015,2010
LA-506,Slidell/Southeast Louisiana CoC,2016,698.41,484.97,275,215,60,2016,2010
LA-506,Slidell/Southeast Louisiana CoC,2017,708.6,499.93,248,159,89,2017,2010
LA-506,Slidell/Southeast Louisiana CoC,2018,727.22,517.6,194,135,59,2018,2010
LA-506,Slidell/Southeast Louisiana CoC,2019,767.15,534.18,215,139,76,2019,2010
LA-506,Slidell/Southeast Louisiana CoC,2020,905.17,549.35,118,84,34,2020,2020
LA-506,Slidell/Southeast Louisiana CoC,2021,859.51,597.97,70,70,0,2021,2020
LA-506,Slidell/Southeast Louisiana CoC,2022,923.32,613.22,611,521,90,2022,2020
LA-506,Slidell/Southeast Louisiana CoC,2023,939.67,635.94,182,41,141,2023,2020
LA-506,Slidell/Southeast Louisiana CoC,2024,981.04,637.22,209,42,167,2024,2020
LA-507,Alexandria/Central Louisiana CoC,2010,447.25,281.37,151,104,47,2010,2010
LA-507,Alexandria/Central Louisiana CoC,2011,464.62,291.31,208,173,35,2011,2010
LA-507,Alexandria/Central Louisiana CoC,2012,483.78,310.89,188,173,15,2012,2010
LA-507,Alexandria/Central Louisiana CoC,2013,501.81,323.43,118,87,31,2013,2010
LA-507,Alexandria/Central Louisiana CoC,2014,518.2,336.97,141,128,13,2014,2010
LA-507,Alexandria/Central Louisiana CoC,2015,538.45,344.96,154,130,24,2015,2010
LA-507,Alexandria/Central Louisiana CoC,2016,555.91,353.4,167,113,54,2016,2010
LA-507,Alexandria/Central Louisiana CoC,2017,573.74,365.69,159,98,61,2017,2010
LA-507,Alexandria/Central Louisiana CoC,2018,605.55,392.17,177,124,53,2018,2010
LA-507,Alexandria/Central Louisiana CoC,2019,614.56,405.02,114,95,19,2019,2010
LA-507,Alexandria/Central Louisiana CoC,2020,613.06,415.92,107,91,16,2020,2020
LA-507,Alexandria/Central Louisiana CoC,2021,646.46,434.85,64,64,0,2021,2020
LA-507,Alexandria/Central Louisiana CoC,2022,684.82,461.54,75,38,37,2022,2020
LA-507,Alexandria/Central Louisiana CoC,2023,687.64,460.92,122,39,83,2023,2020
LA-507,Alexandria/Central Louisiana CoC,2024,712.18,467.63,148,31,117,2024,2020
LA-509,Louisiana Balance of State CoC,2010,549.69,378.61,1460,993,467,2010,2010
LA-509,Louisiana Balance of State CoC,2011,585.68,404.35,578,419,159,2011,2010
LA-509,Louisiana Balance of State CoC,2012,611.64,425.19,826,670,156,2012,2010
LA-509,Louisiana Balance of State CoC,2013,633.27,441.5,1061,907,154,2013,2010
LA-509,Louisiana Balance of State CoC,2014,644.95,456.65,876,841,35,2014,2010
LA-509,Louisiana Balance of State CoC,2015,660.68,466.05,907,800,107,2015,2010
LA-509,Louisiana Balance of State CoC,2016,670.72,482.59,797,678,119,2016,2010
LA-509,Louisiana Balance of State CoC,2017,692.13,500.57,706,574,132,2017,2010
LA-509,Louisiana Balance of State CoC,2018,711.93,511.69,575,441,134,2018,2010
LA-509,Louisiana Balance of State CoC,2019,730.29,517.95,593,376,217,2019,2010
LA-509,Louisiana Balance of State CoC,2020,752.54,530.51,757,474,283,2020,2020
LA-509,Louisiana Balance of State CoC,2021,790.89,554.09,330,330,0,2021,2020
LA-509,Louisiana Balance of State CoC,2022,857.4,593.43,4731,4149,582,2022,2020
LA-509,Louisiana Balance of State CoC,2023,891.86,622.37,678,300,378,2023,2020
LA-509,Louisiana Balance of State CoC,2024,926.12,639.94,783,308,475,2024,2020
MA-500,Boston CoC,2010,1071.32,602.96,5139,4884,255,2010,2010
MA-500,Boston CoC,2011,1104.41,622.21,5476,5294,182,2011,2010
MA-500,Boston CoC,2012,1142.63,632.7,5607,5426,181,2012,2010
MA-500,Boston CoC,2013,1168.04,637.59,5881,5688,193,2013,2010
MA-500,Boston CoC,2014,1192.1,624.42,5987,5807,180,2014,2010
MA-500,Boston CoC,2015,1223.79,625.95,6492,6353,139,2015,2010
MA-500,Boston CoC,2016,1260.1,627.06,6240,6073,167,2016,2010
MA-500,Boston CoC,2017,1309.5,644.77,6135,5949,186,2017,2010
MA-500,Boston CoC,2018,1392.83,683.84,6188,6025,163,2018,2010
MA-500,Boston CoC,2019,1486.91,746.8,6242,6121,121,2019,2010
MA-500,Boston CoC,2020,1570.69,818.36,6134,5999,135,2020,2020
MA-500,Boston CoC,2021,1658.05,888.48,4548,4378,170,2021,2020
MA-500,Boston CoC,2022,1805.52,1001.32,4439,4320,119,2022,2020
MA-500,Boston CoC,2023,1923.49,1065.92,5202,5033,169,2023,2020
MA-500,Boston CoC,2024,1961.16,1053.07,5898,5764,134,2024,2020
MA-502,Lynn CoC,2010,787.72,500.31,464,439,25,2010,2010
MA-502,Lynn CoC,2011,803.7,504.94,531,502,29,2011,2010
MA-502,Lynn CoC,2012,803.56,508.48,414,400,14,2012,2010
MA-502,Lynn CoC,2013,812.88,513.04,468,453,15,2013,2010
MA-502,Lynn CoC,2014,815.3,515.0,382,372,10,2014,2010
MA-502,Lynn CoC,2015,851.29,523.1,445,428,17,2015,2010
MA-502,Lynn CoC,2016,876.06,569.96,541,537,4,2016,2010
MA-502,Lynn CoC,2017,914.74,606.79,582,531,51,2017,2010
MA-502,Lynn CoC,2018,949.65,614.94,1061,1019,42,2018,2010
MA-502,Lynn CoC,2019,1024.27,645.29,1035,1030,5,2019,2010
MA-502,Lynn CoC,2020,1075.13,702.94,1040,1027,13,2020,2020
MA-502,Lynn CoC,2021,1174.84,724.14,943,927,16,2021,2020
MA-502,Lynn CoC,2022,1296.43,774.47,851,808,43,2022,2020
MA-502,Lynn CoC,2023,1359.67,807.62,1094,1073,21,2023,2020
MA-502,Lynn CoC,2024,1398.74,960.91,1100,1084,16,2024,2020
MA-503,Cape Cod Islands CoC,2010,955.82,682.33,504,313,191,2010,2010
MA-503,Cape Cod Islands CoC,2011,988.83,695.33,480,353,127,2011,2010
MA-503,Cape Cod Islands CoC,2012,1003.1,699.68,364,316,48,2012,2010
MA-503,Cape Cod Islands CoC,2013,1013.51,702.34,514,321,193,2013,2010
MA-503,Cape Cod Islands CoC,2014,1036.37,692.67,381,295,86,2014,2010
MA-503,Cape Cod Islands CoC,2015,1018.37,679.48,362,315,47,2015,2010
MA-503,Cape Cod Islands CoC,2016,1040.75,737.87,394,327,67,2016,2010
MA-503,Cape Cod Islands CoC,2017,1088.12,780.58,324,285,39,2017,2010
MA-503,Cape Cod Islands CoC,2018,1145.07,808.92,358,319,39,2018,2010
MA-503,Cape Cod Islands CoC,2019,1193.63,854.89,371,333,38,2019,2010
MA-503,Cape Cod Islands CoC,2020,1253.07,917.91,336,286,50,2020,2020
MA-503,Cape Cod Islands CoC,2021,1277.9,910.24,343,315,28,2021,2020
MA-503,Cape Cod Islands CoC,2022,1408.05,956.49,397,362,35,2022,2020
MA-503,Cape Cod Islands CoC,2023,1427.48,930.93,427,395,32,2023,2020
MA-503,Cape Cod Islands CoC,2024,1497.75,945.97,570,494,76,2024,2020
MA-504,Springfield/Hampden County CoC,2010,606.89,408.14,886,876,10,2010,2010
MA-504,Springfield/Hampden County CoC,2011,637.15,422.06,1025,1020,5,2011,2010
MA-504,Springfield/Hampden County CoC,2012,646.58,416.59,2444,2409,35,2012,2010
MA-504,Springfield/Hampden County CoC,2013,666.25,424.56,2117,2072,45,2013,2010
MA-504,Springfield/Hampden County CoC,2014,686.65,434.78,2690,2655,35,2014,2010
MA-504,Springfield/Hampden County CoC,2015,702.54,451.22,3002,2992,10,2015,2010
MA-504,Springfield/Hampden County CoC,2016,708.24,467.83,2385,2350,35,2016,2010
MA-504,Springfield/Hampden County CoC,2017,727.26,477.41,2311,2258,53,2017,2010
MA-504,Springfield/Hampden County CoC,2018,743.97,480.02,3368,3324,44,2018,2010
MA-504,Springfield/Hampden County CoC,2019,760.95,478.07,2443,2401,42,2019,2010
MA-504,Springfield/Hampden County CoC,2020,776.19,502.27,2257,2153,104,2020,2020
MA-504,Springfield/Hampden County CoC,2021,825.68,536.53,2248,2218,30,2021,2020
MA-504,Springfield/Hampden County CoC,2022,879.85,584.12,2294,2183,111,2022,2020
MA-504,Springfield/Hampden County CoC,2023,923.13,607.29,2683,2568,115,2023,2020
MA-504,Springfield/Hampden County CoC,2024,940.16,613.98,3018,2841,177,2024,2020
MA-505,"New Bedford, Attleboro, Taunton/Bristol County CoC",2010,721.62,503.84,548,476,72,2010,2010
MA-505,"New Bedford, Attleboro, Taunton/Bristol County CoC",2011,744.03,523.61,575,531,44,2011,2010
MA-505,"New Bedford, Attleboro, Taunton/Bristol County CoC",2012,748.22,533.46,623,577,46,2012,2010
MA-505,"New Bedford, Attleboro, Taunton/Bristol County CoC",2013,758.12,537.57,588,539,49,2013,2010
MA-505,"New Bedford, Attleboro, Taunton/Bristol County CoC",2014,765.93,543.09,571,541,30,2014,2010
MA-505,"New Bedford, Attleboro, Taunton/Bristol County CoC",2015,777.95,548.89,677,586,91,2015,2010
MA-505,"New Bedford, Attleboro, Taunton/Bristol County CoC",2016,789.57,547.84,712,630,82,2016,2010
MA-505,"New Bedford, Attleboro, Taunton/Bristol County CoC",2017,812.88,572.26,586,501,85,2017,2010
MA-505,"New Bedford, Attleboro, Taunton/Bristol County CoC",2018,829.38,567.07,617,526,91,2018,2010
MA-505,"New Bedford, Attleboro, Taunton/Bristol County CoC",2019,869.71,601.93,689,602,87,2019,2010
MA-505,"New Bedford, Attleboro, Taunton/Bristol County CoC",2020,900.56,615.34,648,572,76,2020,2020
MA-505,"New Bedford, Attleboro, Taunton/Bristol County CoC",2021,941.79,660.02,596,545,51,2021,2020
MA-505,"New Bedford, Attleboro, Taunton/Bristol County CoC",2022,1058.22,724.82,663,554,109,2022,2020
MA-505,"New Bedford, Attleboro, Taunton/Bristol County CoC",2023,1102.72,765.39,695,599,96,2023,2020
MA-505,"New Bedford, Attleboro, Taunton/Bristol County CoC",2024,1174.65,789.32,1179,1020,159,2024,2020
MA-506,Worcester City & County CoC,2010,746.22,525.13,1409,1354,55,2010,2010
MA-506,Worcester City & County CoC,2011,766.86,540.61,1315,1264,51,2011,2010
MA-506,Worcester City & County CoC,2012,782.48,554.98,1572,1499,73,2012,2010
MA-506,Worcester City & County CoC,2013,798.6,569.7,1657,1602,55,2013,2010
MA-506,Worcester City & County CoC,2014,812.36,581.32,1796,1747,49,2014,2010
MA-506,Worcester City & County CoC,2015,820.95,594.94,1682,1606,76,2015,2010
MA-506,Worcester City & County CoC,2016,840.64,613.71,1572,1506,66,2016,2010
MA-506,Worcester City & County CoC,2017,871.32,629.5,1507,1371,136,2017,2010
MA-506,Worcester City & County CoC,2018,905.45,644.23,1852,1682,170,2018,2010
MA-506,Worcester City & County CoC,2019,933.14,652.26,1593,1424,169,2019,2010
MA-506,Worcester City & County CoC,2020,955.14,666.9,1401,1212,189,2020,2020
MA-506,Worcester City & County CoC,2021,1016.61,697.54,1196,949,247,2021,2020
MA-506,Worcester City & County CoC,2022,1122.42,772.02,1277,1159,118,2022,2020
MA-506,Worcester City & County CoC,2023,1182.31,805.2,1607,1470,137,2023,2020
MA-506,Worcester City & County CoC,2024,1249.27,843.09,1927,1785,142,2024,2020
MA-507,"Pittsfield/Berkshire, Franklin, Hampshire Counties CoC",2010,681.0,480.37,280,193,87,2010,2010
MA-507,"Pittsfield/Berkshire, Franklin, Hampshire Counties CoC",2011,708.93,502.45,192,170,22,2011,2010
MA-507,"Pittsfield/Berkshire, Franklin, Hampshire Counties CoC",2012,726.25,514.05,717,658,59,2012,2010
MA-507,"Pittsfield/Berkshire, Franklin, Hampshire Counties CoC",2013,748.83,521.98,678,638,40,2013,2010
MA-507,"Pittsfield/Berkshire, Franklin, Hampshire Counties CoC",2014,751.7,515.16,753,724,29,2014,2010
MA-507,"Pittsfield/Berkshire, Franklin, Hampshire Counties CoC",2015,767.48,528.17,781,762,19,2015,2010
MA-507,"Pittsfield/Berkshire, Franklin, Hampshire Counties CoC",2016,788.42,541.91,653,625,28,2016,2010
MA-507,"Pittsfield/Berkshire, Franklin, Hampshire Counties CoC",2017,824.85,562.14,557,502,55,2017,2010
MA-507,"Pittsfield/Berkshire, Franklin, Hampshire Counties CoC",2018,854.02,594.46,651,597,54,2018,2010
MA-507,"Pittsfield/Berkshire, Franklin, Hampshire Counties CoC",2019,880.19,624.81,546,512,34,2019,2010
MA-507,"Pittsfield/Berkshire, Franklin, Hampshire Counties CoC",2020,866.36,631.76,591,490,101,2020,2020
MA-507,"Pittsfield/Berkshire, Franklin, Hampshire Counties CoC",2021,911.19,658.85,425,375,50,2021,2020
MA-507,"Pittsfield/Berkshire, Franklin, Hampshire Counties CoC",2022,995.6,712.83,542,475,67,2022,2020
MA-507,"Pittsfield/Berkshire, Franklin, Hampshire Counties CoC",2023,1025.9,713.22,622,538,84,2023,2020
MA-507,"Pittsfield/Berkshire, Franklin, Hampshire Counties CoC",2024,1082.55,732.52,961,875,86,2024,2020
MA-509,Cambridge CoC,2010,1343.47,902.25,559,489,70,2010,2010
MA-509,Cambridge CoC,2011,1427.01,968.18,471,419,52,2011,2010
MA-509,Cambridge CoC,2012,1472.98,1012.38,485,413,72,2012,2010
MA-509,Cambridge CoC,2013,1508.01,1047.56,535,466,69,2013,2010
MA-509,Cambridge CoC,2014,1565.18,1063.22,551,504,47,2014,2010
MA-509,Cambridge CoC,2015,1591.05,1077.63,464,432,32,2015,2010
MA-509,Cambridge CoC,2016,1635.73,1070.37,517,448,69,2016,2010
MA-509,Cambridge CoC,2017,1763.6,1131.81,530,463,67,2017,2010
MA-509,Cambridge CoC,2018,1917.2,1235.81,561,482,79,2018,2010
MA-509,Cambridge CoC,2019,2123.23,1391.34,555,497,58,2019,2010
MA-509,Cambridge CoC,2020,2179.45,1508.63,501,438,63,2020,2020
MA-509,Cambridge CoC,2021,2297.05,1570.74,411,322,89,2021,2020
MA-509,Cambridge CoC,2022,2464.49,1745.36,440,365,75,2022,2020
MA-509,Cambridge CoC,2023,2596.51,1846.67,474,400,74,2023,2020
MA-509,Cambridge CoC,2024,2660.21,1902.1,747,665,82,2024,2020
MA-511,"Quincy, Brockton, Weymouth, Plymouth City and County CoC",2010,948.97,688.22,1186,1155,31,2010,2010
MA-511,"Quincy, Brockton, Weymouth, Plymouth City and County CoC",2011,989.91,719.57,1468,1450,18,2011,2010
MA-511,"Quincy, Brockton, Weymouth, Plymouth City and County CoC",2012,1005.64,727.93,1424,1364,60,2012,2010
MA-511,"Quincy, Brockton, Weymouth, Plymouth City and County CoC",2013,1026.96,755.89,1690,1641,49,2013,2010
MA-511,"Quincy, Brockton, Weymouth, Plymouth City and County CoC",2014,1039.47,756.99,1643,1603,40,2014,2010
MA-511,"Quincy, Brockton, Weymouth, Plymouth City and County CoC",2015,1056.05,743.84,1803,1775,28,2015,2010
MA-511,"Quincy, Brockton, Weymouth, Plymouth City and County CoC",2016,1079.11,730.1,1692,1654,38,2016,2010
MA-511,"Quincy, Brockton, Weymouth, Plymouth City and County CoC",2017,1137.4,765.55,1109,1059,50,2017,2010
MA-511,"Quincy, Brockton, Weymouth, Plymouth City and County CoC",2018,1187.74,806.66,1090,1068,22,2018,2010
MA-511,"Quincy, Brockton, Weymouth, Plymouth City and County CoC",2019,1225.62,822.12,1088,1075,13,2019,2010
MA-511,"Quincy, Brockton, Weymouth, Plymouth City and County CoC",2020,1325.54,880.78,1079,1049,30,2020,2020
MA-511,"Quincy, Brockton, Weymouth, Plymouth City and County CoC",2021,1400.86,933.86,943,907,36,2021,2020
MA-511,"Quincy, Brockton, Weymouth, Plymouth City and County CoC",2022,1523.48,1020.69,1008,960,48,2022,2020
MA-511,"Quincy, Brockton, Weymouth, Plymouth City and County CoC",2023,1621.62,1085.82,1472,1421,51,2023,2020
MA-511,"Quincy, Brockton, Weymouth, Plymouth City and County CoC",2024,1705.65,1130.17,1885,1781,104,2024,2020
MA-515,Fall River CoC,2010,546.28,364.52,253,238,15,2010,2010
MA-515,Fall River CoC,2011,564.05,400.89,288,277,11,2011,2010
MA-515,Fall River CoC,2012,581.03,412.63,307,285,22,2012,2010
MA-515,Fall River CoC,2013,600.57,434.1,235,220,15,2013,2010
MA-515,Fall River CoC,2014,609.35,445.09,354,276,78,2014,2010
MA-515,Fall River CoC,2015,623.54,459.66,406,406,0,2015,2010
MA-515,Fall River CoC,2016,634.64,469.16,386,379,7,2016,2010
MA-515,Fall River CoC,2017,650.39,484.29,297,278,19,2017,2010
MA-515,Fall River CoC,2018,670.69,500.65,377,345,32,2018,2010
MA-515,Fall River CoC,2019,688.05,503.87,320,316,4,2019,2010
MA-515,Fall River CoC,2020,708.22,511.79,357,298,59,2020,2020
MA-515,Fall River CoC,2021,759.82,542.6,324,236,88,2021,2020
MA-515,Fall River CoC,2022,846.72,588.58,361,253,108,2022,2020
MA-515,Fall River CoC,2023,880.84,634.09,433,337,96,2023,2020
MA-515,Fall River CoC,2024,958.6,673.97,523,383,140,2024,2020
MA-516,Massachusetts Balance of State CoC,2010,1038.63,703.37,3537,3365,172,2010,2010
MA-516,Massachusetts Balance of State CoC,2011,1060.97,717.39,3302,3177,125,2011,2010
MA-516,Massachusetts Balance of State CoC,2012,1087.24,729.99,3544,3432,112,2012,2010
MA-516,Massachusetts Balance of State CoC,2013,1111.49,755.26,4666,4539,127,2013,2010
MA-516,Massachusetts Balance of State CoC,2014,1139.79,776.53,6129,5954,175,2014,2010
MA-516,Massachusetts Balance of State CoC,2015,1162.17,787.56,5021,4887,134,2015,2010
MA-516,Massachusetts Balance of State CoC,2016,1199.8,809.25,4516,4319,197,2016,2010
MA-516,Massachusetts Balance of State CoC,2017,1257.14,834.54,3627,3377,250,2017,2010
MA-516,Massachusetts Balance of State CoC,2018,1322.29,867.41,3945,3696,249,2018,2010
MA-516,Massachusetts Balance of State CoC,2019,1392.99,902.36,3589,3331,258,2019,2010
MA-516,Massachusetts Balance of State CoC,2020,1458.55,943.28,3631,3157,474,2020,2020
MA-516,Massachusetts Balance of State CoC,2021,1561.42,997.68,3102,2772,330,2021,2020
MA-516,Massachusetts Balance of State CoC,2022,1713.86,1102.74,3235,2933,302,2022,2020
MA-516,Massachusetts Balance of State CoC,2023,1819.58,1174.39,4432,3945,487,2023,2020
MA-516,Massachusetts Balance of State CoC,2024,1896.02,1213.05,11552,11033,519,2024,2020
MD-501,Baltimore CoC,2010,681.98,454.22,3419,2191,1228,2010,2010
MD-501,Baltimore CoC,2011,704.96,479.11,4094,2299,1795,2011,2010
MD-501,Baltimore CoC,2012,727.34,500.71,3854,2059,1795,2012,2010
MD-501,Baltimore CoC,2013,746.15,511.18,2638,2343,295,2013,2010
MD-501,Baltimore CoC,2014,769.43,526.24,2567,2272,295,2014,2010
MD-501,Baltimore CoC,2015,789.44,539.67,2796,2459,337,2015,2010
MD-501,Baltimore CoC,2016,819.66,556.17,2725,2388,337,2016,2010
MD-501,Baltimore CoC,2017,848.71,574.52,2669,2123,546,2017,2010
MD-501,Baltimore CoC,2018,882.86,596.33,2508,1962,546,2018,2010
MD-501,Baltimore CoC,2019,912.0,609.93,2294,1914,380,2019,2010
MD-501,Baltimore CoC,2020,938.25,631.22,2193,1895,298,2020,2020
MD-501,Baltimore CoC,2021,979.16,671.08,1631,1631,0,2021,2020
MD-501,Baltimore CoC,2022,1070.37,727.99,1597,1473,124,2022,2020
MD-501,Baltimore CoC,2023,1108.65,761.74,1627,1514,113,2023,2020
MD-501,Baltimore CoC,2024,1125.42,784.69,1600,1487,113,2024,2020
MD-503,Annapolis/Anne Arundel County CoC,2010,1159.04,857.36,395,266,129,2010,2010
MD-503,Annapolis/Anne Arundel County CoC,2011,1214.29,882.56,382,312,70,2011,2010
MD-503,Annapolis/Anne Arundel County CoC,2012,1240.87,903.72,373,311,62,2012,2010
MD-503,Annapolis/Anne Arundel County CoC,2013,1281.88,938.67,400,315,85,2013,2010
MD-503,Annapolis/Anne Arundel County CoC,2014,1317.61,965.08,384,333,51,2014,2010
MD-503,Annapolis/Anne Arundel County CoC,2015,1351.9,991.19,335,287,48,2015,2010
MD-503,Annapolis/Anne Arundel County CoC,2016,1373.47,1014.38,390,338,52,2016,2010
MD-503,Annapolis/Anne Arundel County CoC,2017,1425.57,1044.66,376,263,113,2017,2010
MD-503,Annapolis/Anne Arundel County CoC,2018,1464.81,1075.3,366,280,86,2018,2010
MD-503,Annapolis/Anne Arundel County CoC,2019,1513.72,1114.26,302,241,61,2019,2010
MD-503,Annapolis/Anne Arundel County CoC,2020,1554.75,1179.13,319,229,90,2020,2020
MD-503,Annapolis/Anne Arundel County CoC,2021,1604.09,1244.55,244,172,72,2021,2020
MD-503,Annapolis/Anne Arundel County CoC,2022,1738.41,1332.77,307,232,75,2022,2020
MD-503,Annapolis/Anne Arundel County CoC,2023,1831.52,1401.77,241,167,74,2023,2020
MD-503,Annapolis/Anne Arundel County CoC,2024,1899.2,1465.93,254,156,98,2024,2020
MD-504,Howard County CoC,2010,1199.58,970.04,221,157,64,2010,2010
MD-504,Howard County CoC,2011,1234.22,1004.17,189,133,56,2011,2010
MD-504,Howard County CoC,2012,1277.84,1027.49,230,148,82,2012,2010
MD-504,Howard County CoC,2013,1322.61,1052.89,194,139,55,2013,2010
MD-504,Howard County CoC,2014,1386.57,1102.61,170,148,22,2014,2010
MD-504,Howard County CoC,2015,1427.37,1124.3,166,123,43,2015,2010
MD-504,Howard County CoC,2016,1470.89,1174.71,214,205,9,2016,2010
MD-504,Howard County CoC,2017,1512.24,1215.29,168,115,53,2017,2010
MD-504,Howard County CoC,2018,1541.49,1257.28,168,125,43,2018,2010
MD-504,Howard County CoC,2019,1581.6,1279.29,201,129,72,2019,2010
MD-504,Howard County CoC,2020,1587.97,1300.17,139,99,40,2020,2020
MD-504,Howard County CoC,2021,1652.66,1342.69,82,82,0,2021,2020
MD-504,Howard County CoC,2022,1809.16,1492.94,165,143,22,2022,2020
MD-504,Howard County CoC,2023,1899.01,1540.29,145,112,33,2023,2020
MD-504,Howard County CoC,2024,1934.61,1561.95,130,68,62,2024,2020
MD-505,Baltimore County CoC,2010,907.44,723.89,891,589,302,2010,2010
MD-505,Baltimore County CoC,2011,948.41,754.97,881,494,387,2011,2010
MD-505,Baltimore County CoC,2012,990.88,778.39,800,522,278,2012,2010
MD-505,Baltimore County CoC,2013,1007.21,800.05,919,464,455,2013,2010
MD-505,Baltimore County CoC,2014,1035.4,812.45,569,392,177,2014,2010
MD-505,Baltimore County CoC,2015,1063.01,826.51,745,450,295,2015,2010
MD-505,Baltimore County CoC,2016,1098.27,849.44,763,448,315,2016,2010
MD-505,Baltimore County CoC,2017,1135.09,880.54,609,389,220,2017,2010
MD-505,Baltimore County CoC,2018,1167.45,910.64,758,472,286,2018,2010
MD-505,Baltimore County CoC,2019,1203.82,934.95,735,486,249,2019,2010
MD-505,Baltimore County CoC,2020,1230.9,957.64,712,496,216,2020,2020
MD-505,Baltimore County CoC,2021,1265.2,1001.97,270,178,92,2021,2020
MD-505,Baltimore County CoC,2022,1371.19,1063.77,468,328,140,2022,2020
MD-505,Baltimore County CoC,2023,1433.63,1111.48,612,480,132,2023,2020
MD-505,Baltimore County CoC,2024,1488.42,1150.39,565,450,115,2024,2020
MD-506,Carroll County CoC,2010,790.25,566.8,211,183,28,2010,2010
MD-506,Carroll County CoC,2011,814.0,568.32,179,157,22,2011,2010
MD-506,Carroll County CoC,2012,852.14,599.72,167,131,36,2012,2010
MD-506,Carroll County CoC,2013,869.26,615.32,134,127,7,2013,2010
MD-506,Carroll County CoC,2014,892.31,617.67,124,118,6,2014,2010
MD-506,Carroll County CoC,2015,909.64,635.64,140,129,11,2015,2010
MD-506,Carroll County CoC,2016,910.18,636.13,136,136,0,2016,2010
MD-506,Carroll County CoC,2017,947.32,659.48,147,125,22,2017,2010
MD-506,Carroll County CoC,2018,971.62,691.97,173,151,22,2018,2010
MD-506,Carroll County CoC,2019,977.96,676.02,144,121,23,2019,2010
MD-506,Carroll County CoC,2020,950.45,637.36,130,107,23,2020,2020
MD-506,Carroll County CoC,2021,1053.24,731.4,85,67,18,2021,2020
MD-506,Carroll County CoC,2022,1140.55,755.95,76,65,11,2022,2020
MD-506,Carroll County CoC,2023,1237.71,761.93,122,99,23,2023,2020
MD-506,Carroll County CoC,2024,1300.41,881.66,134,111,23,2024,2020
MD-511,Mid-Shore Regional CoC,2010,662.36,423.1,96,68,28,2010,2010
MD-511,Mid-Shore Regional CoC,2011,658.5,440.95,85,76,9,2011,2010
MD-511,Mid-Shore Regional CoC,2012,687.34,464.54,80,73,7,2012,2010
MD-511,Mid-Shore Regional CoC,2013,706.72,494.11,87,67,20,2013,2010
MD-511,Mid-Shore Regional CoC,2014,728.88,517.04,111,93,18,2014,2010
MD-511,Mid-Shore Regional CoC,2015,739.58,513.2,158,123,35,2015,2010
MD-511,Mid-Shore Regional CoC,2016,784.13,534.66,138,112,26,2016,2010
MD-511,Mid-Shore Regional CoC,2017,805.37,549.88,153,136,17,2017,2010
MD-511,Mid-Shore Regional CoC,2018,818.91,557.11,141,111,30,2018,2010
MD-511,Mid-Shore Regional CoC,2019,840.87,553.62,164,146,18,2019,2010
MD-511,Mid-Shore Regional CoC,2020,859.02,573.05,157,129,28,2020,2020
MD-511,Mid-Shore Regional CoC,2021,888.06,597.16,122,113,9,2021,2020
MD-511,Mid-Shore Regional CoC,2022,930.32,641.93,116,111,5,2022,2020
MD-511,Mid-Shore Regional CoC,2023,978.54,627.27,139,137,2,2023,2020
MD-511,Mid-Shore Regional CoC,2024,996.71,673.29,129,126,3,2024,2020
MD-513,"Wicomico, Somerset, Worcester Counties CoC",2010,673.33,473.28,240,197,43,2010,2010
MD-513,"Wicomico, Somerset, Worcester Counties CoC",2011,701.73,499.71,253,215,38,2011,2010
MD-513,"Wicomico, Somerset, Worcester Counties CoC",2012,714.67,519.06,221,221,0,2012,2010
MD-513,"Wicomico, Somerset, Worcester Counties CoC",2013,722.54,528.54,360,319,41,2013,2010
MD-513,"Wicomico, Somerset, Worcester Counties CoC",2014,737.32,559.66,336,295,41,2014,2010
MD-513,"Wicomico, Somerset, Worcester Counties CoC",2015,746.73,559.58,326,278,48,2015,2010
MD-513,"Wicomico, Somerset, Worcester Counties CoC",2016,752.36,546.45,262,225,37,2016,2010
MD-513,"Wicomico, Somerset, Worcester Counties CoC",2017,771.42,554.76,260,218,42,2017,2010
MD-513,"Wicomico, Somerset, Worcester Counties CoC",2018,788.47,553.51,292,260,32,2018,2010
MD-513,"Wicomico, Somerset, Worcester Counties CoC",2019,789.8,552.56,275,238,37,2019,2010
MD-513,"Wicomico, Somerset, Worcester Counties CoC",2020,806.05,565.71,310,256,54,2020,2020
MD-513,"Wicomico, Somerset, Worcester Counties CoC",2021,837.89,610.06,214,169,45,2021,2020
MD-513,"Wicomico, Somerset, Worcester Counties CoC",2022,929.83,669.9,237,169,68,2022,2020
MD-513,"Wicomico, Somerset, Worcester Counties CoC",2023,996.05,711.7,329,284,45,2023,2020
MD-513,"Wicomico, Somerset, Worcester Counties CoC",2024,1045.4,758.64,275,243,32,2024,2020
MD-514,Maryland Balance of State CoC,2010,817.54,521.08,3519,1318,2201,2010,2010
MD-514,Maryland Balance of State CoC,2011,861.37,545.47,2232,1225,1007,2011,2010
MD-514,Maryland Balance of State CoC,2012,887.3,571.82,2106,1150,956,2012,2010
MD-514,Maryland Balance of State CoC,2013,915.81,589.33,1783,1148,635,2013,2010
MD-514,Maryland Balance of State CoC,2014,941.64,601.61,2045,1340,705,2014,2010
MD-514,Maryland Balance of State CoC,2015,959.49,609.18,1999,1276,723,2015,2010
MD-514,Maryland Balance of State CoC,2016,982.83,621.21,1536,982,554,2016,2010
MD-514,Maryland Balance of State CoC,2017,1008.27,634.1,1446,942,504,2017,2010
MD-514,Maryland Balance of State CoC,2018,1038.36,651.79,1420,919,501,2018,2010
MD-514,Maryland Balance of State CoC,2019,1074.49,671.37,1352,992,360,2019,2010
MD-514,Maryland Balance of State CoC,2020,1098.91,701.18,1264,971,293,2020,2020
MD-514,Maryland Balance of State CoC,2021,1150.76,724.76,790,660,130,2021,2020
MD-514,Maryland Balance of State CoC,2022,1235.56,773.79,1269,945,324,2022,2020
MD-514,Maryland Balance of State CoC,2023,1284.43,807.68,1161,857,304,2023,2020
MD-514,Maryland Balance of State CoC,2024,1333.48,825.51,1188,859,329,2024,2020
MD-600,Prince George's County CoC,2010,1061.33,866.77,789,663,126,2010,2010
MD-600,Prince George's County CoC,2011,1105.96,893.52,772,670,102,2011,2010
MD-600,Prince George's County CoC,2012,1145.06,920.15,641,475,166,2012,2010
MD-600,Prince George's County CoC,2013,1171.7,940.75,686,500,186,2013,2010
MD-600,Prince George's County CoC,2014,1201.78,965.68,659,480,179,2014,2010
MD-600,Prince George's County CoC,2015,1222.78,980.12,625,472,153,2015,2010
MD-600,Prince George's County CoC,2016,1255.01,1012.18,544,442,102,2016,2010
MD-600,Prince George's County CoC,2017,1297.01,1044.57,525,437,88,2017,2010
MD-600,Prince George's County CoC,2018,1344.89,1083.65,478,393,85,2018,2010
MD-600,Prince George's County CoC,2019,1390.21,1113.43,447,374,73,2019,2010
MD-600,Prince George's County CoC,2020,1422.23,1132.06,466,375,91,2020,2020
MD-600,Prince George's County CoC,2021,1492.63,1204.28,535,467,68,2021,2020
MD-600,Prince George's County CoC,2022,1614.64,1295.76,533,480,53,2022,2020
MD-600,Prince George's County CoC,2023,1666.44,1335.47,595,493,102,2023,2020
MD-600,Prince George's County CoC,2024,1697.68,1363.14,650,542,108,2024,2020
MD-601,Montgomery County CoC,2010,1338.05,1029.28,1064,883,181,2010,2010
MD-601,Montgomery County CoC,2011,1387.29,1069.99,1141,915,226,2011,2010
MD-601,Montgomery County CoC,2012,1427.68,1103.1,982,852,130,2012,2010
MD-601,Montgomery County CoC,2013,1461.11,1128.17,1004,861,143,2013,2010
MD-601,Montgomery County CoC,2014,1488.54,1154.09,891,796,95,2014,2010
MD-601,Montgomery County CoC,2015,1542.58,1169.68,1100,997,103,2015,2010
MD-601,Montgomery County CoC,2016,1557.42,1196.8,981,885,96,2016,2010
MD-601,Montgomery County CoC,2017,1593.11,1245.19,894,763,131,2017,2010
MD-601,Montgomery County CoC,2018,1634.59,1283.2,840,707,133,2018,2010
MD-601,Montgomery County CoC,2019,1672.63,1313.02,647,572,75,2019,2010
MD-601,Montgomery County CoC,2020,1700.5,1334.22,670,567,103,2020,2020
MD-601,Montgomery County CoC,2021,1774.35,1391.58,577,509,68,2021,2020
MD-601,Montgomery County CoC,2022,1887.46,1480.95,581,512,69,2022,2020
MD-601,Montgomery County CoC,2023,1969.19,1540.97,894,770,124,2023,2020
MD-601,Montgomery County CoC,2024,2003.56,1560.82,1144,991,153,2024,2020
ME-500,Maine Statewide CoC,2010,622.67,416.94,2379,2351,28,2010,2010
ME-500,Maine Statewide CoC,2011,648.27,432.96,2447,2418,29,2011,2010
ME-500,Maine Statewide CoC,2012,665.76,456.43,2393,2360,33,2012,2010
ME-500,Maine Statewide CoC,2013,682.47,472.71,3016,2954,62,2013,2010
ME-500,Maine Statewide CoC,2014,688.21,478.98,2726,2633,93,2014,2010
ME-500,Maine Statewide CoC,2015,694.32,488.36,2372,2313,59,2015,2010
ME-500,Maine Statewide CoC,2016,707.85,494.93,2241,2121,120,2016,2010
ME-500,Maine Statewide CoC,2017,721.74,497.6,2280,2100,180,2017,2010
ME-500,Maine Statewide CoC,2018,744.43,506.36,2516,2418,98,2018,2010
ME-500,Maine Statewide CoC,2019,776.38,516.12,2106,2011,95,2019,2010
ME-500,Maine Statewide CoC,2020,804.36,532.64,2097,1956,141,2020,2020
ME-500,Maine Statewide CoC,2021,857.8,558.31,2063,2063,0,2021,2020
ME-500,Maine Statewide CoC,2022,941.83,608.39,4411,4247,164,2022,2020
ME-500,Maine Statewide CoC,2023,992.43,637.27,4258,3959,299,2023,2020
ME-500,Maine Statewide CoC,2024,1056.6,659.24,2702,2429,273,2024,2020
MI-500,Michigan Balance of State CoC,2010,488.29,358.52,3021,2094,927,2010,2010
MI-500,Michigan Balance of State CoC,2011,500.89,368.02,2601,2178,423,2011,2010
MI-500,Michigan Balance of State CoC,2012,511.77,376.59,2335,1912,423,2012,2010
MI-500,Michigan Balance of State CoC,2013,519.92,385.87,1880,1358,522,2013,2010
MI-500,Michigan Balance of State CoC,2014,528.86,395.02,2333,1811,522,2014,2010
MI-500,Michigan Balance of State CoC,2015,532.41,397.9,1824,1600,224,2015,2010
MI-500,Michigan Balance of State CoC,2016,541.26,404.5,1536,1312,224,2016,2010
MI-500,Michigan Balance of State CoC,2017,554.01,413.0,1549,1307,242,2017,2010
MI-500,Michigan Balance of State CoC,2018,565.42,419.84,1413,1213,200,2018,2010
MI-500,Michigan Balance of State CoC,2019,579.77,426.21,1298,1164,134,2019,2010
MI-500,Michigan Balance of State CoC,2020,590.97,430.46,1502,1230,272,2020,2020
MI-500,Michigan Balance of State CoC,2021,619.2,442.39,1014,1014,0,2021,2020
MI-500,Michigan Balance of State CoC,2022,671.15,482.79,1585,1269,316,2022,2020
MI-500,Michigan Balance of State CoC,2023,696.54,494.94,1698,1229,469,2023,2020
MI-500,Michigan Balance of State CoC,2024,728.78,510.6,1937,1284,653,2024,2020
MI-501,Detroit CoC,2010,552.9,426.51,2812,2550,262,2010,2010
MI-501,Detroit CoC,2011,563.51,432.91,3138,2785,353,2011,2010
MI-501,Detroit CoC,2012,565.88,432.64,3115,2762,353,2012,2010
MI-501,Detroit CoC,2013,563.37,430.92,2789,2507,282,2013,2010
MI-501,Detroit CoC,2014,558.5,426.54,2755,2473,282,2014,2010
MI-501,Detroit CoC,2015,563.47,428.63,2597,2446,151,2015,2010
MI-501,Detroit CoC,2016,566.59,432.18,2335,2142,193,2016,2010
MI-501,Detroit CoC,2017,585.71,442.87,2078,1858,220,2017,2010
MI-501,Detroit CoC,2018,604.99,458.8,1769,1611,158,2018,2010
MI-501,Detroit CoC,2019,628.21,476.14,1965,1879,86,2019,2010
MI-501,Detroit CoC,2020,650.27,500.89,1589,1503,86,2020,2020
MI-501,Detroit CoC,2021,684.73,516.91,1293,1293,0,2021,2020
MI-501,Detroit CoC,2022,746.45,562.52,1691,1489,202,2022,2020
MI-501,Detroit CoC,2023,787.69,581.16,1482,1280,202,2023,2020
MI-501,Detroit CoC,2024,830.25,612.07,1725,1420,305,2024,2020
MI-502,"Dearborn, Dearborn Heights, Westland/Wayne County CoC",2010,667.22,518.82,458,452,6,2010,2010
MI-502,"Dearborn, Dearborn Heights, Westland/Wayne County CoC",2011,677.29,522.32,482,463,19,2011,2010
MI-502,"Dearborn, Dearborn Heights, Westland/Wayne County CoC",2012,690.24,532.64,476,457,19,2012,2010
MI-502,"Dearborn, Dearborn Heights, Westland/Wayne County CoC",2013,696.87,537.55,380,358,22,2013,2010
MI-502,"Dearborn, Dearborn Heights, Westland/Wayne County CoC",2014,709.76,546.38,456,434,22,2014,2010
MI-502,"Dearborn, Dearborn Heights, Westland/Wayne County CoC",2015,715.33,551.82,333,322,11,2015,2010
MI-502,"Dearborn, Dearborn Heights, Westland/Wayne County CoC",2016,732.66,565.03,277,266,11,2016,2010
MI-502,"Dearborn, Dearborn Heights, Westland/Wayne County CoC",2017,747.47,581.13,226,212,14,2017,2010
MI-502,"Dearborn, Dearborn Heights, Westland/Wayne County CoC",2018,767.1,601.67,211,198,13,2018,2010
MI-502,"Dearborn, Dearborn Heights, Westland/Wayne County CoC",2019,785.39,616.75,222,205,17,2019,2010
MI-502,"Dearborn, Dearborn Heights, Westland/Wayne County CoC",2020,809.48,627.65,260,239,21,2020,2020
MI-502,"Dearborn, Dearborn Heights, Westland/Wayne County CoC",2021,849.49,665.77,169,147,22,2021,2020
MI-502,"Dearborn, Dearborn Heights, Westland/Wayne County CoC",2022,942.87,719.5,166,166,0,2022,2020
MI-502,"Dearborn, Dearborn Heights, Westland/Wayne County CoC",2023,974.5,745.43,199,176,23,2023,2020
MI-502,"Dearborn, Dearborn Heights, Westland/Wayne County CoC",2024,1025.79,780.98,224,181,43,2024,2020
MI-503,"St. Clair Shores, Warren/Macomb County CoC",2010,648.4,524.44,896,311,585,2010,2010
MI-503,"St. Clair Shores, Warren/Macomb County CoC",2011,667.7,533.51,656,350,306,2011,2010
MI-503,"St. Clair Shores, Warren/Macomb County CoC",2012,680.18,544.22,607,301,306,2012,2010
MI-503,"St. Clair Shores, Warren/Macomb County CoC",2013,698.37,551.33,504,305,199,2013,2010
MI-503,"St. Clair Shores, Warren/Macomb County CoC",2014,714.99,567.83,343,301,42,2014,2010
MI-503,"St. Clair Shores, Warren/Macomb County CoC",2015,726.39,577.89,450,381,69,2015,2010
MI-503,"St. Clair Shores, Warren/Macomb County CoC",2016,746.75,600.83,403,354,49,2016,2010
MI-503,"St. Clair Shores, Warren/Macomb County CoC",2017,773.97,615.0,354,290,64,2017,2010
MI-503,"St. Clair Shores, Warren/Macomb County CoC",2018,805.2,639.34,270,242,28,2018,2010
MI-503,"St. Clair Shores, Warren/Macomb County CoC",2019,828.93,661.66,265,245,20,2019,2010
MI-503,"St. Clair Shores, Warren/Macomb County CoC",2020,845.07,679.69,251,199,52,2020,2020
MI-503,"St. Clair Shores, Warren/Macomb County CoC",2021,887.2,709.71,330,330,0,2021,2020
MI-503,"St. Clair Shores, Warren/Macomb County CoC",2022,967.51,770.24,272,240,32,2022,2020
MI-503,"St. Clair Shores, Warren/Macomb County CoC",2023,1019.37,809.71,319,286,33,2023,2020
MI-503,"St. Clair Shores, Warren/Macomb County CoC",2024,1066.0,831.87,436,417,19,2024,2020
MI-504,"Pontiac, Royal Oak/Oakland County CoC",2010,785.23,593.38,731,451,280,2010,2010
MI-504,"Pontiac, Royal Oak/Oakland County CoC",2011,797.64,605.41,713,476,237,2011,2010
MI-504,"Pontiac, Royal Oak/Oakland County CoC",2012,806.99,607.62,743,506,237,2012,2010
MI-504,"Pontiac, Royal Oak/Oakland County CoC",2013,811.77,612.13,698,610,88,2013,2010
MI-504,"Pontiac, Royal Oak/Oakland County CoC",2014,821.27,619.33,457,382,75,2014,2010
MI-504,"Pontiac, Royal Oak/Oakland County CoC",2015,835.1,626.78,485,389,96,2015,2010
MI-504,"Pontiac, Royal Oak/Oakland County CoC",2016,858.3,645.35,438,362,76,2016,2010
MI-504,"Pontiac, Royal Oak/Oakland County CoC",2017,902.56,673.69,412,365,47,2017,2010
MI-504,"Pontiac, Royal Oak/Oakland County CoC",2018,943.17,698.44,427,356,71,2018,2010
MI-504,"Pontiac, Royal Oak/Oakland County CoC",2019,984.95,728.86,425,382,43,2019,2010
MI-504,"Pontiac, Royal Oak/Oakland County CoC",2020,1009.09,746.52,459,335,124,2020,2020
MI-504,"Pontiac, Royal Oak/Oakland County CoC",2021,1066.54,786.79,333,333,0,2021,2020
MI-504,"Pontiac, Royal Oak/Oakland County CoC",2022,1156.53,851.63,320,288,32,2022,2020
MI-504,"Pontiac, Royal Oak/Oakland County CoC",2023,1220.58,905.16,386,342,44,2023,2020
MI-504,"Pontiac, Royal Oak/Oakland County CoC",2024,1271.83,941.41,357,327,30,2024,2020
MI-505,Flint/Genesee County CoC,2010,512.16,413.53,277,199,78,2010,2010
MI-505,Flint/Genesee County CoC,2011,525.08,417.1,490,329,161,2011,2010
MI-505,Flint/Genesee County CoC,2012,531.45,422.0,435,289,146,2012,2010
MI-505,Flint/Genesee County CoC,2013,537.87,423.18,387,270,117,2013,2010
MI-505,Flint/Genesee County CoC,2014,547.35,426.95,635,288,347,2014,2010
MI-505,Flint/Genesee County CoC,2015,547.4,427.26,488,308,180,2015,2010
MI-505,Flint/Genesee County CoC,2016,556.58,438.53,377,290,87,2016,2010
MI-505,Flint/Genesee County CoC,2017,568.13,446.91,420,295,125,2017,2010
MI-505,Flint/Genesee County CoC,2018,580.69,461.03,438,338,100,2018,2010
MI-505,Flint/Genesee County CoC,2019,597.87,468.72,450,402,48,2019,2010
MI-505,Flint/Genesee County CoC,2020,615.97,477.74,349,276,73,2020,2020
MI-505,Flint/Genesee County CoC,2021,649.54,506.53,336,289,47,2021,2020
MI-505,Flint/Genesee County CoC,2022,721.94,547.71,360,346,14,2022,2020
MI-505,Flint/Genesee County CoC,2023,738.99,568.49,396,383,13,2023,2020
MI-505,Flint/Genesee County CoC,2024,791.79,597.67,423,398,25,2024,2020
MI-506,"Grand Rapids, Wyoming/Kent County CoC",2010,618.78,502.84,585,575,10,2010,2010
MI-506,"Grand Rapids, Wyoming/Kent County CoC",2011,629.48,510.64,627,611,16,2011,2010
MI-506,"Grand Rapids, Wyoming/Kent County CoC",2012,641.32,519.85,712,682,30,2012,2010
MI-506,"Grand Rapids, Wyoming/Kent County CoC",2013,650.12,523.71,732,688,44,2013,2010
MI-506,"Grand Rapids, Wyoming/Kent County CoC",2014,662.32,531.25,793,760,33,2014,2010
MI-506,"Grand Rapids, Wyoming/Kent County CoC",2015,670.2,539.38,912,886,26,2015,2010
MI-506,"Grand Rapids, Wyoming/Kent County CoC",2016,690.2,556.56,800,759,41,2016,2010
MI-506,"Grand Rapids, Wyoming/Kent County CoC",2017,726.65,584.03,912,851,61,2017,2010
MI-506,"Grand Rapids, Wyoming/Kent County CoC",2018,762.55,612.27,723,675,48,2018,2010
MI-506,"Grand Rapids, Wyoming/Kent County CoC",2019,804.31,634.36,759,743,16,2019,2010
MI-506,"Grand Rapids, Wyoming/Kent County CoC",2020,837.68,654.84,923,837,86,2020,2020
MI-506,"Grand Rapids, Wyoming/Kent County CoC",2021,898.42,701.77,894,825,69,2021,2020
MI-506,"Grand Rapids, Wyoming/Kent County CoC",2022,997.66,769.31,1044,993,51,2022,2020
MI-506,"Grand Rapids, Wyoming/Kent County CoC",2023,1068.37,816.16,1239,1126,113,2023,2020
MI-506,"Grand Rapids, Wyoming/Kent County CoC",2024,1140.72,868.69,1089,979,110,2024,2020
MI-507,"Portage, Kalamazoo City & County CoC",2010,579.29,464.58,679,637,42,2010,2010
MI-507,"Portage, Kalamazoo City & County CoC",2011,604.43,483.67,822,768,54,2011,2010
MI-507,"Portage, Kalamazoo City & County CoC",2012,606.15,487.26,729,708,21,2012,2010
MI-507,"Portage, Kalamazoo City & County CoC",2013,616.43,491.73,642,611,31,2013,2010
MI-507,"Portage, Kalamazoo City & County CoC",2014,626.25,499.29,681,671,10,2014,2010
MI-507,"Portage, Kalamazoo City & County CoC",2015,630.63,498.4,568,560,8,2015,2010
MI-507,"Portage, Kalamazoo City & County CoC",2016,647.64,506.07,374,366,8,2016,2010
MI-507,"Portage, Kalamazoo City & County CoC",2017,662.3,521.77,479,451,28,2017,2010
MI-507,"Portage, Kalamazoo City & County CoC",2018,681.46,543.18,567,514,53,2018,2010
MI-507,"Portage, Kalamazoo City & County CoC",2019,705.3,554.01,702,529,173,2019,2010
MI-507,"Portage, Kalamazoo City & County CoC",2020,746.12,572.41,639,496,143,2020,2020
MI-507,"Portage, Kalamazoo City & County CoC",2021,769.72,603.89,342,342,0,2021,2020
MI-507,"Portage, Kalamazoo City & County CoC",2022,883.3,662.45,488,364,124,2022,2020
MI-507,"Portage, Kalamazoo City & County CoC",2023,945.25,711.42,635,472,163,2023,2020
MI-507,"Portage, Kalamazoo City & County CoC",2024,983.43,738.18,664,542,122,2024,2020
MI-508,"Lansing, East Lansing/Ingham County CoC",2010,653.54,512.18,535,392,143,2010,2010
MI-508,"Lansing, East Lansing/Ingham County CoC",2011,665.54,520.5,444,374,70,2011,2010
MI-508,"Lansing, East Lansing/Ingham County CoC",2012,671.65,524.6,470,400,70,2012,2010
MI-508,"Lansing, East Lansing/Ingham County CoC",2013,684.32,531.07,423,357,66,2013,2010
MI-508,"Lansing, East Lansing/Ingham County CoC",2014,686.53,536.08,429,414,15,2014,2010
MI-508,"Lansing, East Lansing/Ingham County CoC",2015,681.26,536.6,418,365,53,2015,2010
MI-508,"Lansing, East Lansing/Ingham County CoC",2016,703.81,553.09,471,355,116,2016,2010
MI-508,"Lansing, East Lansing/Ingham County CoC",2017,721.66,568.38,435,390,45,2017,2010
MI-508,"Lansing, East Lansing/Ingham County CoC",2018,737.96,585.4,419,380,39,2018,2010
MI-508,"Lansing, East Lansing/Ingham County CoC",2019,754.98,602.62,476,466,10,2019,2010
MI-508,"Lansing, East Lansing/Ingham County CoC",2020,789.56,614.28,512,482,30,2020,2020
MI-508,"Lansing, East Lansing/Ingham County CoC",2021,818.66,643.87,372,358,14,2021,2020
MI-508,"Lansing, East Lansing/Ingham County CoC",2022,882.8,699.49,515,487,28,2022,2020
MI-508,"Lansing, East Lansing/Ingham County CoC",2023,913.28,718.08,685,623,62,2023,2020
MI-508,"Lansing, East Lansing/Ingham County CoC",2024,941.71,733.37,648,558,90,2024,2020
MI-509,Washtenaw County CoC,2010,796.87,609.22,474,439,35,2010,2010
MI-509,Washtenaw County CoC,2011,813.4,610.51,469,426,43,2011,2010
MI-509,Washtenaw County CoC,2012,828.29,616.51,381,338,43,2012,2010
MI-509,Washtenaw County CoC,2013,832.56,625.29,510,344,166,2013,2010
MI-509,Washtenaw County CoC,2014,862.39,643.25,545,379,166,2014,2010
MI-509,Washtenaw County CoC,2015,887.16,649.29,372,292,80,2015,2010
MI-509,Washtenaw County CoC,2016,919.96,669.68,342,301,41,2016,2010
MI-509,Washtenaw County CoC,2017,950.03,701.23,302,262,40,2017,2010
MI-509,Washtenaw County CoC,2018,1003.3,734.66,282,255,27,2018,2010
MI-509,Washtenaw County CoC,2019,1043.07,763.44,273,261,12,2019,2010
MI-509,Washtenaw County CoC,2020,1089.25,800.0,274,257,17,2020,2020
MI-509,Washtenaw County CoC,2021,1157.54,842.57,269,249,20,2021,2020
MI-509,Washtenaw County CoC,2022,1250.77,916.42,211,205,6,2022,2020
MI-509,Washtenaw County CoC,2023,1321.59,968.66,266,250,16,2023,2020
MI-509,Washtenaw County CoC,2024,1361.61,1010.74,330,317,13,2024,2020
MI-510,Saginaw City & County CoC,2010,506.89,390.91,305,278,27,2010,2010
MI-510,Saginaw City & County CoC,2011,527.15,408.56,390,313,77,2011,2010
MI-510,Saginaw City & County CoC,2012,533.97,408.85,402,325,77,2012,2010
MI-510,Saginaw City & County CoC,2013,538.55,408.46,350,343,7,2013,2010
MI-510,Saginaw City & County CoC,2014,542.28,410.99,325,313,12,2014,2010
MI-510,Saginaw City & County CoC,2015,545.22,411.49,308,289,19,2015,2010
MI-510,Saginaw City & County CoC,2016,550.5,417.89,343,326,17,2016,2010
MI-510,Saginaw City & County CoC,2017,573.96,431.82,388,373,15,2017,2010
MI-510,Saginaw City & County CoC,2018,593.26,442.05,357,345,12,2018,2010
MI-510,Saginaw City & County CoC,2019,601.8,450.85,364,352,12,2019,2010
MI-510,Saginaw City & County CoC,2020,608.76,468.51,431,421,10,2020,2020
MI-510,Saginaw City & County CoC,2021,644.5,490.74,331,331,0,2021,2020
MI-510,Saginaw City & County CoC,2022,685.5,522.18,313,308,5,2022,2020
MI-510,Saginaw City & County CoC,2023,689.24,542.85,324,309,15,2023,2020
MI-510,Saginaw City & County CoC,2024,734.98,554.5,383,372,11,2024,2020
MI-511,Lenawee County CoC,2010,547.69,434.9,120,115,5,2010,2010
MI-511,Lenawee County CoC,2011,561.24,448.45,166,152,14,2011,2010
MI-511,Lenawee County CoC,2012,566.63,453.16,118,96,22,2012,2010
MI-511,Lenawee County CoC,2013,577.66,461.15,124,111,13,2013,2010
MI-511,Lenawee County CoC,2014,578.25,462.43,138,118,20,2014,2010
MI-511,Lenawee County CoC,2015,583.17,470.86,128,110,18,2015,2010
MI-511,Lenawee County CoC,2016,599.47,474.6,137,119,18,2016,2010
MI-511,Lenawee County CoC,2017,600.3,469.3,128,128,0,2017,2010
MI-511,Lenawee County CoC,2018,611.36,482.82,117,117,0,2018,2010
MI-511,Lenawee County CoC,2019,618.86,486.09,123,120,3,2019,2010
MI-511,Lenawee County CoC,2020,658.51,507.96,168,161,7,2020,2020
MI-511,Lenawee County CoC,2021,704.28,545.78,97,97,0,2021,2020
MI-511,Lenawee County CoC,2022,762.21,604.65,158,158,0,2022,2020
MI-511,Lenawee County CoC,2023,778.55,605.63,149,149,0,2023,2020
MI-511,Lenawee County CoC,2024,810.48,623.96,202,194,8,2024,2020
MI-512,"Grand Traverse, Antrim, Leelanau Counties CoC",2010,623.56,456.13,296,285,11,2010,2010
MI-512,"Grand Traverse, Antrim, Leelanau Counties CoC",2011,654.0,472.93,234,213,21,2011,2010
MI-512,"Grand Traverse, Antrim, Leelanau Counties CoC",2012,651.9,482.97,316,268,48,2012,2010
MI-512,"Grand Traverse, Antrim, Leelanau Counties CoC",2013,662.81,487.69,328,289,39,2013,2010
MI-512,"Grand Traverse, Antrim, Leelanau Counties CoC",2014,671.25,504.55,396,341,55,2014,2010
MI-512,"Grand Traverse, Antrim, Leelanau Counties CoC",2015,679.88,501.12,302,265,37,2015,2010
MI-512,"Grand Traverse, Antrim, Leelanau Counties CoC",2016,686.65,502.14,243,233,10,2016,2010
MI-512,"Grand Traverse, Antrim, Leelanau Counties CoC",2017,717.05,514.8,228,188,40,2017,2010
MI-512,"Grand Traverse, Antrim, Leelanau Counties CoC",2018,732.44,522.83,235,212,23,2018,2010
MI-512,"Grand Traverse, Antrim, Leelanau Counties CoC",2019,753.96,527.93,168,164,4,2019,2010
MI-512,"Grand Traverse, Antrim, Leelanau Counties CoC",2020,814.53,541.45,211,183,28,2020,2020
MI-512,"Grand Traverse, Antrim, Leelanau Counties CoC",2021,849.31,570.9,202,202,0,2021,2020
MI-512,"Grand Traverse, Antrim, Leelanau Counties CoC",2022,941.75,619.7,164,159,5,2022,2020
MI-512,"Grand Traverse, Antrim, Leelanau Counties CoC",2023,988.6,643.42,198,163,35,2023,2020
MI-512,"Grand Traverse, Antrim, Leelanau Counties CoC",2024,1043.92,672.02,202,185,17,2024,2020
MI-514,Battle Creek/Calhoun County CoC,2010,512.38,417.44,186,133,53,2010,2010
MI-514,Battle Creek/Calhoun County CoC,2011,519.57,422.63,192,136,56,2011,2010
MI-514,Battle Creek/Calhoun County CoC,2012,531.62,434.59,216,160,56,2012,2010
MI-514,Battle Creek/Calhoun County CoC,2013,541.74,445.26,236,172,64,2013,2010
MI-514,Battle Creek/Calhoun County CoC,2014,550.75,447.74,284,230,54,2014,2010
MI-514,Battle Creek/Calhoun County CoC,2015,556.99,455.03,285,226,59,2015,2010
MI-514,Battle Creek/Calhoun County CoC,2016,572.87,469.09,246,209,37,2016,2010
MI-514,Battle Creek/Calhoun County CoC,2017,585.13,476.06,204,175,29,2017,2010
MI-514,Battle Creek/Calhoun County CoC,2018,606.13,488.06,236,195,41,2018,2010
MI-514,Battle Creek/Calhoun County CoC,2019,630.71,506.59,241,203,38,2019,2010
MI-514,Battle Creek/Calhoun County CoC,2020,640.5,517.26,229,182,47,2020,2020
MI-514,Battle Creek/Calhoun County CoC,2021,684.65,527.71,149,143,6,2021,2020
MI-514,Battle Creek/Calhoun County CoC,2022,736.19,568.89,218,188,30,2022,2020
MI-514,Battle Creek/Calhoun County CoC,2023,756.58,581.44,241,202,39,2023,2020
MI-514,Battle Creek/Calhoun County CoC,2024,792.09,606.38,252,223,29,2024,2020
MI-515,Monroe City & County CoC,2010,602.42,464.9,140,136,4,2010,2010
MI-515,Monroe City & County CoC,2011,604.62,469.45,121,117,4,2011,2010
MI-515,Monroe City & County CoC,2012,617.63,473.86,113,109,4,2012,2010
MI-515,Monroe City & County CoC,2013,625.84,478.45,139,136,3,2013,2010
MI-515,Monroe City & County CoC,2014,643.89,494.9,185,182,3,2014,2010
MI-515,Monroe City & County CoC,2015,652.65,502.33,185,181,4,2015,2010
MI-515,Monroe City & County CoC,2016,654.6,490.5,176,173,3,2016,2010
MI-515,Monroe City & County CoC,2017,663.68,501.35,193,190,3,2017,2010
MI-515,Monroe City & County CoC,2018,689.46,513.07,209,199,10,2018,2010
MI-515,Monroe City & County CoC,2019,708.48,510.87,167,167,0,2019,2010
MI-515,Monroe City & County CoC,2020,728.48,524.63,184,182,2,2020,2020
MI-515,Monroe City & County CoC,2021,762.63,550.35,103,103,0,2021,2020
MI-515,Monroe City & County CoC,2022,841.02,603.74,111,110,1,2022,2020
MI-515,Monroe City & County CoC,2023,879.24,609.14,127,127,0,2023,2020
MI-515,Monroe City & County CoC,2024,905.42,643.44,121,121,0,2024,2020
MI-516,"Norton Shores, Muskegon City & County CoC",2010,495.69,379.81,646,325,321,2010,2010
MI-516,"Norton Shores, Muskegon City & County CoC",2011,510.78,399.81,691,459,232,2011,2010
MI-516,"Norton Shores, Muskegon City & County CoC",2012,515.89,397.73,457,225,232,2012,2010
MI-516,"Norton Shores, Muskegon City & County CoC",2013,519.9,407.92,644,236,408,2013,2010
MI-516,"Norton Shores, Muskegon City & County CoC",2014,529.81,411.23,584,176,408,2014,2010
MI-516,"Norton Shores, Muskegon City & County CoC",2015,537.26,412.34,179,166,13,2015,2010
MI-516,"Norton Shores, Muskegon City & County CoC",2016,550.78,422.76,191,184,7,2016,2010
MI-516,"Norton Shores, Muskegon City & County CoC",2017,562.2,437.16,135,125,10,2017,2010
MI-516,"Norton Shores, Muskegon City & County CoC",2018,589.32,452.86,159,125,34,2018,2010
MI-516,"Norton Shores, Muskegon City & County CoC",2019,605.46,470.84,136,120,16,2019,2010
MI-516,"Norton Shores, Muskegon City & County CoC",2020,640.75,497.68,129,122,7,2020,2020
MI-516,"Norton Shores, Muskegon City & County CoC",2021,673.97,533.38,105,76,29,2021,2020
MI-516,"Norton Shores, Muskegon City & County CoC",2022,740.79,590.9,135,122,13,2022,2020
MI-516,"Norton Shores, Muskegon City & County CoC",2023,801.21,605.49,161,151,10,2023,2020
MI-516,"Norton Shores, Muskegon City & County CoC",2024,834.32,623.65,203,170,33,2024,2020
MI-517,Jackson City & County CoC,2010,553.03,408.63,323,304,19,2010,2010
MI-517,Jackson City & County CoC,2011,580.39,438.56,246,190,56,2011,2010
MI-517,Jackson City & County CoC,2012,583.96,451.87,256,200,56,2012,2010
MI-517,Jackson City & County CoC,2013,585.06,463.31,187,154,33,2013,2010
MI-517,Jackson City & County CoC,2014,591.01,465.47,240,207,33,2014,2010
MI-517,Jackson City & County CoC,2015,594.38,470.58,159,152,7,2015,2010
MI-517,Jackson City & County CoC,2016,593.96,462.74,169,162,7,2016,2010
MI-517,Jackson City & County CoC,2017,604.93,463.1,140,126,14,2017,2010
MI-517,Jackson City & County CoC,2018,613.5,480.89,81,72,9,2018,2010
MI-517,Jackson City & County CoC,2019,644.7,509.22,113,100,13,2019,2010
MI-517,Jackson City & County CoC,2020,671.91,519.32,100,75,25,2020,2020
MI-517,Jackson City & County CoC,2021,723.22,560.22,119,119,0,2021,2020
MI-517,Jackson City & County CoC,2022,767.48,603.37,90,86,4,2022,2020
MI-517,Jackson City & County CoC,2023,809.31,629.45,137,100,37,2023,2020
MI-517,Jackson City & County CoC,2024,829.75,630.29,99,87,12,2024,2020
MI-518,Livingston County CoC,2010,741.9,605.41,121,108,13,2010,2010
MI-518,Livingston County CoC,2011,773.68,614.13,135,64,71,2011,2010
MI-518,Livingston County CoC,2012,775.65,615.07,150,79,71,2012,2010
MI-518,Livingston County CoC,2013,781.94,614.6,127,97,30,2013,2010
MI-518,Livingston County CoC,2014,781.03,623.32,135,105,30,2014,2010
MI-518,Livingston County CoC,2015,802.25,621.84,103,101,2,2015,2010
MI-518,Livingston County CoC,2016,810.07,625.44,77,75,2,2016,2010
MI-518,Livingston County CoC,2017,859.08,643.52,103,91,12,2017,2010
MI-518,Livingston County CoC,2018,878.39,676.41,90,78,12,2018,2010
MI-518,Livingston County CoC,2019,929.02,700.56,89,89,0,2019,2010
MI-518,Livingston County CoC,2020,949.13,730.85,47,47,0,2020,2020
MI-518,Livingston County CoC,2021,1016.8,780.52,77,73,4,2021,2020
MI-518,Livingston County CoC,2022,1083.71,842.89,97,96,1,2022,2020
MI-518,Livingston County CoC,2023,1103.79,858.53,88,88,0,2023,2020
MI-518,Livingston County CoC,2024,1159.58,895.67,69,66,3,2024,2020
MI-519,Holland/Ottawa County CoC,2010,628.31,524.25,306,304,2,2010,2010
MI-519,Holland/Ottawa County CoC,2011,648.53,538.94,343,340,3,2011,2010
MI-519,Holland/Ottawa County CoC,2012,654.21,540.49,322,319,3,2012,2010
MI-519,Holland/Ottawa County CoC,2013,668.8,550.63,318,297,21,2013,2010
MI-519,Holland/Ottawa County CoC,2014,679.41,562.58,387,379,8,2014,2010
MI-519,Holland/Ottawa County CoC,2015,686.76,568.35,285,279,6,2015,2010
MI-519,Holland/Ottawa County CoC,2016,710.78,580.0,261,257,4,2016,2010
MI-519,Holland/Ottawa County CoC,2017,737.4,606.78,258,250,8,2017,2010
MI-519,Holland/Ottawa County CoC,2018,751.04,616.27,226,210,16,2018,2010
MI-519,Holland/Ottawa County CoC,2019,785.95,644.82,225,208,17,2019,2010
MI-519,Holland/Ottawa County CoC,2020,830.98,651.81,270,262,8,2020,2020
MI-519,Holland/Ottawa County CoC,2021,919.44,698.2,139,139,0,2021,2020
MI-519,Holland/Ottawa County CoC,2022,983.49,757.11,200,164,36,2022,2020
MI-519,Holland/Ottawa County CoC,2023,1029.75,804.23,212,164,48,2023,2020
MI-519,Holland/Ottawa County CoC,2024,1105.74,838.52,320,225,95,2024,2020
MI-523,Eaton County CoC,2010,622.38,497.17,147,131,16,2010,2010
MI-523,Eaton County CoC,2011,632.8,513.43,225,120,105,2011,2010
MI-523,Eaton County CoC,2012,642.38,524.07,239,134,105,2012,2010
MI-523,Eaton County CoC,2013,652.4,531.42,129,96,33,2013,2010
MI-523,Eaton County CoC,2014,653.07,533.66,126,111,15,2014,2010
MI-523,Eaton County CoC,2015,651.62,533.37,135,126,9,2015,2010
MI-523,Eaton County CoC,2016,667.66,550.95,120,111,9,2016,2010
MI-523,Eaton County CoC,2017,685.97,554.5,107,101,6,2017,2010
MI-523,Eaton County CoC,2018,696.98,558.23,122,117,5,2018,2010
MI-523,Eaton County CoC,2019,725.29,579.42,114,114,0,2019,2010
MI-523,Eaton County CoC,2020,741.76,603.26,111,110,1,2020,2020
MI-523,Eaton County CoC,2021,771.83,623.84,83,83,0,2021,2020
MI-523,Eaton County CoC,2022,865.08,683.77,68,68,0,2022,2020
MI-523,Eaton County CoC,2023,869.92,694.53,55,42,13,2023,2020
MI-523,Eaton County CoC,2024,908.83,720.17,55,50,5,2024,2020
MN-500,Minneapolis/Hennepin County CoC,2010,799.85,618.65,3056,2808,248,2010,2010
MN-500,Minneapolis/Hennepin County CoC,2011,824.02,633.42,3100,2931,169,2011,2010
MN-500,Minneapolis/Hennepin County CoC,2012,842.05,648.51,3285,3141,144,2012,2010
MN-500,Minneapolis/Hennepin County CoC,2013,862.96,662.26,3591,3427,164,2013,2010
MN-500,Minneapolis/Hennepin County CoC,2014,878.82,672.61,3731,3521,210,2014,2010
MN-500,Minneapolis/Hennepin County CoC,2015,896.34,679.43,3215,3092,123,2015,2010
MN-500,Minneapolis/Hennepin County CoC,2016,931.91,703.28,3056,2886,170,2016,2010
MN-500,Minneapolis/Hennepin County CoC,2017,976.53,732.04,3057,2759,298,2017,2010
MN-500,Minneapolis/Hennepin County CoC,2018,1025.98,765.08,3013,2609,404,2018,2010
MN-500,Minneapolis/Hennepin County CoC,2019,1070.32,802.71,3400,2797,603,2019,2010
MN-500,Minneapolis/Hennepin County CoC,2020,1112.1,829.69,3049,2407,642,2020,2020
MN-500,Minneapolis/Hennepin County CoC,2021,1178.57,884.74,2369,2369,0,2021,2020
MN-500,Minneapolis/Hennepin County CoC,2022,1297.33,968.64,2678,2191,487,2022,2020
MN-500,Minneapolis/Hennepin County CoC,2023,1346.48,1012.31,3312,2843,469,2023,2020
MN-500,Minneapolis/Hennepin County CoC,2024,1391.6,1042.78,3866,3370,496,2024,2020
MN-501,St. Paul/Ramsey County CoC,2010,726.45,575.62,1424,1328,96,2010,2010
MN-501,St. Paul/Ramsey County CoC,2011,746.82,584.61,1439,1322,117,2011,2010
MN-501,St. Paul/Ramsey County CoC,2012,752.25,594.11,1218,1107,111,2012,2010
MN-501,St. Paul/Ramsey County CoC,2013,771.42,605.48,1417,1346,71,2013,2010
MN-501,St. Paul/Ramsey County CoC,2014,784.87,614.43,1500,1432,68,2014,2010
MN-501,St. Paul/Ramsey County CoC,2015,793.77,625.12,1398,1314,84,2015,2010
MN-501,St. Paul/Ramsey County CoC,2016,828.64,646.11,1346,1210,136,2016,2010
MN-501,St. Paul/Ramsey County CoC,2017,878.27,673.05,1438,1272,166,2017,2010
MN-501,St. Paul/Ramsey County CoC,2018,906.52,705.34,1424,1295,129,2018,2010
MN-501,St. Paul/Ramsey County CoC,2019,943.61,740.02,1579,1262,317,2019,2010
MN-501,St. Paul/Ramsey County CoC,2020,996.43,774.52,1630,1292,338,2020,2020
MN-501,St. Paul/Ramsey County CoC,2021,1044.74,818.02,1872,1558,314,2021,2020
MN-501,St. Paul/Ramsey County CoC,2022,1142.12,903.94,1713,1413,300,2022,2020
MN-501,St. Paul/Ramsey County CoC,2023,1210.01,948.25,1680,1312,368,2023,2020
MN-501,St. Paul/Ramsey County CoC,2024,1238.44,965.38,1640,1230,410,2024,2020
MN-502,Rochester/Southeast Minnesota CoC,2010,556.07,388.06,419,406,13,2010,2010
MN-502,Rochester/Southeast Minnesota CoC,2011,573.92,393.75,361,356,5,2011,2010
MN-502,Rochester/Southeast Minnesota CoC,2012,586.3,405.48,379,359,20,2012,2010
MN-502,Rochester/Southeast Minnesota CoC,2013,596.89,415.9,452,425,27,2013,2010
MN-502,Rochester/Southeast Minnesota CoC,2014,610.41,423.63,482,458,24,2014,2010
MN-502,Rochester/Southeast Minnesota CoC,2015,615.91,428.99,451,429,22,2015,2010
MN-502,Rochester/Southeast Minnesota CoC,2016,641.23,442.96,423,409,14,2016,2010
MN-502,Rochester/Southeast Minnesota CoC,2017,668.97,458.92,552,495,57,2017,2010
MN-502,Rochester/Southeast Minnesota CoC,2018,687.17,478.27,497,431,66,2018,2010
MN-502,Rochester/Southeast Minnesota CoC,2019,711.09,497.97,452,394,58,2019,2010
MN-502,Rochester/Southeast Minnesota CoC,2020,744.44,521.19,459,393,66,2020,2020
MN-502,Rochester/Southeast Minnesota CoC,2021,786.11,552.66,419,419,0,2021,2020
MN-502,Rochester/Southeast Minnesota CoC,2022,859.73,590.64,485,397,88,2022,2020
MN-502,Rochester/Southeast Minnesota CoC,2023,894.86,617.87,496,414,82,2023,2020
MN-502,Rochester/Southeast Minnesota CoC,2024,945.75,648.26,608,487,121,2024,2020
MN-503,"Dakota, Anoka, Washington, Scott, Carver Counties CoC",2010,849.31,657.54,924,749,175,2010,2010
MN-503,"Dakota, Anoka, Washington, Scott, Carver Counties CoC",2011,871.6,668.5,696,618,78,2011,2010
MN-503,"Dakota, Anoka, Washington, Scott, Carver Counties CoC",2012,891.05,677.78,853,667,186,2012,2010
MN-503,"Dakota, Anoka, Washington, Scott, Carver Counties CoC",2013,908.05,691.18,745,635,110,2013,2010
MN-503,"Dakota, Anoka, Washington, Scott, Carver Counties CoC",2014,919.67,706.37,735,637,98,2014,2010
MN-503,"Dakota, Anoka, Washington, Scott, Carver Counties CoC",2015,931.33,716.62,608,428,180,2015,2010
MN-503,"Dakota, Anoka, Washington, Scott, Carver Counties CoC",2016,962.92,742.69,618,411,207,2016,2010
MN-503,"Dakota, Anoka, Washington, Scott, Carver Counties CoC",2017,998.26,768.85,544,434,110,2017,2010
MN-503,"Dakota, Anoka, Washington, Scott, Carver Counties CoC",2018,1041.97,792.33,625,413,212,2018,2010
MN-503,"Dakota, Anoka, Washington, Scott, Carver Counties CoC",2019,1090.58,825.42,686,450,236,2019,2010
MN-503,"Dakota, Anoka, Washington, Scott, Carver Counties CoC",2020,1123.35,851.41,561,415,146,2020,2020
MN-503,"Dakota, Anoka, Washington, Scott, Carver Counties CoC",2021,1196.45,903.73,610,610,0,2021,2020
MN-503,"Dakota, Anoka, Washington, Scott, Carver Counties CoC",2022,1314.45,997.91,746,566,180,2022,2020
MN-503,"Dakota, Anoka, Washington, Scott, Carver Counties CoC",2023,1382.76,1038.09,807,579,228,2023,2020
MN-503,"Dakota, Anoka, Washington, Scott, Carver Counties CoC",2024,1431.52,1068.41,758,516,242,2024,2020
MN-504,Northeast Minnesota CoC,2010,474.24,312.41,208,89,119,2010,2010
MN-504,Northeast Minnesota CoC,2011,483.36,316.77,174,91,83,2011,2010
MN-504,Northeast Minnesota CoC,2012,504.91,334.26,178,80,98,2012,2010
MN-504,Northeast Minnesota CoC,2013,521.08,340.87,265,94,171,2013,2010
MN-504,Northeast Minnesota CoC,2014,522.87,341.46,200,66,134,2014,2010
MN-504,Northeast Minnesota CoC,2015,543.68,367.33,68,45,23,2015,2010
MN-504,Northeast Minnesota CoC,2016,553.92,373.98,77,60,17,2016,2010
MN-504,Northeast Minnesota CoC,2017,554.04,365.81,99,58,41,2017,2010
MN-504,Northeast Minnesota CoC,2018,576.55,378.88,90,47,43,2018,2010
MN-504,Northeast Minnesota CoC,2019,603.78,408.05,90,62,28,2019,2010
MN-504,Northeast Minnesota CoC,2020,645.52,420.68,143,82,61,2020,2020
MN-504,Northeast Minnesota CoC,2021,686.02,432.37,73,73,0,2021,2020
MN-504,Northeast Minnesota CoC,2022,766.07,486.56,113,57,56,2022,2020
MN-504,Northeast Minnesota CoC,2023,787.42,515.75,87,63,24,2023,2020
MN-504,Northeast Minnesota CoC,2024,804.62,522.79,113,62,51,2024,2020
MN-505,St. Cloud/Central Minnesota CoC,2010,600.18,440.72,541,433,108,2010,2010
MN-505,St. Cloud/Central Minnesota CoC,2011,624.78,453.41,599,402,197,2011,2010
MN-505,St. Cloud/Central Minnesota CoC,2012,643.95,467.64,547,407,140,2012,2010
MN-505,St. Cloud/Central Minnesota CoC,2013,660.07,482.33,657,460,197,2013,2010
MN-505,St. Cloud/Central Minnesota CoC,2014,667.36,493.12,607,500,107,2014,2010
MN-505,St. Cloud/Central Minnesota CoC,2015,675.59,501.97,696,491,205,2015,2010
MN-505,St. Cloud/Central Minnesota CoC,2016,689.57,508.19,669,502,167,2016,2010
MN-505,St. Cloud/Central Minnesota CoC,2017,699.52,514.11,862,633,229,2017,2010
MN-505,St. Cloud/Central Minnesota CoC,2018,721.66,526.48,584,479,105,2018,2010
MN-505,St. Cloud/Central Minnesota CoC,2019,741.19,543.38,679,466,213,2019,2010
MN-505,St. Cloud/Central Minnesota CoC,2020,774.07,551.6,864,466,398,2020,2020
MN-505,St. Cloud/Central Minnesota CoC,2021,814.83,587.63,536,536,0,2021,2020
MN-505,St. Cloud/Central Minnesota CoC,2022,890.02,628.45,916,550,366,2022,2020
MN-505,St. Cloud/Central Minnesota CoC,2023,930.98,659.47,801,561,240,2023,2020
MN-505,St. Cloud/Central Minnesota CoC,2024,943.58,661.76,881,542,339,2024,2020
MN-506,Northwest Minnesota CoC,2010,444.32,303.3,422,254,168,2010,2010
MN-506,Northwest Minnesota CoC,2011,464.97,316.4,252,215,37,2011,2010
MN-506,Northwest Minnesota CoC,2012,477.26,321.47,301,250,51,2012,2010
MN-506,Northwest Minnesota CoC,2013,484.77,330.38,253,249,4,2013,2010
MN-506,Northwest Minnesota CoC,2014,488.55,335.9,299,280,19,2014,2010
MN-506,Northwest Minnesota CoC,2015,497.82,336.31,254,239,15,2015,2010
MN-506,Northwest Minnesota CoC,2016,512.58,345.57,290,288,2,2016,2010
MN-506,Northwest Minnesota CoC,2017,529.71,352.42,288,285,3,2017,2010
MN-506,Northwest Minnesota CoC,2018,553.38,357.81,274,266,8,2018,2010
MN-506,Northwest Minnesota CoC,2019,577.22,374.63,268,260,8,2019,2010
MN-506,Northwest Minnesota CoC,2020,594.32,377.39,320,317,3,2020,2020
MN-506,Northwest Minnesota CoC,2021,616.64,412.43,249,249,0,2021,2020
MN-506,Northwest Minnesota CoC,2022,702.92,470.53,285,266,19,2022,2020
MN-506,Northwest Minnesota CoC,2023,744.34,493.71,336,327,9,2023,2020
MN-506,Northwest Minnesota CoC,2024,747.15,488.38,260,225,35,2024,2020
MN-508,Moorhead/West Central Minnesota CoC,2010,475.93,346.35,278,196,82,2010,2010
MN-508,Moorhead/West Central Minnesota CoC,2011,489.49,351.72,263,155,108,2011,2010
MN-508,Moorhead/West Central Minnesota CoC,2012,508.29,365.21,254,224,30,2012,2010
MN-508,Moorhead/West Central Minnesota CoC,2013,520.71,379.21,287,251,36,2013,2010
MN-508,Moorhead/West Central Minnesota CoC,2014,535.27,391.55,214,203,11,2014,2010
MN-508,Moorhead/West Central Minnesota CoC,2015,553.95,395.96,242,234,8,2015,2010
MN-508,Moorhead/West Central Minnesota CoC,2016,574.58,415.96,211,199,12,2016,2010
MN-508,Moorhead/West Central Minnesota CoC,2017,601.66,439.57,215,212,3,2017,2010
MN-508,Moorhead/West Central Minnesota CoC,2018,626.56,463.94,246,240,6,2018,2010
MN-508,Moorhead/West Central Minnesota CoC,2019,639.37,468.41,216,215,1,2019,2010
MN-508,Moorhead/West Central Minnesota CoC,2020,651.71,467.89,223,223,0,2020,2020
MN-508,Moorhead/West Central Minnesota CoC,2021,691.56,480.18,186,186,0,2021,2020
MN-508,Moorhead/West Central Minnesota CoC,2022,741.48,514.13,253,243,10,2022,2020
MN-508,Moorhead/West Central Minnesota CoC,2023,764.01,530.73,174,158,16,2023,2020
MN-508,Moorhead/West Central Minnesota CoC,2024,802.25,568.15,184,174,10,2024,2020
MN-509,Duluth/St. Louis County CoC,2010,578.39,367.71,524,406,118,2010,2010
MN-509,Duluth/St. Louis County CoC,2011,597.34,385.48,494,370,124,2011,2010
MN-509,Duluth/St. Louis County CoC,2012,605.62,391.62,568,386,182,2012,2010
MN-509,Duluth/St. Louis County CoC,2013,613.07,392.4,410,300,110,2013,2010
MN-509,Duluth/St. Louis County CoC,2014,621.16,395.84,429,305,124,2014,2010
MN-509,Duluth/St. Louis County CoC,2015,619.47,392.92,490,323,167,2015,2010
MN-509,Duluth/St. Louis County CoC,2016,625.55,394.22,528,370,158,2016,2010
MN-509,Duluth/St. Louis County CoC,2017,655.65,410.15,505,312,193,2017,2010
MN-509,Duluth/St. Louis County CoC,2018,679.92,429.8,425,277,148,2018,2010
MN-509,Duluth/St. Louis County CoC,2019,712.68,442.03,519,336,183,2019,2010
MN-509,Duluth/St. Louis County CoC,2020,735.44,461.49,612,328,284,2020,2020
MN-509,Duluth/St. Louis County CoC,2021,796.73,474.73,348,348,0,2021,2020
MN-509,Duluth/St. Louis County CoC,2022,869.17,523.26,555,321,234,2022,2020
MN-509,Duluth/St. Louis County CoC,2023,919.2,571.18,579,358,221,2023,2020
MN-509,Duluth/St. Louis County CoC,2024,994.37,612.47,736,360,376,2024,2020
MN-511,Southwest Minnesota CoC,2010,448.57,306.64,73,61,12,2010,2010
MN-511,Southwest Minnesota CoC,2011,459.8,323.96,117,107,10,2011,2010
MN-511,Southwest Minnesota CoC,2012,478.48,333.46,161,133,28,2012,2010
MN-511,Southwest Minnesota CoC,2013,493.09,342.39,137,112,25,2013,2010
MN-511,Southwest Minnesota CoC,2014,494.91,351.67,180,180,0,2014,2010
MN-511,Southwest Minnesota CoC,2015,500.26,353.76,124,110,14,2015,2010
MN-511,Southwest Minnesota CoC,2016,513.43,366.03,123,117,6,2016,2010
MN-511,Southwest Minnesota CoC,2017,525.64,377.41,108,100,8,2017,2010
MN-511,Southwest Minnesota CoC,2018,543.65,390.48,65,65,0,2018,2010
MN-511,Southwest Minnesota CoC,2019,561.38,407.16,88,82,6,2019,2010
MN-511,Southwest Minnesota CoC,2020,565.27,412.69,79,68,11,2020,2020
MN-511,Southwest Minnesota CoC,2021,595.65,430.49,113,113,0,2021,2020
MN-511,Southwest Minnesota CoC,2022,637.69,477.05,173,144,29,2022,2020
MN-511,Southwest Minnesota CoC,2023,668.86,501.81,121,102,19,2023,2020
MN-511,Southwest Minnesota CoC,2024,704.73,514.1,155,151,4,2024,2020
MO-500,St. Louis County CoC,2010,663.26,514.55,659,408,251,2010,2010
MO-500,St. Louis County CoC,2011,682.44,526.32,657,552,105,2011,2010
MO-500,St. Louis County CoC,2012,696.79,537.42,543,438,105,2012,2010
MO-500,St. Louis County CoC,2013,717.28,545.69,388,359,29,2013,2010
MO-500,St. Louis County CoC,2014,728.05,549.66,402,347,55,2014,2010
MO-500,St. Louis County CoC,2015,733.61,555.74,438,379,59,2015,2010
MO-500,St. Louis County CoC,2016,754.79,573.4,465,417,48,2016,2010
MO-500,St. Louis County CoC,2017,779.42,596.38,462,418,44,2017,2010
MO-500,St. Louis County CoC,2018,797.09,608.73,450,424,26,2018,2010
MO-500,St. Louis County CoC,2019,826.22,628.64,487,460,27,2019,2010
MO-500,St. Louis County CoC,2020,846.54,637.42,479,449,30,2020,2020
MO-500,St. Louis County CoC,2021,894.46,663.63,341,304,37,2021,2020
MO-500,St. Louis County CoC,2022,976.97,721.03,371,325,46,2022,2020
MO-500,St. Louis County CoC,2023,1035.16,753.92,446,320,126,2023,2020
MO-500,St. Louis County CoC,2024,1074.35,782.02,452,360,92,2024,2020
MO-501,St. Louis City CoC,2010,504.53,384.16,1305,1168,137,2010,2010
MO-501,St. Louis City CoC,2011,524.98,402.67,1344,1215,129,2011,2010
MO-501,St. Louis City CoC,2012,547.7,415.48,1506,1381,125,2012,2010
MO-501,St. Louis City CoC,2013,562.51,424.42,1423,1327,96,2013,2010
MO-501,St. Louis City CoC,2014,575.48,430.26,1354,1258,96,2014,2010
MO-501,St. Louis City CoC,2015,589.35,435.93,1312,1200,112,2015,2010
MO-501,St. Louis City CoC,2016,605.56,443.64,1248,1150,98,2016,2010
MO-501,St. Louis City CoC,2017,615.02,454.38,1336,1194,142,2017,2010
MO-501,St. Louis City CoC,2018,642.54,478.78,949,852,97,2018,2010
MO-501,St. Louis City CoC,2019,673.16,498.01,1031,978,53,2019,2010
MO-501,St. Louis City CoC,2020,694.44,517.49,1260,1062,198,2020,2020
MO-501,St. Louis City CoC,2021,725.46,536.03,997,838,159,2021,2020
MO-501,St. Louis City CoC,2022,797.69,575.97,1147,1048,99,2022,2020
MO-501,St. Louis City CoC,2023,834.81,598.1,1252,1146,106,2023,2020
MO-501,St. Louis City CoC,2024,864.8,614.95,1235,1081,154,2024,2020
MO-503,"St. Charles, Lincoln, Warren Counties CoC",2010,670.8,510.27,1089,688,401,2010,2010
MO-503,"St. Charles, Lincoln, Warren Counties CoC",2011,693.39,521.28,1003,626,377,2011,2010
MO-503,"St. Charles, Lincoln, Warren Counties CoC",2012,716.09,534.73,1023,544,479,2012,2010
MO-503,"St. Charles, Lincoln, Warren Counties CoC",2013,734.44,549.98,940,576,364,2013,2010
MO-503,"St. Charles, Lincoln, Warren Counties CoC",2014,750.8,566.49,896,614,282,2014,2010
MO-503,"St. Charles, Lincoln, Warren Counties CoC",2015,774.26,579.48,803,556,247,2015,2010
MO-503,"St. Charles, Lincoln, Warren Counties CoC",2016,782.2,594.67,610,380,230,2016,2010
MO-503,"St. Charles, Lincoln, Warren Counties CoC",2017,804.93,611.87,578,351,227,2017,2010
MO-503,"St. Charles, Lincoln, Warren Counties CoC",2018,832.25,622.72,532,370,162,2018,2010
MO-503,"St. Charles, Lincoln, Warren Counties CoC",2019,870.97,639.39,438,311,127,2019,2010
MO-503,"St. Charles, Lincoln, Warren Counties CoC",2020,902.87,649.31,392,267,125,2020,2020
MO-503,"St. Charles, Lincoln, Warren Counties CoC",2021,945.07,679.35,456,346,110,2021,2020
MO-503,"St. Charles, Lincoln, Warren Counties CoC",2022,1031.84,737.62,425,323,102,2022,2020
MO-503,"St. Charles, Lincoln, Warren Counties CoC",2023,1093.07,770.14,395,234,161,2023,2020
MO-503,"St. Charles, Lincoln, Warren Counties CoC",2024,1126.52,792.71,578,421,157,2024,2020
MO-600,"Springfield/Greene, Christian, Webster Counties CoC",2010,510.59,403.36,662,503,159,2010,2010
MO-600,"Springfield/Greene, Christian, Webster Counties CoC",2011,530.48,413.49,591,464,127,2011,2010
MO-600,"Springfield/Greene, Christian, Webster Counties CoC",2012,539.39,424.2,662,494,168,2012,2010
MO-600,"Springfield/Greene, Christian, Webster Counties CoC",2013,545.4,428.65,711,529,182,2013,2010
MO-600,"Springfield/Greene, Christian, Webster Counties CoC",2014,548.72,431.18,656,572,84,2014,2010
MO-600,"Springfield/Greene, Christian, Webster Counties CoC",2015,555.74,435.18,584,409,175,2015,2010
MO-600,"Springfield/Greene, Christian, Webster Counties CoC",2016,566.67,443.59,496,284,212,2016,2010
MO-600,"Springfield/Greene, Christian, Webster Counties CoC",2017,581.43,455.35,455,255,200,2017,2010
MO-600,"Springfield/Greene, Christian, Webster Counties CoC",2018,599.71,470.77,479,282,197,2018,2010
MO-600,"Springfield/Greene, Christian, Webster Counties CoC",2019,616.57,482.51,492,411,81,2019,2010
MO-600,"Springfield/Greene, Christian, Webster Counties CoC",2020,634.51,496.94,540,452,88,2020,2020
MO-600,"Springfield/Greene, Christian, Webster Counties CoC",2021,663.38,517.22,583,517,66,2021,2020
MO-600,"Springfield/Greene, Christian, Webster Counties CoC",2022,718.57,568.2,517,451,66,2022,2020
MO-600,"Springfield/Greene, Christian, Webster Counties CoC",2023,761.74,595.0,617,458,159,2023,2020
MO-600,"Springfield/Greene, Christian, Webster Counties CoC",2024,806.96,628.29,621,448,173,2024,2020
MO-602,"Joplin/Jasper, Newton Counties CoC",2010,437.71,335.64,393,319,74,2010,2010
MO-602,"Joplin/Jasper, Newton Counties CoC",2011,447.03,344.16,457,341,116,2011,2010
MO-602,"Joplin/Jasper, Newton Counties CoC",2012,460.9,355.31,1724,1666,58,2012,2010
MO-602,"Joplin/Jasper, Newton Counties CoC",2013,471.25,368.77,574,539,35,2013,2010
MO-602,"Joplin/Jasper, Newton Counties CoC",2014,485.26,385.55,315,281,34,2014,2010
MO-602,"Joplin/Jasper, Newton Counties CoC",2015,497.87,390.91,258,238,20,2015,2010
MO-602,"Joplin/Jasper, Newton Counties CoC",2016,516.59,399.85,297,238,59,2016,2010
MO-602,"Joplin/Jasper, Newton Counties CoC",2017,528.55,412.17,270,229,41,2017,2010
MO-602,"Joplin/Jasper, Newton Counties CoC",2018,532.56,410.84,275,220,55,2018,2010
MO-602,"Joplin/Jasper, Newton Counties CoC",2019,546.3,416.52,237,188,49,2019,2010
MO-602,"Joplin/Jasper, Newton Counties CoC",2020,553.31,423.59,313,243,70,2020,2020
MO-602,"Joplin/Jasper, Newton Counties CoC",2021,585.17,449.21,210,175,35,2021,2020
MO-602,"Joplin/Jasper, Newton Counties CoC",2022,625.64,487.24,231,195,36,2022,2020
MO-602,"Joplin/Jasper, Newton Counties CoC",2023,665.31,505.55,255,194,61,2023,2020
MO-602,"Joplin/Jasper, Newton Counties CoC",2024,705.35,528.1,292,163,129,2024,2020
MO-603,"St. Joseph/Andrew, Buchanan, DeKalb Counties CoC",2010,462.39,356.63,164,138,26,2010,2010
MO-603,"St. Joseph/Andrew, Buchanan, DeKalb Counties CoC",2011,480.48,368.38,181,156,25,2011,2010
MO-603,"St. Joseph/Andrew, Buchanan, DeKalb Counties CoC",2012,504.55,381.01,186,171,15,2012,2010
MO-603,"St. Joseph/Andrew, Buchanan, DeKalb Counties CoC",2013,509.95,395.63,186,177,9,2013,2010
MO-603,"St. Joseph/Andrew, Buchanan, DeKalb Counties CoC",2014,506.09,388.59,200,194,6,2014,2010
MO-603,"St. Joseph/Andrew, Buchanan, DeKalb Counties CoC",2015,524.8,402.35,164,156,8,2015,2010
MO-603,"St. Joseph/Andrew, Buchanan, DeKalb Counties CoC",2016,527.93,407.05,195,185,10,2016,2010
MO-603,"St. Joseph/Andrew, Buchanan, DeKalb Counties CoC",2017,543.04,421.54,210,192,18,2017,2010
MO-603,"St. Joseph/Andrew, Buchanan, DeKalb Counties CoC",2018,554.76,418.32,204,174,30,2018,2010
MO-603,"St. Joseph/Andrew, Buchanan, DeKalb Counties CoC",2019,572.43,435.11,255,218,37,2019,2010
MO-603,"St. Joseph/Andrew, Buchanan, DeKalb Counties CoC",2020,571.68,436.37,241,199,42,2020,2020
MO-603,"St. Joseph/Andrew, Buchanan, DeKalb Counties CoC",2021,614.34,453.6,150,118,32,2021,2020
MO-603,"St. Joseph/Andrew, Buchanan, DeKalb Counties CoC",2022,629.15,480.78,148,127,21,2022,2020
MO-603,"St. Joseph/Andrew, Buchanan, DeKalb Counties CoC",2023,662.47,508.49,175,134,41,2023,2020
MO-603,"St. Joseph/Andrew, Buchanan, DeKalb Counties CoC",2024,677.72,506.1,268,187,81,2024,2020
MO-604,"Kansas City (MO&KS), Independence, Lee’s Summit/Jackson, Wyandotte Counties CoC",2010,582.33,441.46,2153,1946,207,2010,2010
MO-604,"Kansas City (MO&KS), Independence, Lee’s Summit/Jackson, Wyandotte Counties CoC",2011,599.18,455.96,2992,2020,972,2011,2010
MO-604,"Kansas City (MO&KS), Independence, Lee’s Summit/Jackson, Wyandotte Counties CoC",2012,613.2,467.26,2705,1876,829,2012,2010
MO-604,"Kansas City (MO&KS), Independence, Lee’s Summit/Jackson, Wyandotte Counties CoC",2013,626.29,477.41,2691,1766,925,2013,2010
MO-604,"Kansas City (MO&KS), Independence, Lee’s Summit/Jackson, Wyandotte Counties CoC",2014,637.24,485.77,2193,1918,275,2014,2010
MO-604,"Kansas City (MO&KS), Independence, Lee’s Summit/Jackson, Wyandotte Counties CoC",2015,641.83,491.17,1686,1530,156,2015,2010
MO-604,"Kansas City (MO&KS), Independence, Lee’s Summit/Jackson, Wyandotte Counties CoC",2016,658.42,500.58,1699,1465,234,2016,2010
MO-604,"Kansas City (MO&KS), Independence, Lee’s Summit/Jackson, Wyandotte Counties CoC",2017,682.98,515.68,1671,1442,229,2017,2010
MO-604,"Kansas City (MO&KS), Independence, Lee’s Summit/Jackson, Wyandotte Counties CoC",2018,711.23,531.06,1798,1474,324,2018,2010
MO-604,"Kansas City (MO&KS), Independence, Lee’s Summit/Jackson, Wyandotte Counties CoC",2019,740.75,550.2,1979,1659,320,2019,2010
MO-604,"Kansas City (MO&KS), Independence, Lee’s Summit/Jackson, Wyandotte Counties CoC",2020,772.08,571.15,1973,1448,525,2020,2020
MO-604,"Kansas City (MO&KS), Independence, Lee’s Summit/Jackson, Wyandotte Counties CoC",2021,825.62,614.83,1575,1099,476,2021,2020
MO-604,"Kansas City (MO&KS), Independence, Lee’s Summit/Jackson, Wyandotte Counties CoC",2022,912.4,672.18,1783,952,831,2022,2020
MO-604,"Kansas City (MO&KS), Independence, Lee’s Summit/Jackson, Wyandotte Counties CoC",2023,959.2,716.2,1986,1195,791,2023,2020
MO-604,"Kansas City (MO&KS), Independence, Lee’s Summit/Jackson, Wyandotte Counties CoC",2024,1011.41,753.98,2181,1305,876,2024,2020
MO-606,Missouri Balance of State CoC,2010,442.74,306.87,1912,1339,573,2010,2010
MO-606,Missouri Balance of State CoC,2011,458.12,317.36,1967,1516,451,2011,2010
MO-606,Missouri Balance of State CoC,2012,469.16,325.91,2114,1469,645,2012,2010
MO-606,Missouri Balance of State CoC,2013,480.88,336.55,2030,1472,558,2013,2010
MO-606,Missouri Balance of State CoC,2014,491.6,344.47,1528,1341,187,2014,2010
MO-606,Missouri Balance of State CoC,2015,497.84,351.41,1477,1148,329,2015,2010
MO-606,Missouri Balance of State CoC,2016,509.72,360.79,1431,1056,375,2016,2010
MO-606,Missouri Balance of State CoC,2017,524.0,369.52,1244,952,292,2017,2010
MO-606,Missouri Balance of State CoC,2018,541.16,380.03,1345,983,362,2018,2010
MO-606,Missouri Balance of State CoC,2019,557.41,394.57,1362,1003,359,2019,2010
MO-606,Missouri Balance of State CoC,2020,564.24,403.63,1569,917,652,2020,2020
MO-606,Missouri Balance of State CoC,2021,594.28,417.5,764,764,0,2021,2020
MO-606,Missouri Balance of State CoC,2022,640.5,454.67,1571,1051,520,2022,2020
MO-606,Missouri Balance of State CoC,2023,665.71,468.24,1792,1102,690,2023,2020
MO-606,Missouri Balance of State CoC,2024,689.22,477.84,1911,1036,875,2024,2020
MS-500,"Jackson/Rankin, Madison Counties CoC",2010,581.51,417.62,914,432,482,2010,2010
MS-500,"Jackson/Rankin, Madison Counties CoC",2011,601.5,428.53,826,390,436,2011,2010
MS-500,"Jackson/Rankin, Madison Counties CoC",2012,612.25,431.6,1037,380,657,2012,2010
MS-500,"Jackson/Rankin, Madison Counties CoC",2013,628.31,450.0,760,320,440,2013,2010
MS-500,"Jackson/Rankin, Madison Counties CoC",2014,639.19,459.96,846,511,335,2014,2010
MS-500,"Jackson/Rankin, Madison Counties CoC",2015,643.73,465.27,762,426,336,2015,2010
MS-500,"Jackson/Rankin, Madison Counties CoC",2016,656.22,480.87,633,297,336,2016,2010
MS-500,"Jackson/Rankin, Madison Counties CoC",2017,676.67,496.44,511,231,280,2017,2010
MS-500,"Jackson/Rankin, Madison Counties CoC",2018,698.56,512.75,446,309,137,2018,2010
MS-500,"Jackson/Rankin, Madison Counties CoC",2019,706.59,516.56,408,302,106,2019,2010
MS-500,"Jackson/Rankin, Madison Counties CoC",2020,734.64,514.64,406,293,113,2020,2020
MS-500,"Jackson/Rankin, Madison Counties CoC",2021,762.59,532.86,147,147,0,2021,2020
MS-500,"Jackson/Rankin, Madison Counties CoC",2022,833.25,569.63,654,164,490,2022,2020
MS-500,"Jackson/Rankin, Madison Counties CoC",2023,845.7,576.07,315,222,93,2023,2020
MS-500,"Jackson/Rankin, Madison Counties CoC",2024,891.43,612.38,273,160,113,2024,2020
MS-501,Mississippi Balance of State CoC,2010,412.84,262.67,1242,660,582,2010,2010
MS-501,Mississippi Balance of State CoC,2011,431.18,277.03,951,512,439,2011,2010
MS-501,Mississippi Balance of State CoC,2012,445.13,286.01,1018,579,439,2012,2010
MS-501,Mississippi Balance of State CoC,2013,460.15,298.03,1052,692,360,2013,2010
MS-501,Mississippi Balance of State CoC,2014,471.31,305.53,954,700,254,2014,2010
MS-501,Mississippi Balance of State CoC,2015,483.79,311.84,809,566,243,2015,2010
MS-501,Mississippi Balance of State CoC,2016,491.45,318.25,785,479,306,2016,2010
MS-501,Mississippi Balance of State CoC,2017,508.43,328.11,697,451,246,2017,2010
MS-501,Mississippi Balance of State CoC,2018,524.71,340.35,560,297,263,2018,2010
MS-501,Mississippi Balance of State CoC,2019,540.92,351.42,480,291,189,2019,2010
MS-501,Mississippi Balance of State CoC,2020,553.26,356.26,447,220,227,2020,2020
MS-501,Mississippi Balance of State CoC,2021,580.27,373.7,268,145,123,2021,2020
MS-501,Mississippi Balance of State CoC,2022,626.85,408.08,342,202,140,2022,2020
MS-501,Mississippi Balance of State CoC,2023,650.24,411.94,412,191,221,2023,2020
MS-501,Mississippi Balance of State CoC,2024,682.9,421.97,469,250,219,2024,2020
MS-503,Gulf Port/Gulf Coast Regional CoC,2010,642.77,445.57,587,89,498,2010,2010
MS-503,Gulf Port/Gulf Coast Regional CoC,2011,667.32,478.17,529,154,375,2011,2010
MS-503,Gulf Port/Gulf Coast Regional CoC,2012,666.89,486.47,358,83,275,2012,2010
MS-503,Gulf Port/Gulf Coast Regional CoC,2013,667.21,503.32,591,71,520,2013,2010
MS-503,Gulf Port/Gulf Coast Regional CoC,2014,661.79,504.46,426,194,232,2014,2010
MS-503,Gulf Port/Gulf Coast Regional CoC,2015,651.6,505.22,412,149,263,2015,2010
MS-503,Gulf Port/Gulf Coast Regional CoC,2016,654.75,507.21,320,113,207,2016,2010
MS-503,Gulf Port/Gulf Coast Regional CoC,2017,670.61,516.64,264,71,193,2017,2010
MS-503,Gulf Port/Gulf Coast Regional CoC,2018,688.98,521.09,346,125,221,2018,2010
MS-503,Gulf Port/Gulf Coast Regional CoC,2019,701.71,531.57,296,105,191,2019,2010
MS-503,Gulf Port/Gulf Coast Regional CoC,2020,726.58,554.46,254,68,186,2020,2020
MS-503,Gulf Port/Gulf Coast Regional CoC,2021,765.37,580.46,211,67,144,2021,2020
MS-503,Gulf Port/Gulf Coast Regional CoC,2022,827.68,607.86,200,69,131,2022,2020
MS-503,Gulf Port/Gulf Coast Regional CoC,2023,864.05,627.83,255,125,130,2023,2020
MS-503,Gulf Port/Gulf Coast Regional CoC,2024,897.08,640.89,299,145,154,2024,2020
MT-500,Montana Statewide CoC,2010,535.81,375.69,1615,1168,447,2010,2010
MT-500,Montana Statewide CoC,2011,554.87,390.82,1768,1216,552,2011,2010
MT-500,Montana Statewide CoC,2012,572.14,406.84,1833,1153,680,2012,2010
MT-500,Montana Statewide CoC,2013,592.85,417.86,1878,1094,784,2013,2010
MT-500,Montana Statewide CoC,2014,606.02,430.86,1745,911,834,2014,2010
MT-500,Montana Statewide CoC,2015,623.34,441.35,1709,837,872,2015,2010
MT-500,Montana Statewide CoC,2016,643.38,454.69,1418,788,630,2016,2010
MT-500,Montana Statewide CoC,2017,663.88,472.4,1529,985,544,2017,2010
MT-500,Montana Statewide CoC,2018,691.16,493.19,1405,1032,373,2018,2010
MT-500,Montana Statewide CoC,2019,724.37,510.42,1357,1012,345,2019,2010
MT-500,Montana Statewide CoC,2020,753.77,526.0,1545,1085,460,2020,2020
MT-500,Montana Statewide CoC,2021,798.19,556.98,1801,1168,633,2021,2020
MT-500,Montana Statewide CoC,2022,884.72,595.98,1585,1292,293,2022,2020
MT-500,Montana Statewide CoC,2023,938.08,626.67,2178,1682,496,2023,2020
MT-500,Montana Statewide CoC,2024,992.96,653.74,2008,1432,576,2024,2020
NC-500,Winston-Salem/Forsyth County CoC,2010,553.59,420.63,543,502,41,2010,2010
NC-500,Winston-Salem/Forsyth County CoC,2011,565.84,435.96,527,476,51,2011,2010
NC-500,Winston-Salem/Forsyth County CoC,2012,572.53,438.61,556,436,120,2012,2010
NC-500,Winston-Salem/Forsyth County CoC,2013,585.14,441.82,394,381,13,2013,2010
NC-500,Winston-Salem/Forsyth County CoC,2014,596.77,451.88,515,496,19,2014,2010
NC-500,Winston-Salem/Forsyth County CoC,2015,600.03,452.71,571,549,22,2015,2010
NC-500,Winston-Salem/Forsyth County CoC,2016,611.25,459.92,544,506,38,2016,2010
NC-500,Winston-Salem/Forsyth County CoC,2017,634.27,484.63,453,428,25,2017,2010
NC-500,Winston-Salem/Forsyth County CoC,2018,653.35,500.28,440,407,33,2018,2010
NC-500,Winston-Salem/Forsyth County CoC,2019,676.53,511.49,454,430,24,2019,2010
NC-500,Winston-Salem/Forsyth County CoC,2020,704.74,523.05,504,447,57,2020,2020
NC-500,Winston-Salem/Forsyth County CoC,2021,749.99,551.19,462,323,139,2021,2020
NC-500,Winston-Salem/Forsyth County CoC,2022,836.8,600.41,429,290,139,2022,2020
NC-500,Winston-Salem/Forsyth County CoC,2023,912.71,653.89,396,309,87,2023,2020
NC-500,Winston-Salem/Forsyth County CoC,2024,972.45,684.23,627,393,234,2024,2020
NC-501,Asheville/Buncombe County CoC,2010,608.65,432.54,516,462,54,2010,2010
NC-501,Asheville/Buncombe County CoC,2011,633.92,455.78,514,452,62,2011,2010
NC-501,Asheville/Buncombe County CoC,2012,644.28,467.18,560,478,82,2012,2010
NC-501,Asheville/Buncombe County CoC,2013,668.15,484.8,570,513,57,2013,2010
NC-501,Asheville/Buncombe County CoC,2014,693.02,504.16,530,465,65,2014,2010
NC-501,Asheville/Buncombe County CoC,2015,695.48,506.26,562,488,74,2015,2010
NC-501,Asheville/Buncombe County CoC,2016,726.42,523.97,509,437,72,2016,2010
NC-501,Asheville/Buncombe County CoC,2017,762.13,540.45,562,457,105,2017,2010
NC-501,Asheville/Buncombe County CoC,2018,810.87,554.53,554,497,57,2018,2010
NC-501,Asheville/Buncombe County CoC,2019,844.52,582.17,580,502,78,2019,2010
NC-501,Asheville/Buncombe County CoC,2020,893.36,625.37,547,482,65,2020,2020
NC-501,Asheville/Buncombe County CoC,2021,966.88,661.89,527,411,116,2021,2020
NC-501,Asheville/Buncombe County CoC,2022,1047.88,739.86,637,405,232,2022,2020
NC-501,Asheville/Buncombe County CoC,2023,1118.77,780.83,573,402,171,2023,2020
NC-501,Asheville/Buncombe County CoC,2024,1205.01,843.54,739,520,219,2024,2020
NC-502,Durham City & County CoC,2010,668.75,526.25,675,607,68,2010,2010
NC-502,Durham City & County CoC,2011,686.67,531.84,597,539,58,2011,2010
NC-502,Durham City & County CoC,2012,701.49,537.04,698,635,63,2012,2010
NC-502,Durham City & County CoC,2013,714.11,551.51,753,700,53,2013,2010
NC-502,Durham City & County CoC,2014,730.94,562.05,811,758,53,2014,2010
NC-502,Durham City & County CoC,2015,749.91,577.78,813,769,44,2015,2010
NC-502,Durham City & County CoC,2016,778.98,599.99,354,322,32,2016,2010
NC-502,Durham City & County CoC,2017,825.78,626.78,354,294,60,2017,2010
NC-502,Durham City & County CoC,2018,860.97,656.21,338,285,53,2018,2010
NC-502,Durham City & County CoC,2019,913.82,701.72,361,280,81,2019,2010
NC-502,Durham City & County CoC,2020,965.42,723.45,349,272,77,2020,2020
NC-502,Durham City & County CoC,2021,1035.48,758.49,396,278,118,2021,2020
NC-502,Durham City & County CoC,2022,1147.24,847.87,459,315,144,2022,2020
NC-502,Durham City & County CoC,2023,1259.43,930.71,375,217,158,2023,2020
NC-502,Durham City & County CoC,2024,1341.99,990.46,405,233,172,2024,2020
NC-503,North Carolina Balance of State CoC,2010,478.69,336.53,2851,2206,645,2010,2010
NC-503,North Carolina Balance of State CoC,2011,497.08,347.87,2987,2306,681,2011,2010
NC-503,North Carolina Balance of State CoC,2012,511.57,355.9,2922,2266,656,2012,2010
NC-503,North Carolina Balance of State CoC,2013,525.24,365.71,3625,2467,1158,2013,2010
NC-503,North Carolina Balance of State CoC,2014,537.22,373.37,3195,2508,687,2014,2010
NC-503,North Carolina Balance of State CoC,2015,541.58,379.08,3021,2361,660,2015,2010
NC-503,North Carolina Balance of State CoC,2016,552.4,388.34,2963,2128,835,2016,2010
NC-503,North Carolina Balance of State CoC,2017,568.41,399.31,3054,2102,952,2017,2010
NC-503,North Carolina Balance of State CoC,2018,585.94,407.84,2991,2023,968,2018,2010
NC-503,North Carolina Balance of State CoC,2019,603.32,418.21,2989,2139,850,2019,2010
NC-503,North Carolina Balance of State CoC,2020,618.33,424.01,3185,2189,996,2020,2020
NC-503,North Carolina Balance of State CoC,2021,656.59,439.16,1520,1520,0,2021,2020
NC-503,North Carolina Balance of State CoC,2022,719.94,480.86,2491,1715,776,2022,2020
NC-503,North Carolina Balance of State CoC,2023,767.98,504.11,3311,1997,1314,2023,2020
NC-503,North Carolina Balance of State CoC,2024,815.95,517.96,4180,2053,2127,2024,2020
NC-504,"Greensboro, High Point/Guilford County CoC",2010,584.12,449.65,1070,934,136,2010,2010
NC-504,"Greensboro, High Point/Guilford County CoC",2011,597.94,455.92,1024,900,124,2011,2010
NC-504,"Greensboro, High Point/Guilford County CoC",2012,611.65,462.91,990,835,155,2012,2010
NC-504,"Greensboro, High Point/Guilford County CoC",2013,618.06,472.98,949,781,168,2013,2010
NC-504,"Greensboro, High Point/Guilford County CoC",2014,630.63,482.25,897,798,99,2014,2010
NC-504,"Greensboro, High Point/Guilford County CoC",2015,642.08,495.25,665,551,114,2015,2010
NC-504,"Greensboro, High Point/Guilford County CoC",2016,647.6,509.53,721,637,84,2016,2010
NC-504,"Greensboro, High Point/Guilford County CoC",2017,668.45,525.34,573,469,104,2017,2010
NC-504,"Greensboro, High Point/Guilford County CoC",2018,693.32,539.43,657,545,112,2018,2010
NC-504,"Greensboro, High Point/Guilford County CoC",2019,724.66,552.91,586,525,61,2019,2010
NC-504,"Greensboro, High Point/Guilford County CoC",2020,738.41,570.2,624,434,190,2020,2020
NC-504,"Greensboro, High Point/Guilford County CoC",2021,788.58,603.58,482,419,63,2021,2020
NC-504,"Greensboro, High Point/Guilford County CoC",2022,867.03,653.71,426,343,83,2022,2020
NC-504,"Greensboro, High Point/Guilford County CoC",2023,929.34,696.35,452,418,34,2023,2020
NC-504,"Greensboro, High Point/Guilford County CoC",2024,1011.34,726.23,665,431,234,2024,2020
NC-505,Charlotte/Mecklenburg County CoC,2010,711.67,552.62,2841,2090,751,2010,2010
NC-505,Charlotte/Mecklenburg County CoC,2011,733.63,569.83,2847,2532,315,2011,2010
NC-505,Charlotte/Mecklenburg County CoC,2012,751.92,582.9,2567,2266,301,2012,2010
NC-505,Charlotte/Mecklenburg County CoC,2013,773.97,593.95,2418,2135,283,2013,2010
NC-505,Charlotte/Mecklenburg County CoC,2014,796.15,608.57,2014,1850,164,2014,2010
NC-505,Charlotte/Mecklenburg County CoC,2015,821.72,623.09,2001,1821,180,2015,2010
NC-505,Charlotte/Mecklenburg County CoC,2016,853.11,647.65,1818,1631,187,2016,2010
NC-505,Charlotte/Mecklenburg County CoC,2017,903.87,683.14,1476,1261,215,2017,2010
NC-505,Charlotte/Mecklenburg County CoC,2018,963.65,723.12,1668,1459,209,2018,2010
NC-505,Charlotte/Mecklenburg County CoC,2019,1018.01,769.42,1742,1546,196,2019,2010
NC-505,Charlotte/Mecklenburg County CoC,2020,1079.51,817.8,1604,1390,214,2020,2020
NC-505,Charlotte/Mecklenburg County CoC,2021,1150.76,880.45,1947,1678,269,2021,2020
NC-505,Charlotte/Mecklenburg County CoC,2022,1278.49,976.52,1761,1609,152,2022,2020
NC-505,Charlotte/Mecklenburg County CoC,2023,1375.98,1058.48,1916,1628,288,2023,2020
NC-505,Charlotte/Mecklenburg County CoC,2024,1469.7,1132.27,2095,1711,384,2024,2020
NC-506,"Wilmington/Brunswick, New Hanover, Pender Counties CoC",2010,678.81,498.92,678,571,107,2010,2010
NC-506,"Wilmington/Brunswick, New Hanover, Pender Counties CoC",2011,706.6,514.69,483,392,91,2011,2010
NC-506,"Wilmington/Brunswick, New Hanover, Pender Counties CoC",2012,732.51,531.02,469,316,153,2012,2010
NC-506,"Wilmington/Brunswick, New Hanover, Pender Counties CoC",2013,745.32,536.49,348,245,103,2013,2010
NC-506,"Wilmington/Brunswick, New Hanover, Pender Counties CoC",2014,757.07,543.83,321,234,87,2014,2010
NC-506,"Wilmington/Brunswick, New Hanover, Pender Counties CoC",2015,751.02,539.97,390,269,121,2015,2010
NC-506,"Wilmington/Brunswick, New Hanover, Pender Counties CoC",2016,768.58,548.65,389,261,128,2016,2010
NC-506,"Wilmington/Brunswick, New Hanover, Pender Counties CoC",2017,775.33,560.44,322,235,87,2017,2010
NC-506,"Wilmington/Brunswick, New Hanover, Pender Counties CoC",2018,810.64,592.62,333,206,127,2018,2010
NC-506,"Wilmington/Brunswick, New Hanover, Pender Counties CoC",2019,853.83,619.78,431,269,162,2019,2010
NC-506,"Wilmington/Brunswick, New Hanover, Pender Counties CoC",2020,888.38,632.38,350,231,119,2020,2020
NC-506,"Wilmington/Brunswick, New Hanover, Pender Counties CoC",2021,957.55,693.22,301,179,122,2021,2020
NC-506,"Wilmington/Brunswick, New Hanover, Pender Counties CoC",2022,1077.38,775.96,347,197,150,2022,2020
NC-506,"Wilmington/Brunswick, New Hanover, Pender Counties CoC",2023,1165.0,828.36,558,299,259,2023,2020
NC-506,"Wilmington/Brunswick, New Hanover, Pender Counties CoC",2024,1254.91,873.81,593,274,319,2024,2020
NC-507,Raleigh/Wake County CoC,2010,714.07,582.44,1180,1059,121,2010,2010
NC-507,Raleigh/Wake County CoC,2011,736.41,604.17,1150,998,152,2011,2010
NC-507,Raleigh/Wake County CoC,2012,755.49,617.18,1116,928,188,2012,2010
NC-507,Raleigh/Wake County CoC,2013,782.08,635.23,1098,1002,96,2013,2010
NC-507,Raleigh/Wake County CoC,2014,803.73,650.62,1170,1046,124,2014,2010
NC-507,Raleigh/Wake County CoC,2015,827.07,659.88,904,756,148,2015,2010
NC-507,Raleigh/Wake County CoC,2016,867.94,689.54,818,680,138,2016,2010
NC-507,Raleigh/Wake County CoC,2017,913.96,722.3,884,696,188,2017,2010
NC-507,Raleigh/Wake County CoC,2018,966.54,757.42,983,791,192,2018,2010
NC-507,Raleigh/Wake County CoC,2019,1016.78,801.14,970,734,236,2019,2010
NC-507,Raleigh/Wake County CoC,2020,1069.12,838.42,974,742,232,2020,2020
NC-507,Raleigh/Wake County CoC,2021,1141.9,895.94,912,439,473,2021,2020
NC-507,Raleigh/Wake County CoC,2022,1265.98,992.91,1534,374,1160,2022,2020
NC-507,Raleigh/Wake County CoC,2023,1351.71,1057.84,916,453,463,2023,2020
NC-507,Raleigh/Wake County CoC,2024,1449.65,1125.46,992,851,141,2024,2020
NC-509,"Gastonia/Cleveland, Gaston, Lincoln Counties CoC",2010,490.01,377.39,324,206,118,2010,2010
NC-509,"Gastonia/Cleveland, Gaston, Lincoln Counties CoC",2011,500.72,396.01,378,131,247,2011,2010
NC-509,"Gastonia/Cleveland, Gaston, Lincoln Counties CoC",2012,507.85,401.99,611,129,482,2012,2010
NC-509,"Gastonia/Cleveland, Gaston, Lincoln Counties CoC",2013,514.57,402.9,384,274,110,2013,2010
NC-509,"Gastonia/Cleveland, Gaston, Lincoln Counties CoC",2014,524.33,413.57,423,232,191,2014,2010
NC-509,"Gastonia/Cleveland, Gaston, Lincoln Counties CoC",2015,532.26,422.53,281,244,37,2015,2010
NC-509,"Gastonia/Cleveland, Gaston, Lincoln Counties CoC",2016,538.4,421.5,328,243,85,2016,2010
NC-509,"Gastonia/Cleveland, Gaston, Lincoln Counties CoC",2017,558.16,429.82,249,171,78,2017,2010
NC-509,"Gastonia/Cleveland, Gaston, Lincoln Counties CoC",2018,584.79,443.65,331,205,126,2018,2010
NC-509,"Gastonia/Cleveland, Gaston, Lincoln Counties CoC",2019,602.58,446.49,324,252,72,2019,2010
NC-509,"Gastonia/Cleveland, Gaston, Lincoln Counties CoC",2020,630.28,469.36,325,140,185,2020,2020
NC-509,"Gastonia/Cleveland, Gaston, Lincoln Counties CoC",2021,683.75,498.74,277,83,194,2021,2020
NC-509,"Gastonia/Cleveland, Gaston, Lincoln Counties CoC",2022,758.76,546.19,497,218,279,2022,2020
NC-509,"Gastonia/Cleveland, Gaston, Lincoln Counties CoC",2023,823.03,574.12,388,245,143,2023,2020
NC-509,"Gastonia/Cleveland, Gaston, Lincoln Counties CoC",2024,899.78,621.41,466,250,216,2024,2020
NC-511,Fayetteville/Cumberland County CoC,2010,627.41,446.1,1033,294,739,2010,2010
NC-511,Fayetteville/Cumberland County CoC,2011,658.01,465.57,1061,285,776,2011,2010
NC-511,Fayetteville/Cumberland County CoC,2012,679.7,487.41,1606,306,1300,2012,2010
NC-511,Fayetteville/Cumberland County CoC,2013,685.21,494.46,631,287,344,2013,2010
NC-511,Fayetteville/Cumberland County CoC,2014,698.37,506.43,653,268,385,2014,2010
NC-511,Fayetteville/Cumberland County CoC,2015,702.07,510.16,593,227,366,2015,2010
NC-511,Fayetteville/Cumberland County CoC,2016,712.27,520.32,515,224,291,2016,2010
NC-511,Fayetteville/Cumberland County CoC,2017,720.07,525.07,442,189,253,2017,2010
NC-511,Fayetteville/Cumberland County CoC,2018,738.99,538.71,372,147,225,2018,2010
NC-511,Fayetteville/Cumberland County CoC,2019,744.58,547.92,329,103,226,2019,2010
NC-511,Fayetteville/Cumberland County CoC,2020,759.86,557.92,297,132,165,2020,2020
NC-511,Fayetteville/Cumberland County CoC,2021,798.94,593.01,54,54,0,2021,2020
NC-511,Fayetteville/Cumberland County CoC,2022,873.67,645.29,475,83,392,2022,2020
NC-511,Fayetteville/Cumberland County CoC,2023,933.8,692.54,474,86,388,2023,2020
NC-511,Fayetteville/Cumberland County CoC,2024,1005.8,720.19,380,127,253,2024,2020
NC-513,Chapel Hill/Orange County CoC,2010,708.89,574.87,135,118,17,2010,2010
NC-513,Chapel Hill/Orange County CoC,2011,725.64,590.55,136,103,33,2011,2010
NC-513,Chapel Hill/Orange County CoC,2012,745.64,596.99,110,82,28,2012,2010
NC-513,Chapel Hill/Orange County CoC,2013,760.87,601.68,123,93,30,2013,2010
NC-513,Chapel Hill/Orange County CoC,2014,791.26,627.22,108,99,9,2014,2010
NC-513,Chapel Hill/Orange County CoC,2015,816.39,637.37,129,109,20,2015,2010
NC-513,Chapel Hill/Orange County CoC,2016,853.53,638.1,80,65,15,2016,2010
NC-513,Chapel Hill/Orange County CoC,2017,902.22,684.01,127,90,37,2017,2010
NC-513,Chapel Hill/Orange County CoC,2018,947.32,715.39,152,113,39,2018,2010
NC-513,Chapel Hill/Orange County CoC,2019,974.0,733.25,131,102,29,2019,2010
NC-513,Chapel Hill/Orange County CoC,2020,1015.67,756.59,124,105,19,2020,2020
NC-513,Chapel Hill/Orange County CoC,2021,1071.2,804.68,176,140,36,2021,2020
NC-513,Chapel Hill/Orange County CoC,2022,1184.2,898.98,133,103,30,2022,2020
NC-513,Chapel Hill/Orange County CoC,2023,1255.69,953.83,126,90,36,2023,2020
NC-513,Chapel Hill/Orange County CoC,2024,1361.82,1035.36,148,115,33,2024,2020
NC-516,Northwest North Carolina CoC,2010,486.6,346.31,345,124,221,2010,2010
NC-516,Northwest North Carolina CoC,2011,503.99,353.43,1192,131,1061,2011,2010
NC-516,Northwest North Carolina CoC,2012,530.34,359.01,1319,132,1187,2012,2010
NC-516,Northwest North Carolina CoC,2013,538.23,363.27,875,135,740,2013,2010
NC-516,Northwest North Carolina CoC,2014,539.22,368.52,854,120,734,2014,2010
NC-516,Northwest North Carolina CoC,2015,541.0,363.1,755,116,639,2015,2010
NC-516,Northwest North Carolina CoC,2016,552.82,371.75,520,116,404,2016,2010
NC-516,Northwest North Carolina CoC,2017,551.33,375.9,466,119,347,2017,2010
NC-516,Northwest North Carolina CoC,2018,545.73,385.92,449,140,309,2018,2010
NC-516,Northwest North Carolina CoC,2019,572.79,412.39,417,164,253,2019,2010
NC-516,Northwest North Carolina CoC,2020,604.83,422.08,397,158,239,2020,2020
NC-516,Northwest North Carolina CoC,2021,625.29,432.31,195,88,107,2021,2020
NC-516,Northwest North Carolina CoC,2022,703.78,475.71,193,105,88,2022,2020
NC-516,Northwest North Carolina CoC,2023,712.1,492.85,269,167,102,2023,2020
NC-516,Northwest North Carolina CoC,2024,730.7,486.46,336,145,191,2024,2020
ND-500,North Dakota Statewide CoC,2010,487.82,356.16,799,768,31,2010,2010
ND-500,North Dakota Statewide CoC,2011,512.25,376.53,603,560,43,2011,2010
ND-500,North Dakota Statewide CoC,2012,532.6,399.13,688,635,53,2012,2010
ND-500,North Dakota Statewide CoC,2013,567.74,418.33,2069,674,1395,2013,2010
ND-500,North Dakota Statewide CoC,2014,596.23,437.54,1258,794,464,2014,2010
ND-500,North Dakota Statewide CoC,2015,640.23,458.72,1305,819,486,2015,2010
ND-500,North Dakota Statewide CoC,2016,679.4,487.91,923,707,216,2016,2010
ND-500,North Dakota Statewide CoC,2017,707.44,514.55,1089,758,331,2017,2010
ND-500,North Dakota Statewide CoC,2018,733.92,533.41,542,494,48,2018,2010
ND-500,North Dakota Statewide CoC,2019,752.27,546.8,557,545,12,2019,2010
ND-500,North Dakota Statewide CoC,2020,752.12,552.37,541,507,34,2020,2020
ND-500,North Dakota Statewide CoC,2021,772.93,577.66,548,474,74,2021,2020
ND-500,North Dakota Statewide CoC,2022,825.11,613.15,610,527,83,2022,2020
ND-500,North Dakota Statewide CoC,2023,844.64,628.56,784,608,176,2023,2020
ND-500,North Dakota Statewide CoC,2024,864.65,638.53,865,675,190,2024,2020
NE-500,Nebraska Balance of State CoC,2010,417.45,303.41,1540,1196,344,2010,2010
NE-500,Nebraska Balance of State CoC,2011,430.88,313.82,1121,719,402,2011,2010
NE-500,Nebraska Balance of State CoC,2012,443.01,321.58,1278,593,685,2012,2010
NE-500,Nebraska Balance of State CoC,2013,457.52,330.05,713,660,53,2013,2010
NE-500,Nebraska Balance of State CoC,2014,466.8,339.24,560,523,37,2014,2010
NE-500,Nebraska Balance of State CoC,2015,477.29,346.07,549,525,24,2015,2010
NE-500,Nebraska Balance of State CoC,2016,491.98,356.57,551,539,12,2016,2010
NE-500,Nebraska Balance of State CoC,2017,507.45,368.39,506,492,14,2017,2010
NE-500,Nebraska Balance of State CoC,2018,530.05,380.3,559,524,35,2018,2010
NE-500,Nebraska Balance of State CoC,2019,550.89,396.76,506,486,20,2019,2010
NE-500,Nebraska Balance of State CoC,2020,563.63,407.52,542,517,25,2020,2020
NE-500,Nebraska Balance of State CoC,2021,595.96,422.72,425,398,27,2021,2020
NE-500,Nebraska Balance of State CoC,2022,648.12,468.63,482,459,23,2022,2020
NE-500,Nebraska Balance of State CoC,2023,681.44,489.23,558,511,47,2023,2020
NE-500,Nebraska Balance of State CoC,2024,705.94,502.19,612,582,30,2024,2020
NE-501,"Omaha, Council Bluffs CoC",2010,628.89,478.8,1429,1335,94,2010,2010
NE-501,"Omaha, Council Bluffs CoC",2011,644.97,492.92,1580,1544,36,2011,2010
NE-501,"Omaha, Council Bluffs CoC",2012,660.06,508.08,1530,1508,22,2012,2010
NE-501,"Omaha, Council Bluffs CoC",2013,677.42,520.48,1476,1459,17,2013,2010
NE-501,"Omaha, Council Bluffs CoC",2014,694.43,532.6,1630,1604,26,2014,2010
NE-501,"Omaha, Council Bluffs CoC",2015,701.83,533.8,1481,1437,44,2015,2010
NE-501,"Omaha, Council Bluffs CoC",2016,724.07,545.02,1509,1452,57,2016,2010
NE-501,"Omaha, Council Bluffs CoC",2017,748.37,569.53,1389,1332,57,2017,2010
NE-501,"Omaha, Council Bluffs CoC",2018,774.82,595.71,1411,1347,64,2018,2010
NE-501,"Omaha, Council Bluffs CoC",2019,806.22,612.41,1410,1364,46,2019,2010
NE-501,"Omaha, Council Bluffs CoC",2020,835.12,637.49,1405,1328,77,2020,2020
NE-501,"Omaha, Council Bluffs CoC",2021,884.5,679.16,1190,1096,94,2021,2020
NE-501,"Omaha, Council Bluffs CoC",2022,965.18,742.01,1346,1185,161,2022,2020
NE-501,"Omaha, Council Bluffs CoC",2023,1012.8,775.72,1475,1270,205,2023,2020
NE-501,"Omaha, Council Bluffs CoC",2024,1057.33,809.99,1609,1385,224,2024,2020
NE-502,Lincoln CoC,2010,564.76,423.58,908,824,84,2010,2010
NE-502,Lincoln CoC,2011,579.41,432.64,847,778,69,2011,2010
NE-502,Lincoln CoC,2012,591.19,440.56,981,856,125,2012,2010
NE-502,Lincoln CoC,2013,597.11,448.68,956,853,103,2013,2010
NE-502,Lincoln CoC,2014,611.84,454.61,836,790,46,2014,2010
NE-502,Lincoln CoC,2015,615.01,459.28,714,659,55,2015,2010
NE-502,Lincoln CoC,2016,633.88,472.26,694,662,32,2016,2010
NE-502,Lincoln CoC,2017,662.7,494.38,606,557,49,2017,2010
NE-502,Lincoln CoC,2018,700.73,522.02,451,406,45,2018,2010
NE-502,Lincoln CoC,2019,727.16,547.73,449,405,44,2019,2010
NE-502,Lincoln CoC,2020,749.89,563.4,457,416,41,2020,2020
NE-502,Lincoln CoC,2021,795.81,597.52,320,282,38,2021,2020
NE-502,Lincoln CoC,2022,872.04,646.41,418,386,32,2022,2020
NE-502,Lincoln CoC,2023,905.33,666.84,429,369,60,2023,2020
NE-502,Lincoln CoC,2024,944.34,692.77,499,452,47,2024,2020
NH-500,New Hampshire Balance of State CoC,2010,807.52,600.95,813,710,103,2010,2010
NH-500,New Hampshire Balance of State CoC,2011,833.33,621.03,808,647,161,2011,2010
NH-500,New Hampshire Balance of State CoC,2012,850.96,633.71,761,695,66,2012,2010
NH-500,New Hampshire Balance of State CoC,2013,869.16,651.97,759,647,112,2013,2010
NH-500,New Hampshire Balance of State CoC,2014,871.76,659.06,689,627,62,2014,2010
NH-500,New Hampshire Balance of State CoC,2015,871.74,654.6,718,642,76,2015,2010
NH-500,New Hampshire Balance of State CoC,2016,884.83,669.18,670,594,76,2016,2010
NH-500,New Hampshire Balance of State CoC,2017,910.77,685.07,767,657,110,2017,2010
NH-500,New Hampshire Balance of State CoC,2018,935.94,697.39,742,620,122,2018,2010
NH-500,New Hampshire Balance of State CoC,2019,956.94,715.14,669,574,95,2019,2010
NH-500,New Hampshire Balance of State CoC,2020,1007.6,739.25,877,632,245,2020,2020
NH-500,New Hampshire Balance of State CoC,2021,1068.4,772.58,775,580,195,2021,2020
NH-500,New Hampshire Balance of State CoC,2022,1174.24,828.38,851,649,202,2022,2020
NH-500,New Hampshire Balance of State CoC,2023,1236.67,871.79,1555,1369,186,2023,2020
NH-500,New Hampshire Balance of State CoC,2024,1302.31,897.36,1258,871,387,2024,2020
NH-501,Manchester CoC,2010,813.79,670.42,415,320,95,2010,2010
NH-501,Manchester CoC,2011,832.65,686.89,350,271,79,2011,2010
NH-501,Manchester CoC,2012,849.29,693.62,399,339,60,2012,2010
NH-501,Manchester CoC,2013,864.12,716.03,382,304,78,2013,2010
NH-501,Manchester CoC,2014,882.61,731.23,407,348,59,2014,2010
NH-501,Manchester CoC,2015,894.08,740.21,400,352,48,2015,2010
NH-501,Manchester CoC,2016,922.2,751.97,400,346,54,2016,2010
NH-501,Manchester CoC,2017,943.07,778.05,394,342,52,2017,2010
NH-501,Manchester CoC,2018,973.01,783.74,427,401,26,2018,2010
NH-501,Manchester CoC,2019,1012.11,800.62,461,410,51,2019,2010
NH-501,Manchester CoC,2020,1047.18,822.55,498,424,74,2020,2020
NH-501,Manchester CoC,2021,1104.78,858.72,519,414,105,2021,2020
NH-501,Manchester CoC,2022,1223.97,950.37,513,397,116,2022,2020
NH-501,Manchester CoC,2023,1295.7,1003.43,538,414,124,2023,2020
NH-501,Manchester CoC,2024,1387.98,1053.11,627,468,159,2024,2020
NH-502,Nashua/Hillsborough County CoC,2010,931.48,719.37,346,307,39,2010,2010
NH-502,Nashua/Hillsborough County CoC,2011,950.91,729.11,311,241,70,2011,2010
NH-502,Nashua/Hillsborough County CoC,2012,968.74,718.45,336,295,41,2012,2010
NH-502,Nashua/Hillsborough County CoC,2013,978.21,742.51,306,294,12,2013,2010
NH-502,Nashua/Hillsborough County CoC,2014,999.02,770.06,280,268,12,2014,2010
NH-502,Nashua/Hillsborough County CoC,2015,999.04,776.1,327,319,8,2015,2010
NH-502,Nashua/Hillsborough County CoC,2016,1025.28,804.57,296,283,13,2016,2010
NH-502,Nashua/Hillsborough County CoC,2017,1069.63,829.43,295,283,12,2017,2010
NH-502,Nashua/Hillsborough County CoC,2018,1096.46,837.99,281,275,6,2018,2010
NH-502,Nashua/Hillsborough County CoC,2019,1120.82,845.59,266,263,3,2019,2010
NH-502,Nashua/Hillsborough County CoC,2020,1155.22,861.92,300,271,29,2020,2020
NH-502,Nashua/Hillsborough County CoC,2021,1227.73,912.92,197,177,20,2021,2020
NH-502,Nashua/Hillsborough County CoC,2022,1357.04,1002.32,241,228,13,2022,2020
NH-502,Nashua/Hillsborough County CoC,2023,1462.98,1068.4,348,320,28,2023,2020
NH-502,Nashua/Hillsborough County CoC,2024,1521.49,1087.15,360,327,33,2024,2020
NJ-500,Atlantic City & County CoC,2010,815.62,590.63,588,456,132,2010,2010
NJ-500,Atlantic City & County CoC,2011,835.02,610.93,533,447,86,2011,2010
NJ-500,Atlantic City & County CoC,2012,858.13,639.91,631,562,69,2012,2010
NJ-500,Atlantic City & County CoC,2013,860.46,663.88,746,686,60,2013,2010
NJ-500,Atlantic City & County CoC,2014,865.77,665.2,544,476,68,2014,2010
NJ-500,Atlantic City & County CoC,2015,875.18,674.09,548,474,74,2015,2010
NJ-500,Atlantic City & County CoC,2016,884.74,665.46,476,360,116,2016,2010
NJ-500,Atlantic City & County CoC,2017,875.89,640.9,422,313,109,2017,2010
NJ-500,Atlantic City & County CoC,2018,902.52,640.47,437,306,131,2018,2010
NJ-500,Atlantic City & County CoC,2019,923.43,652.44,357,261,96,2019,2010
NJ-500,Atlantic City & County CoC,2020,934.22,690.54,443,286,157,2020,2020
NJ-500,Atlantic City & County CoC,2021,982.6,710.56,326,204,122,2021,2020
NJ-500,Atlantic City & County CoC,2022,1061.99,798.38,343,236,107,2022,2020
NJ-500,Atlantic City & County CoC,2023,1120.38,812.79,440,205,235,2023,2020
NJ-500,Atlantic City & County CoC,2024,1151.02,885.18,427,259,168,2024,2020
NJ-501,Bergen County CoC,2010,1173.17,908.56,522,450,72,2010,2010
NJ-501,Bergen County CoC,2011,1211.02,934.09,1521,1494,27,2011,2010
NJ-501,Bergen County CoC,2012,1231.95,955.91,454,422,32,2012,2010
NJ-501,Bergen County CoC,2013,1242.93,964.01,346,328,18,2013,2010
NJ-501,Bergen County CoC,2014,1248.15,970.42,371,338,33,2014,2010
NJ-501,Bergen County CoC,2015,1286.85,980.64,340,307,33,2015,2010
NJ-501,Bergen County CoC,2016,1308.77,1004.72,296,285,11,2016,2010
NJ-501,Bergen County CoC,2017,1342.74,1030.63,302,297,5,2017,2010
NJ-501,Bergen County CoC,2018,1397.57,1057.5,354,331,23,2018,2010
NJ-501,Bergen County CoC,2019,1465.22,1091.23,271,267,4,2019,2010
NJ-501,Bergen County CoC,2020,1515.93,1116.7,352,346,6,2020,2020
NJ-501,Bergen County CoC,2021,1583.93,1159.43,279,274,5,2021,2020
NJ-501,Bergen County CoC,2022,1712.33,1265.33,306,291,15,2022,2020
NJ-501,Bergen County CoC,2023,1798.85,1334.81,390,377,13,2023,2020
NJ-501,Bergen County CoC,2024,1869.58,1383.24,303,263,40,2024,2020
NJ-502,Burlington County CoC,2010,973.0,759.42,716,688,28,2010,2010
NJ-502,Burlington County CoC,2011,1018.7,789.88,1035,1008,27,2011,2010
NJ-502,Burlington County CoC,2012,1043.67,803.48,823,794,29,2012,2010
NJ-502,Burlington County CoC,2013,1064.05,818.23,671,629,42,2013,2010
NJ-502,Burlington County CoC,2014,1091.8,820.63,1020,999,21,2014,2010
NJ-502,Burlington County CoC,2015,1098.15,823.36,1347,1339,8,2015,2010
NJ-502,Burlington County CoC,2016,1123.91,836.71,926,913,13,2016,2010
NJ-502,Burlington County CoC,2017,1158.22,854.23,604,560,44,2017,2010
NJ-502,Burlington County CoC,2018,1188.5,888.46,840,784,56,2018,2010
NJ-502,Burlington County CoC,2019,1226.85,919.76,518,495,23,2019,2010
NJ-502,Burlington County CoC,2020,1272.23,955.26,553,528,25,2020,2020
NJ-502,Burlington County CoC,2021,1326.67,992.37,604,596,8,2021,2020
NJ-502,Burlington County CoC,2022,1439.31,1075.46,585,570,15,2022,2020
NJ-502,Burlington County CoC,2023,1513.03,1118.27,933,873,60,2023,2020
NJ-502,Burlington County CoC,2024,1593.02,1161.85,1054,994,60,2024,2020
NJ-503,"Camden City & County/Gloucester, Cape May, Cumberland Counties CoC",2010,761.51,571.31,1572,1221,351,2010,2010
NJ-503,"Camden City & County/Gloucester, Cape May, Cumberland Counties CoC",2011,788.82,605.39,1427,1230,197,2011,2010
NJ-503,"Camden City & County/Gloucester, Cape May, Cumberland Counties CoC",2012,813.26,628.93,1215,1051,164,2012,2010
NJ-503,"Camden City & County/Gloucester, Cape May, Cumberland Counties CoC",2013,832.09,637.83,1291,1098,193,2013,2010
NJ-503,"Camden City & County/Gloucester, Cape May, Cumberland Counties CoC",2014,846.92,651.77,1695,1593,102,2014,2010
NJ-503,"Camden City & County/Gloucester, Cape May, Cumberland Counties CoC",2015,860.08,656.14,1089,954,135,2015,2010
NJ-503,"Camden City & County/Gloucester, Cape May, Cumberland Counties CoC",2016,873.25,673.61,1068,829,239,2016,2010
NJ-503,"Camden City & County/Gloucester, Cape May, Cumberland Counties CoC",2017,890.3,692.45,938,811,127,2017,2010
NJ-503,"Camden City & County/Gloucester, Cape May, Cumberland Counties CoC",2018,923.71,711.16,999,854,145,2018,2010
NJ-503,"Camden City & County/Gloucester, Cape May, Cumberland Counties CoC",2019,961.78,737.83,979,760,219,2019,2010
NJ-503,"Camden City & County/Gloucester, Cape May, Cumberland Counties CoC",2020,981.7,752.42,1047,800,247,2020,2020
NJ-503,"Camden City & County/Gloucester, Cape May, Cumberland Counties CoC",2021,1031.29,783.16,935,826,109,2021,2020
NJ-503,"Camden City & County/Gloucester, Cape May, Cumberland Counties CoC",2022,1121.98,842.91,994,838,156,2022,2020
NJ-503,"Camden City & County/Gloucester, Cape May, Cumberland Counties CoC",2023,1193.78,870.45,1167,968,199,2023,2020
NJ-503,"Camden City & County/Gloucester, Cape May, Cumberland Counties CoC",2024,1244.27,888.56,1359,1125,234,2024,2020
NJ-504,Newark/Essex County CoC,2010,860.0,655.53,1716,1497,219,2010,2010
NJ-504,Newark/Essex County CoC,2011,888.39,685.27,1505,1418,87,2011,2010
NJ-504,Newark/Essex County CoC,2012,905.41,691.46,1504,1335,169,2012,2010
NJ-504,Newark/Essex County CoC,2013,918.66,702.79,1646,1482,164,2013,2010
NJ-504,Newark/Essex County CoC,2014,928.2,714.87,1483,1260,223,2014,2010
NJ-504,Newark/Essex County CoC,2015,940.82,718.14,1610,1448,162,2015,2010
NJ-504,Newark/Essex County CoC,2016,957.63,724.58,1779,1336,443,2016,2010
NJ-504,Newark/Essex County CoC,2017,987.88,745.94,2048,1620,428,2017,2010
NJ-504,Newark/Essex County CoC,2018,1026.64,764.94,2228,1832,396,2018,2010
NJ-504,Newark/Essex County CoC,2019,1073.82,790.36,2235,1897,338,2019,2010
NJ-504,Newark/Essex County CoC,2020,1109.21,812.11,2209,1796,413,2020,2020
NJ-504,Newark/Essex County CoC,2021,1164.35,849.52,1888,1797,91,2021,2020
NJ-504,Newark/Essex County CoC,2022,1272.6,922.44,1914,1765,149,2022,2020
NJ-504,Newark/Essex County CoC,2023,1324.59,942.65,1594,1469,125,2023,2020
NJ-504,Newark/Essex County CoC,2024,1389.56,986.76,2451,2167,284,2024,2020
NJ-506,"Jersey City, Bayonne/Hudson County CoC",2010,996.69,693.48,1779,1597,182,2010,2010
NJ-506,"Jersey City, Bayonne/Hudson County CoC",2011,1030.68,723.44,1536,1427,109,2011,2010
NJ-506,"Jersey City, Bayonne/Hudson County CoC",2012,1064.13,743.42,2087,1793,294,2012,2010
NJ-506,"Jersey City, Bayonne/Hudson County CoC",2013,1082.89,773.43,942,657,285,2013,2010
NJ-506,"Jersey City, Bayonne/Hudson County CoC",2014,1105.7,790.08,821,655,166,2014,2010
NJ-506,"Jersey City, Bayonne/Hudson County CoC",2015,1148.86,804.35,917,748,169,2015,2010
NJ-506,"Jersey City, Bayonne/Hudson County CoC",2016,1190.67,825.4,829,603,226,2016,2010
NJ-506,"Jersey City, Bayonne/Hudson County CoC",2017,1227.41,842.42,822,638,184,2017,2010
NJ-506,"Jersey City, Bayonne/Hudson County CoC",2018,1289.15,870.15,860,617,243,2018,2010
NJ-506,"Jersey City, Bayonne/Hudson County CoC",2019,1352.54,895.71,890,623,267,2019,2010
NJ-506,"Jersey City, Bayonne/Hudson County CoC",2020,1430.79,936.55,944,646,298,2020,2020
NJ-506,"Jersey City, Bayonne/Hudson County CoC",2021,1527.2,988.21,882,726,156,2021,2020
NJ-506,"Jersey City, Bayonne/Hudson County CoC",2022,1673.84,1079.07,665,522,143,2022,2020
NJ-506,"Jersey City, Bayonne/Hudson County CoC",2023,1765.79,1131.22,920,697,223,2023,2020
NJ-506,"Jersey City, Bayonne/Hudson County CoC",2024,1857.68,1181.22,1168,956,212,2024,2020
NJ-507,New Brunswick/Middlesex County CoC,2010,1080.61,870.77,1535,1353,182,2010,2010
NJ-507,New Brunswick/Middlesex County CoC,2011,1114.97,903.23,930,838,92,2011,2010
NJ-507,New Brunswick/Middlesex County CoC,2012,1147.53,919.84,1145,833,312,2012,2010
NJ-507,New Brunswick/Middlesex County CoC,2013,1164.71,939.96,1031,788,243,2013,2010
NJ-507,New Brunswick/Middlesex County CoC,2014,1187.48,953.79,802,700,102,2014,2010
NJ-507,New Brunswick/Middlesex County CoC,2015,1199.77,962.88,604,528,76,2015,2010
NJ-507,New Brunswick/Middlesex County CoC,2016,1238.63,981.03,457,373,84,2016,2010
NJ-507,New Brunswick/Middlesex County CoC,2017,1277.05,1017.85,546,421,125,2017,2010
NJ-507,New Brunswick/Middlesex County CoC,2018,1326.18,1048.62,597,466,131,2018,2010
NJ-507,New Brunswick/Middlesex County CoC,2019,1360.11,1077.39,620,485,135,2019,2010
NJ-507,New Brunswick/Middlesex County CoC,2020,1381.27,1096.69,666,565,101,2020,2020
NJ-507,New Brunswick/Middlesex County CoC,2021,1455.65,1162.14,628,491,137,2021,2020
NJ-507,New Brunswick/Middlesex County CoC,2022,1574.63,1258.21,586,499,87,2022,2020
NJ-507,New Brunswick/Middlesex County CoC,2023,1652.01,1300.7,660,523,137,2023,2020
NJ-507,New Brunswick/Middlesex County CoC,2024,1720.71,1343.76,689,540,149,2024,2020
NJ-508,Monmouth County CoC,2010,1028.75,805.33,604,576,28,2010,2010
NJ-508,Monmouth County CoC,2011,1055.89,823.38,559,539,20,2011,2010
NJ-508,Monmouth County CoC,2012,1090.06,850.62,650,595,55,2012,2010
NJ-508,Monmouth County CoC,2013,1112.33,867.12,918,882,36,2013,2010
NJ-508,Monmouth County CoC,2014,1144.37,875.37,588,576,12,2014,2010
NJ-508,Monmouth County CoC,2015,1159.12,871.2,456,420,36,2015,2010
NJ-508,Monmouth County CoC,2016,1203.01,903.34,344,299,45,2016,2010
NJ-508,Monmouth County CoC,2017,1243.04,923.68,299,255,44,2017,2010
NJ-508,Monmouth County CoC,2018,1277.65,956.57,335,263,72,2018,2010
NJ-508,Monmouth County CoC,2019,1310.68,991.46,359,305,54,2019,2010
NJ-508,Monmouth County CoC,2020,1355.44,1020.95,399,340,59,2020,2020
NJ-508,Monmouth County CoC,2021,1443.65,1068.62,322,296,26,2021,2020
NJ-508,Monmouth County CoC,2022,1562.57,1128.75,453,430,23,2022,2020
NJ-508,Monmouth County CoC,2023,1638.64,1193.72,483,444,39,2023,2020
NJ-508,Monmouth County CoC,2024,1709.71,1215.94,497,428,69,2024,2020
NJ-509,Morris County CoC,2010,1177.87,923.18,297,240,57,2010,2010
NJ-509,Morris County CoC,2011,1229.79,950.53,446,364,82,2011,2010
NJ-509,Morris County CoC,2012,1263.16,971.12,281,209,72,2012,2010
NJ-509,Morris County CoC,2013,1279.61,979.52,346,299,47,2013,2010
NJ-509,Morris County CoC,2014,1297.47,988.31,389,359,30,2014,2010
NJ-509,Morris County CoC,2015,1312.25,987.22,384,350,34,2015,2010
NJ-509,Morris County CoC,2016,1343.77,1008.54,410,376,34,2016,2010
NJ-509,Morris County CoC,2017,1384.95,1037.12,378,351,27,2017,2010
NJ-509,Morris County CoC,2018,1462.54,1082.7,398,363,35,2018,2010
NJ-509,Morris County CoC,2019,1505.0,1114.47,388,346,42,2019,2010
NJ-509,Morris County CoC,2020,1578.41,1153.7,354,325,29,2020,2020
NJ-509,Morris County CoC,2021,1672.85,1211.33,268,234,34,2021,2020
NJ-509,Morris County CoC,2022,1805.2,1300.28,351,338,13,2022,2020
NJ-509,Morris County CoC,2023,1870.37,1353.66,465,436,29,2023,2020
NJ-509,Morris County CoC,2024,1928.41,1393.87,680,589,91,2024,2020
NJ-510,Lakewood Township/Ocean County CoC,2010,1090.72,840.79,590,542,48,2010,2010
NJ-510,Lakewood Township/Ocean County CoC,2011,1098.75,855.99,545,498,47,2011,2010
NJ-510,Lakewood Township/Ocean County CoC,2012,1102.93,869.69,649,598,51,2012,2010
NJ-510,Lakewood Township/Ocean County CoC,2013,1106.36,879.33,682,589,93,2013,2010
NJ-510,Lakewood Township/Ocean County CoC,2014,1136.24,902.05,627,569,58,2014,2010
NJ-510,Lakewood Township/Ocean County CoC,2015,1128.69,882.71,605,588,17,2015,2010
NJ-510,Lakewood Township/Ocean County CoC,2016,1139.65,898.97,429,375,54,2016,2010
NJ-510,Lakewood Township/Ocean County CoC,2017,1189.17,931.09,224,181,43,2017,2010
NJ-510,Lakewood Township/Ocean County CoC,2018,1227.51,963.59,354,252,102,2018,2010
NJ-510,Lakewood Township/Ocean County CoC,2019,1246.25,971.93,305,275,30,2019,2010
NJ-510,Lakewood Township/Ocean County CoC,2020,1289.25,1003.28,349,324,25,2020,2020
NJ-510,Lakewood Township/Ocean County CoC,2021,1336.74,1052.86,369,354,15,2021,2020
NJ-510,Lakewood Township/Ocean County CoC,2022,1431.35,1128.08,419,406,13,2022,2020
NJ-510,Lakewood Township/Ocean County CoC,2023,1497.73,1163.04,434,399,35,2023,2020
NJ-510,Lakewood Township/Ocean County CoC,2024,1563.11,1188.74,553,516,37,2024,2020
NJ-511,Paterson/Passaic County CoC,2010,926.47,733.93,698,533,165,2010,2010
NJ-511,Paterson/Passaic County CoC,2011,960.33,750.83,847,501,346,2011,2010
NJ-511,Paterson/Passaic County CoC,2012,978.29,755.27,518,418,100,2012,2010
NJ-511,Paterson/Passaic County CoC,2013,997.45,798.11,440,386,54,2013,2010
NJ-511,Paterson/Passaic County CoC,2014,1019.87,810.88,376,372,4,2014,2010
NJ-511,Paterson/Passaic County CoC,2015,1037.61,822.29,459,429,30,2015,2010
NJ-511,Paterson/Passaic County CoC,2016,1066.73,844.51,432,396,36,2016,2010
NJ-511,Paterson/Passaic County CoC,2017,1092.46,862.94,449,360,89,2017,2010
NJ-511,Paterson/Passaic County CoC,2018,1133.38,893.36,434,322,112,2018,2010
NJ-511,Paterson/Passaic County CoC,2019,1155.76,911.75,391,274,117,2019,2010
NJ-511,Paterson/Passaic County CoC,2020,1176.71,922.43,583,393,190,2020,2020
NJ-511,Paterson/Passaic County CoC,2021,1241.56,958.83,324,251,73,2021,2020
NJ-511,Paterson/Passaic County CoC,2022,1337.55,1031.94,374,288,86,2022,2020
NJ-511,Paterson/Passaic County CoC,2023,1389.36,1059.56,392,337,55,2023,2020
NJ-511,Paterson/Passaic County CoC,2024,1447.88,1076.77,710,616,94,2024,2020
NJ-512,Salem County CoC,2010,690.66,507.2,146,146,0,2010,2010
NJ-512,Salem County CoC,2011,747.19,533.63,80,51,29,2011,2010
NJ-512,Salem County CoC,2012,767.95,586.26,78,49,29,2012,2010
NJ-512,Salem County CoC,2013,810.3,650.26,44,40,4,2013,2010
NJ-512,Salem County CoC,2014,809.52,659.06,42,38,4,2014,2010
NJ-512,Salem County CoC,2015,782.62,633.22,38,37,1,2015,2010
NJ-512,Salem County CoC,2016,779.65,637.01,,,,2016,2010
NJ-512,Salem County CoC,2017,779.9,577.05,16,13,3,2017,2010
NJ-512,Salem County CoC,2018,813.91,599.63,49,44,5,2018,2010
NJ-512,Salem County CoC,2019,824.42,595.42,29,29,0,2019,2010
NJ-512,Salem County CoC,2020,831.58,562.93,32,22,10,2020,2020
NJ-512,Salem County CoC,2021,857.21,586.8,18,11,7,2021,2020
NJ-512,Salem County CoC,2022,918.7,622.26,20,16,4,2022,2020
NJ-512,Salem County CoC,2023,948.96,644.85,67,13,54,2023,2020
NJ-512,Salem County CoC,2024,1002.56,644.71,83,22,61,2024,2020
NJ-513,Somerset County CoC,2010,1196.72,934.8,310,296,14,2010,2010
NJ-513,Somerset County CoC,2011,1245.73,966.38,387,385,2,2011,2010
NJ-513,Somerset County CoC,2012,1225.99,975.29,295,272,23,2012,2010
NJ-513,Somerset County CoC,2013,1237.37,984.45,312,304,8,2013,2010
NJ-513,Somerset County CoC,2014,1302.21,1025.37,323,310,13,2014,2010
NJ-513,Somerset County CoC,2015,1309.36,1020.44,342,337,5,2015,2010
NJ-513,Somerset County CoC,2016,1358.0,1052.25,218,209,9,2016,2010
NJ-513,Somerset County CoC,2017,1411.95,1087.26,244,239,5,2017,2010
NJ-513,Somerset County CoC,2018,1452.73,1126.5,218,212,6,2018,2010
NJ-513,Somerset County CoC,2019,1477.73,1149.2,301,295,6,2019,2010
NJ-513,Somerset County CoC,2020,1512.47,1183.18,342,332,10,2020,2020
NJ-513,Somerset County CoC,2021,1599.36,1249.14,226,226,0,2021,2020
NJ-513,Somerset County CoC,2022,1698.35,1333.13,220,217,3,2022,2020
NJ-513,Somerset County CoC,2023,1800.0,1392.32,338,333,5,2023,2020
NJ-513,Somerset County CoC,2024,1899.5,1475.33,454,453,1,2024,2020
NJ-514,Trenton/Mercer County CoC,2010,918.16,697.8,901,774,127,2010,2010
NJ-514,Trenton/Mercer County CoC,2011,944.93,714.69,843,792,51,2011,2010
NJ-514,Trenton/Mercer County CoC,2012,964.05,716.84,1009,903,106,2012,2010
NJ-514,Trenton/Mercer County CoC,2013,985.74,739.41,668,601,67,2013,2010
NJ-514,Trenton/Mercer County CoC,2014,1015.44,751.55,632,594,38,2014,2010
NJ-514,Trenton/Mercer County CoC,2015,1021.97,741.99,600,495,105,2015,2010
NJ-514,Trenton/Mercer County CoC,2016,1047.39,752.78,465,421,44,2016,2010
NJ-514,Trenton/Mercer County CoC,2017,1085.66,783.81,478,394,84,2017,2010
NJ-514,Trenton/Mercer County CoC,2018,1130.23,802.48,479,416,63,2018,2010
NJ-514,Trenton/Mercer County CoC,2019,1155.26,819.82,448,364,84,2019,2010
NJ-514,Trenton/Mercer County CoC,2020,1244.15,860.01,556,451,105,2020,2020
NJ-514,Trenton/Mercer County CoC,2021,1276.14,897.84,393,393,0,2021,2020
NJ-514,Trenton/Mercer County CoC,2022,1372.24,944.88,533,439,94,2022,2020
NJ-514,Trenton/Mercer County CoC,2023,1422.22,981.35,714,583,131,2023,2020
NJ-514,Trenton/Mercer County CoC,2024,1526.46,1039.22,934,787,147,2024,2020
NJ-515,Elizabeth/Union County CoC,2010,976.07,765.54,1212,1194,18,2010,2010
NJ-515,Elizabeth/Union County CoC,2011,997.24,787.55,1471,1386,85,2011,2010
NJ-515,Elizabeth/Union County CoC,2012,1020.21,806.01,1456,1406,50,2012,2010
NJ-515,Elizabeth/Union County CoC,2013,1040.13,821.69,1648,1601,47,2013,2010
NJ-515,Elizabeth/Union County CoC,2014,1053.05,826.83,1679,1631,48,2014,2010
NJ-515,Elizabeth/Union County CoC,2015,1060.84,832.04,504,421,83,2015,2010
NJ-515,Elizabeth/Union County CoC,2016,1074.63,841.1,513,451,62,2016,2010
NJ-515,Elizabeth/Union County CoC,2017,1105.28,860.49,480,425,55,2017,2010
NJ-515,Elizabeth/Union County CoC,2018,1154.6,903.06,478,437,41,2018,2010
NJ-515,Elizabeth/Union County CoC,2019,1199.41,923.95,437,398,39,2019,2010
NJ-515,Elizabeth/Union County CoC,2020,1249.5,951.44,484,419,65,2020,2020
NJ-515,Elizabeth/Union County CoC,2021,1309.95,994.86,571,557,14,2021,2020
NJ-515,Elizabeth/Union County CoC,2022,1438.33,1077.21,675,618,57,2022,2020
NJ-515,Elizabeth/Union County CoC,2023,1534.52,1136.72,848,804,44,2023,2020
NJ-515,Elizabeth/Union County CoC,2024,1608.84,1169.98,996,926,70,2024,2020
NJ-516,"Warren, Sussex, Hunterdon Counties CoC",2010,928.26,748.13,551,520,31,2010,2010
NJ-516,"Warren, Sussex, Hunterdon Counties CoC",2011,972.3,760.51,472,452,20,2011,2010
NJ-516,"Warren, Sussex, Hunterdon Counties CoC",2012,987.4,782.75,230,189,41,2012,2010
NJ-516,"Warren, Sussex, Hunterdon Counties CoC",2013,1006.76,787.13,271,233,38,2013,2010
NJ-516,"Warren, Sussex, Hunterdon Counties CoC",2014,1043.26,799.87,279,266,13,2014,2010
NJ-516,"Warren, Sussex, Hunterdon Counties CoC",2015,1046.36,808.92,255,249,6,2015,2010
NJ-516,"Warren, Sussex, Hunterdon Counties CoC",2016,1052.7,820.01,253,235,18,2016,2010
NJ-516,"Warren, Sussex, Hunterdon Counties CoC",2017,1079.13,842.37,286,244,42,2017,2010
NJ-516,"Warren, Sussex, Hunterdon Counties CoC",2018,1115.54,876.92,338,276,62,2018,2010
NJ-516,"Warren, Sussex, Hunterdon Counties CoC",2019,1151.19,900.69,334,306,28,2019,2010
NJ-516,"Warren, Sussex, Hunterdon Counties CoC",2020,1174.29,894.52,349,308,41,2020,2020
NJ-516,"Warren, Sussex, Hunterdon Counties CoC",2021,1201.17,926.65,229,207,22,2021,2020
NJ-516,"Warren, Sussex, Hunterdon Counties CoC",2022,1315.51,1012.9,314,303,11,2022,2020
NJ-516,"Warren, Sussex, Hunterdon Counties CoC",2023,1360.28,1038.05,419,395,24,2023,2020
NJ-516,"Warren, Sussex, Hunterdon Counties CoC",2024,1409.52,1053.11,404,354,50,2024,2020
NM-500,Albuquerque CoC,2010,639.55,493.83,2002,1071,931,2010,2010
NM-500,Albuquerque CoC,2011,661.65,509.82,1639,1252,387,2011,2010
NM-500,Albuquerque CoC,2012,679.49,523.16,1431,1044,387,2012,2010
NM-500,Albuquerque CoC,2013,699.51,531.76,1171,1027,144,2013,2010
NM-500,Albuquerque CoC,2014,708.89,538.02,1254,1110,144,2014,2010
NM-500,Albuquerque CoC,2015,710.16,536.89,1287,1104,183,2015,2010
NM-500,Albuquerque CoC,2016,729.03,549.08,1222,1039,183,2016,2010
NM-500,Albuquerque CoC,2017,748.58,564.38,1318,934,384,2017,2010
NM-500,Albuquerque CoC,2018,772.1,581.26,1340,956,384,2018,2010
NM-500,Albuquerque CoC,2019,792.61,600.49,1524,957,567,2019,2010
NM-500,Albuquerque CoC,2020,816.27,614.19,1586,1019,567,2020,2020
NM-500,Albuquerque CoC,2021,860.09,642.2,1567,1154,413,2021,2020
NM-500,Albuquerque CoC,2022,921.32,699.54,1277,1114,163,2022,2020
NM-500,Albuquerque CoC,2023,991.92,741.1,2394,1417,977,2023,2020
NM-500,Albuquerque CoC,2024,1049.47,776.34,2740,1509,1231,2024,2020
NM-501,New Mexico Balance of State CoC,2010,567.35,367.99,1473,1037,436,2010,2010
NM-501,New Mexico Balance of State CoC,2011,587.4,385.51,1962,1501,461,2011,2010
NM-501,New Mexico Balance of State CoC,2012,612.51,404.14,1814,1353,461,2012,2010
NM-501,New Mexico Balance of State CoC,2013,630.43,414.35,1648,1364,284,2013,2010
NM-501,New Mexico Balance of State CoC,2014,644.13,426.12,1492,1208,284,2014,2010
NM-501,New Mexico Balance of State CoC,2015,652.66,436.15,1342,1071,271,2015,2010
NM-501,New Mexico Balance of State CoC,2016,666.12,447.13,1041,770,271,2016,2010
NM-501,New Mexico Balance of State CoC,2017,676.27,455.52,1164,752,412,2017,2010
NM-501,New Mexico Balance of State CoC,2018,694.04,467.07,1211,799,412,2018,2010
NM-501,New Mexico Balance of State CoC,2019,712.6,474.7,1717,1025,692,2019,2010
NM-501,New Mexico Balance of State CoC,2020,731.95,486.27,1747,1055,692,2020,2020
NM-501,New Mexico Balance of State CoC,2021,766.87,502.35,1180,818,362,2021,2020
NM-501,New Mexico Balance of State CoC,2022,827.19,538.8,1283,892,391,2022,2020
NM-501,New Mexico Balance of State CoC,2023,866.68,561.3,1448,825,623,2023,2020
NM-501,New Mexico Balance of State CoC,2024,904.55,576.42,1891,880,1011,2024,2020
NV-500,Las Vegas/Clark County CoC,2010,913.2,700.0,9949,7004,2945,2010,2010
NV-500,Las Vegas/Clark County CoC,2011,922.26,701.75,8003,3762,4241,2011,2010
NV-500,Las Vegas/Clark County CoC,2012,908.94,684.74,7323,3082,4241,2012,2010
NV-500,Las Vegas/Clark County CoC,2013,889.54,676.8,5952,2920,3032,2013,2010
NV-500,Las Vegas/Clark County CoC,2014,882.4,668.89,7443,3949,3494,2014,2010
NV-500,Las Vegas/Clark County CoC,2015,872.01,662.12,7509,3593,3916,2015,2010
NV-500,Las Vegas/Clark County CoC,2016,881.07,670.98,6208,2477,3731,2016,2010
NV-500,Las Vegas/Clark County CoC,2017,908.12,694.98,6490,2137,4353,2017,2010
NV-500,Las Vegas/Clark County CoC,2018,944.76,717.56,6083,2199,3884,2018,2010
NV-500,Las Vegas/Clark County CoC,2019,990.99,758.25,5530,2213,3317,2019,2010
NV-500,Las Vegas/Clark County CoC,2020,1043.2,795.14,5283,1822,3461,2020,2020
NV-500,Las Vegas/Clark County CoC,2021,1119.28,852.23,5083,2289,2794,2021,2020
NV-500,Las Vegas/Clark County CoC,2022,1245.39,949.52,5645,2778,2867,2022,2020
NV-500,Las Vegas/Clark County CoC,2023,1350.29,1029.93,6566,2654,3912,2023,2020
NV-500,Las Vegas/Clark County CoC,2024,1439.35,1083.57,7906,3704,4202,2024,2020
NV-501,"Reno, Sparks/Washoe County CoC",2010,825.23,608.61,934,695,239,2010,2010
NV-501,"Reno, Sparks/Washoe County CoC",2011,838.8,612.45,850,675,175,2011,2010
NV-501,"Reno, Sparks/Washoe County CoC",2012,830.35,608.14,869,705,164,2012,2010
NV-501,"Reno, Sparks/Washoe County CoC",2013,827.82,598.22,746,657,89,2013,2010
NV-501,"Reno, Sparks/Washoe County CoC",2014,832.11,597.29,769,672,97,2014,2010
NV-501,"Reno, Sparks/Washoe County CoC",2015,833.16,595.96,907,794,113,2015,2010
NV-501,"Reno, Sparks/Washoe County CoC",2016,851.59,613.87,989,869,120,2016,2010
NV-501,"Reno, Sparks/Washoe County CoC",2017,880.17,634.82,1106,1026,80,2017,2010
NV-501,"Reno, Sparks/Washoe County CoC",2018,930.1,666.12,1192,1008,184,2018,2010
NV-501,"Reno, Sparks/Washoe County CoC",2019,983.64,708.41,1256,1030,226,2019,2010
NV-501,"Reno, Sparks/Washoe County CoC",2020,1054.29,757.09,1231,772,459,2020,2020
NV-501,"Reno, Sparks/Washoe County CoC",2021,1145.48,820.34,1708,928,780,2021,2020
NV-501,"Reno, Sparks/Washoe County CoC",2022,1305.06,944.56,1605,1188,417,2022,2020
NV-501,"Reno, Sparks/Washoe County CoC",2023,1409.5,1002.12,1690,1361,329,2023,2020
NV-501,"Reno, Sparks/Washoe County CoC",2024,1484.89,1074.88,1760,1397,363,2024,2020
NV-502,Nevada Balance of State CoC,2010,689.71,510.23,322,149,173,2010,2010
NV-502,Nevada Balance of State CoC,2011,708.76,524.36,297,108,189,2011,2010
NV-502,Nevada Balance of State CoC,2012,704.29,517.37,305,183,122,2012,2010
NV-502,Nevada Balance of State CoC,2013,715.0,518.79,341,121,220,2013,2010
NV-502,Nevada Balance of State CoC,2014,714.64,522.78,370,176,194,2014,2010
NV-502,Nevada Balance of State CoC,2015,715.23,525.88,327,141,186,2015,2010
NV-502,Nevada Balance of State CoC,2016,715.96,527.34,201,125,76,2016,2010
NV-502,Nevada Balance of State CoC,2017,738.98,544.18,237,92,145,2017,2010
NV-502,Nevada Balance of State CoC,2018,748.71,561.05,269,98,171,2018,2010
NV-502,Nevada Balance of State CoC,2019,788.03,579.82,383,119,264,2019,2010
NV-502,Nevada Balance of State CoC,2020,812.89,586.25,386,97,289,2020,2020
NV-502,Nevada Balance of State CoC,2021,875.43,627.77,299,76,223,2021,2020
NV-502,Nevada Balance of State CoC,2022,970.08,683.6,368,85,283,2022,2020
NV-502,Nevada Balance of State CoC,2023,1005.36,714.5,410,96,314,2023,2020
NV-502,Nevada Balance of State CoC,2024,1079.74,744.66,440,91,349,2024,2020
NY-500,"Rochester, Irondequoit, Greece/Monroe County CoC",2010,652.07,518.91,709,705,4,2010,2010
NY-500,"Rochester, Irondequoit, Greece/Monroe County CoC",2011,671.51,529.36,694,694,0,2011,2010
NY-500,"Rochester, Irondequoit, Greece/Monroe County CoC",2012,689.67,541.6,699,699,0,2012,2010
NY-500,"Rochester, Irondequoit, Greece/Monroe County CoC",2013,705.6,549.04,1007,883,124,2013,2010
NY-500,"Rochester, Irondequoit, Greece/Monroe County CoC",2014,715.91,561.89,838,787,51,2014,2010
NY-500,"Rochester, Irondequoit, Greece/Monroe County CoC",2015,720.41,562.29,762,727,35,2015,2010
NY-500,"Rochester, Irondequoit, Greece/Monroe County CoC",2016,740.71,576.95,860,791,69,2016,2010
NY-500,"Rochester, Irondequoit, Greece/Monroe County CoC",2017,772.88,596.64,817,752,65,2017,2010
NY-500,"Rochester, Irondequoit, Greece/Monroe County CoC",2018,800.32,614.79,835,779,56,2018,2010
NY-500,"Rochester, Irondequoit, Greece/Monroe County CoC",2019,813.87,627.46,849,814,35,2019,2010
NY-500,"Rochester, Irondequoit, Greece/Monroe County CoC",2020,841.19,643.58,815,771,44,2020,2020
NY-500,"Rochester, Irondequoit, Greece/Monroe County CoC",2021,889.98,673.95,521,488,33,2021,2020
NY-500,"Rochester, Irondequoit, Greece/Monroe County CoC",2022,963.87,729.09,748,706,42,2022,2020
NY-500,"Rochester, Irondequoit, Greece/Monroe County CoC",2023,1014.78,754.8,803,761,42,2023,2020
NY-500,"Rochester, Irondequoit, Greece/Monroe County CoC",2024,1058.76,788.89,1056,976,80,2024,2020
NY-501,"Elmira/Steuben, Allegany, Livingston, Chemung, Schuyler Counties CoC",2010,488.53,378.48,256,245,11,2010,2010
NY-501,"Elmira/Steuben, Allegany, Livingston, Chemung, Schuyler Counties CoC",2011,508.4,387.6,297,281,16,2011,2010
NY-501,"Elmira/Steuben, Allegany, Livingston, Chemung, Schuyler Counties CoC",2012,521.67,400.66,305,286,19,2012,2010
NY-501,"Elmira/Steuben, Allegany, Livingston, Chemung, Schuyler Counties CoC",2013,540.8,406.65,349,307,42,2013,2010
NY-501,"Elmira/Steuben, Allegany, Livingston, Chemung, Schuyler Counties CoC",2014,548.58,411.6,512,365,147,2014,2010
NY-501,"Elmira/Steuben, Allegany, Livingston, Chemung, Schuyler Counties CoC",2015,563.72,412.54,648,477,171,2015,2010
NY-501,"Elmira/Steuben, Allegany, Livingston, Chemung, Schuyler Counties CoC",2016,572.19,420.36,506,380,126,2016,2010
NY-501,"Elmira/Steuben, Allegany, Livingston, Chemung, Schuyler Counties CoC",2017,597.14,433.65,226,189,37,2017,2010
NY-501,"Elmira/Steuben, Allegany, Livingston, Chemung, Schuyler Counties CoC",2018,621.26,449.61,233,219,14,2018,2010
NY-501,"Elmira/Steuben, Allegany, Livingston, Chemung, Schuyler Counties CoC",2019,634.82,461.07,240,233,7,2019,2010
NY-501,"Elmira/Steuben, Allegany, Livingston, Chemung, Schuyler Counties CoC",2020,653.49,480.0,252,231,21,2020,2020
NY-501,"Elmira/Steuben, Allegany, Livingston, Chemung, Schuyler Counties CoC",2021,693.55,502.57,256,245,11,2021,2020
NY-501,"Elmira/Steuben, Allegany, Livingston, Chemung, Schuyler Counties CoC",2022,740.14,531.4,497,487,10,2022,2020
NY-501,"Elmira/Steuben, Allegany, Livingston, Chemung, Schuyler Counties CoC",2023,755.56,548.34,594,575,19,2023,2020
NY-501,"Elmira/Steuben, Allegany, Livingston, Chemung, Schuyler Counties CoC",2024,776.37,563.97,686,648,38,2024,2020
NY-503,Albany City & County CoC,2010,706.53,532.32,650,612,38,2010,2010
NY-503,Albany City & County CoC,2011,735.05,558.1,641,608,33,2011,2010
NY-503,Albany City & County CoC,2012,748.94,563.47,590,562,28,2012,2010
NY-503,Albany City & County CoC,2013,768.84,578.46,728,709,19,2013,2010
NY-503,Albany City & County CoC,2014,787.16,603.75,650,621,29,2014,2010
NY-503,Albany City & County CoC,2015,796.58,613.29,597,577,20,2015,2010
NY-503,Albany City & County CoC,2016,813.53,624.66,748,722,26,2016,2010
NY-503,Albany City & County CoC,2017,849.07,647.55,802,777,25,2017,2010
NY-503,Albany City & County CoC,2018,879.58,669.55,835,800,35,2018,2010
NY-503,Albany City & County CoC,2019,907.27,706.46,750,716,34,2019,2010
NY-503,Albany City & County CoC,2020,937.1,714.88,820,766,54,2020,2020
NY-503,Albany City & County CoC,2021,990.46,757.44,723,674,49,2021,2020
NY-503,Albany City & County CoC,2022,1061.95,817.06,734,667,67,2022,2020
NY-503,Albany City & County CoC,2023,1136.27,842.91,889,788,101,2023,2020
NY-503,Albany City & County CoC,2024,1179.43,865.26,1011,838,173,2024,2020
NY-505,"Syracuse, Auburn/Onondaga, Oswego, Cayuga Counties CoC",2010,562.45,431.22,840,809,31,2010,2010
NY-505,"Syracuse, Auburn/Onondaga, Oswego, Cayuga Counties CoC",2011,583.45,444.7,834,810,24,2011,2010
NY-505,"Syracuse, Auburn/Onondaga, Oswego, Cayuga Counties CoC",2012,605.47,459.42,882,866,16,2012,2010
NY-505,"Syracuse, Auburn/Onondaga, Oswego, Cayuga Counties CoC",2013,619.11,475.3,994,941,53,2013,2010
NY-505,"Syracuse, Auburn/Onondaga, Oswego, Cayuga Counties CoC",2014,634.95,485.87,1024,1008,16,2014,2010
NY-505,"Syracuse, Auburn/Onondaga, Oswego, Cayuga Counties CoC",2015,648.28,501.04,922,906,16,2015,2010
NY-505,"Syracuse, Auburn/Onondaga, Oswego, Cayuga Counties CoC",2016,664.99,513.24,867,840,27,2016,2010
NY-505,"Syracuse, Auburn/Onondaga, Oswego, Cayuga Counties CoC",2017,690.51,527.24,798,770,28,2017,2010
NY-505,"Syracuse, Auburn/Onondaga, Oswego, Cayuga Counties CoC",2018,717.77,544.31,722,710,12,2018,2010
NY-505,"Syracuse, Auburn/Onondaga, Oswego, Cayuga Counties CoC",2019,743.04,562.25,732,719,13,2019,2010
NY-505,"Syracuse, Auburn/Onondaga, Oswego, Cayuga Counties CoC",2020,759.61,580.5,618,598,20,2020,2020
NY-505,"Syracuse, Auburn/Onondaga, Oswego, Cayuga Counties CoC",2021,797.02,601.56,469,457,12,2021,2020
NY-505,"Syracuse, Auburn/Onondaga, Oswego, Cayuga Counties CoC",2022,852.11,637.23,712,702,10,2022,2020
NY-505,"Syracuse, Auburn/Onondaga, Oswego, Cayuga Counties CoC",2023,907.77,677.28,924,895,29,2023,2020
NY-505,"Syracuse, Auburn/Onondaga, Oswego, Cayuga Counties CoC",2024,946.49,683.38,1192,1140,52,2024,2020
NY-507,Schenectady City & County CoC,2010,621.16,506.07,389,363,26,2010,2010
NY-507,Schenectady City & County CoC,2011,652.89,518.15,358,330,28,2011,2010
NY-507,Schenectady City & County CoC,2012,664.17,523.78,287,269,18,2012,2010
NY-507,Schenectady City & County CoC,2013,682.29,537.95,327,302,25,2013,2010
NY-507,Schenectady City & County CoC,2014,693.51,553.85,243,219,24,2014,2010
NY-507,Schenectady City & County CoC,2015,695.38,556.0,349,322,27,2015,2010
NY-507,Schenectady City & County CoC,2016,713.27,575.98,345,276,69,2016,2010
NY-507,Schenectady City & County CoC,2017,741.07,600.67,274,251,23,2017,2010
NY-507,Schenectady City & County CoC,2018,755.62,596.3,393,382,11,2018,2010
NY-507,Schenectady City & County CoC,2019,794.72,629.0,372,350,22,2019,2010
NY-507,Schenectady City & County CoC,2020,815.56,639.65,434,409,25,2020,2020
NY-507,Schenectady City & County CoC,2021,854.24,664.52,266,246,20,2021,2020
NY-507,Schenectady City & County CoC,2022,941.19,721.12,289,282,7,2022,2020
NY-507,Schenectady City & County CoC,2023,988.78,764.39,430,423,7,2023,2020
NY-507,Schenectady City & County CoC,2024,1023.84,785.35,362,344,18,2024,2020
NY-508,"Buffalo, Niagara Falls/Erie, Niagara, Orleans, Genesee, Wyoming Counties CoC",2010,528.05,392.15,1137,924,213,2010,2010
NY-508,"Buffalo, Niagara Falls/Erie, Niagara, Orleans, Genesee, Wyoming Counties CoC",2011,545.26,400.69,1156,968,188,2011,2010
NY-508,"Buffalo, Niagara Falls/Erie, Niagara, Orleans, Genesee, Wyoming Counties CoC",2012,563.54,411.77,1183,1067,116,2012,2010
NY-508,"Buffalo, Niagara Falls/Erie, Niagara, Orleans, Genesee, Wyoming Counties CoC",2013,577.2,422.22,1162,1048,114,2013,2010
NY-508,"Buffalo, Niagara Falls/Erie, Niagara, Orleans, Genesee, Wyoming Counties CoC",2014,590.41,431.29,1088,1021,67,2014,2010
NY-508,"Buffalo, Niagara Falls/Erie, Niagara, Orleans, Genesee, Wyoming Counties CoC",2015,597.11,437.14,919,858,61,2015,2010
NY-508,"Buffalo, Niagara Falls/Erie, Niagara, Orleans, Genesee, Wyoming Counties CoC",2016,612.3,445.12,962,905,57,2016,2010
NY-508,"Buffalo, Niagara Falls/Erie, Niagara, Orleans, Genesee, Wyoming Counties CoC",2017,640.71,459.25,925,907,18,2017,2010
NY-508,"Buffalo, Niagara Falls/Erie, Niagara, Orleans, Genesee, Wyoming Counties CoC",2018,668.99,479.51,957,942,15,2018,2010
NY-508,"Buffalo, Niagara Falls/Erie, Niagara, Orleans, Genesee, Wyoming Counties CoC",2019,699.82,497.52,924,891,33,2019,2010
NY-508,"Buffalo, Niagara Falls/Erie, Niagara, Orleans, Genesee, Wyoming Counties CoC",2020,726.41,517.57,872,839,33,2020,2020
NY-508,"Buffalo, Niagara Falls/Erie, Niagara, Orleans, Genesee, Wyoming Counties CoC",2021,760.55,540.33,663,663,0,2021,2020
NY-508,"Buffalo, Niagara Falls/Erie, Niagara, Orleans, Genesee, Wyoming Counties CoC",2022,839.38,589.65,856,834,22,2022,2020
NY-508,"Buffalo, Niagara Falls/Erie, Niagara, Orleans, Genesee, Wyoming Counties CoC",2023,881.76,617.32,1560,1529,31,2023,2020
NY-508,"Buffalo, Niagara Falls/Erie, Niagara, Orleans, Genesee, Wyoming Counties CoC",2024,926.86,648.64,1549,1528,21,2024,2020
NY-510,Ithaca/Tompkins County CoC,2010,770.7,577.24,73,63,10,2010,2010
NY-510,Ithaca/Tompkins County CoC,2011,796.58,594.97,68,53,15,2011,2010
NY-510,Ithaca/Tompkins County CoC,2012,833.83,606.88,68,53,15,2012,2010
NY-510,Ithaca/Tompkins County CoC,2013,866.61,633.05,47,39,8,2013,2010
NY-510,Ithaca/Tompkins County CoC,2014,893.99,660.12,47,35,12,2014,2010
NY-510,Ithaca/Tompkins County CoC,2015,923.64,681.24,88,72,16,2015,2010
NY-510,Ithaca/Tompkins County CoC,2016,941.56,715.66,86,56,30,2016,2010
NY-510,Ithaca/Tompkins County CoC,2017,985.56,728.01,73,53,20,2017,2010
NY-510,Ithaca/Tompkins County CoC,2018,1023.38,751.09,91,46,45,2018,2010
NY-510,Ithaca/Tompkins County CoC,2019,1090.23,798.17,171,171,0,2019,2010
NY-510,Ithaca/Tompkins County CoC,2020,1058.35,811.01,133,99,34,2020,2020
NY-510,Ithaca/Tompkins County CoC,2021,1163.02,829.15,144,123,21,2021,2020
NY-510,Ithaca/Tompkins County CoC,2022,1232.33,895.97,152,140,12,2022,2020
NY-510,Ithaca/Tompkins County CoC,2023,1278.18,920.77,273,262,11,2023,2020
NY-510,Ithaca/Tompkins County CoC,2024,1312.74,940.41,210,194,16,2024,2020
NY-511,"Binghamton, Union Town/Broome, Otsego, Chenango, Delaware, Cortland, Tioga Counties CoC",2010,506.22,392.73,234,223,11,2010,2010
NY-511,"Binghamton, Union Town/Broome, Otsego, Chenango, Delaware, Cortland, Tioga Counties CoC",2011,531.06,405.6,218,207,11,2011,2010
NY-511,"Binghamton, Union Town/Broome, Otsego, Chenango, Delaware, Cortland, Tioga Counties CoC",2012,550.49,419.38,292,281,11,2012,2010
NY-511,"Binghamton, Union Town/Broome, Otsego, Chenango, Delaware, Cortland, Tioga Counties CoC",2013,560.67,427.79,276,264,12,2013,2010
NY-511,"Binghamton, Union Town/Broome, Otsego, Chenango, Delaware, Cortland, Tioga Counties CoC",2014,580.26,442.0,309,270,39,2014,2010
NY-511,"Binghamton, Union Town/Broome, Otsego, Chenango, Delaware, Cortland, Tioga Counties CoC",2015,591.78,446.32,302,262,40,2015,2010
NY-511,"Binghamton, Union Town/Broome, Otsego, Chenango, Delaware, Cortland, Tioga Counties CoC",2016,602.52,457.5,276,248,28,2016,2010
NY-511,"Binghamton, Union Town/Broome, Otsego, Chenango, Delaware, Cortland, Tioga Counties CoC",2017,622.61,472.01,308,246,62,2017,2010
NY-511,"Binghamton, Union Town/Broome, Otsego, Chenango, Delaware, Cortland, Tioga Counties CoC",2018,637.66,498.53,244,166,78,2018,2010
NY-511,"Binghamton, Union Town/Broome, Otsego, Chenango, Delaware, Cortland, Tioga Counties CoC",2019,655.86,503.73,318,309,9,2019,2010
NY-511,"Binghamton, Union Town/Broome, Otsego, Chenango, Delaware, Cortland, Tioga Counties CoC",2020,674.95,513.18,317,301,16,2020,2020
NY-511,"Binghamton, Union Town/Broome, Otsego, Chenango, Delaware, Cortland, Tioga Counties CoC",2021,694.86,526.57,318,318,0,2021,2020
NY-511,"Binghamton, Union Town/Broome, Otsego, Chenango, Delaware, Cortland, Tioga Counties CoC",2022,769.48,574.06,483,416,67,2022,2020
NY-511,"Binghamton, Union Town/Broome, Otsego, Chenango, Delaware, Cortland, Tioga Counties CoC",2023,796.21,584.32,676,599,77,2023,2020
NY-511,"Binghamton, Union Town/Broome, Otsego, Chenango, Delaware, Cortland, Tioga Counties CoC",2024,811.99,611.73,800,732,68,2024,2020
NY-512,Troy/Rensselaer County CoC,2010,635.29,472.38,314,269,45,2010,2010
NY-512,Troy/Rensselaer County CoC,2011,660.85,484.15,267,190,77,2011,2010
NY-512,Troy/Rensselaer County CoC,2012,677.63,504.49,225,176,49,2012,2010
NY-512,Troy/Rensselaer County CoC,2013,713.96,529.76,188,142,46,2013,2010
NY-512,Troy/Rensselaer County CoC,2014,728.92,543.69,216,164,52,2014,2010
NY-512,Troy/Rensselaer County CoC,2015,744.73,563.17,189,147,42,2015,2010
NY-512,Troy/Rensselaer County CoC,2016,767.21,578.28,179,167,12,2016,2010
NY-512,Troy/Rensselaer County CoC,2017,790.12,607.32,194,175,19,2017,2010
NY-512,Troy/Rensselaer County CoC,2018,823.67,631.55,178,172,6,2018,2010
NY-512,Troy/Rensselaer County CoC,2019,859.7,657.71,199,189,10,2019,2010
NY-512,Troy/Rensselaer County CoC,2020,900.46,667.56,232,218,14,2020,2020
NY-512,Troy/Rensselaer County CoC,2021,941.96,706.1,173,158,15,2021,2020
NY-512,Troy/Rensselaer County CoC,2022,1020.1,742.32,148,134,14,2022,2020
NY-512,Troy/Rensselaer County CoC,2023,1078.66,767.88,156,133,23,2023,2020
NY-512,Troy/Rensselaer County CoC,2024,1105.91,790.21,270,245,25,2024,2020
NY-513,"Wayne, Ontario, Seneca, Yates Counties CoC",2010,553.79,422.97,75,75,0,2010,2010
NY-513,"Wayne, Ontario, Seneca, Yates Counties CoC",2011,577.32,432.15,111,111,0,2011,2010
NY-513,"Wayne, Ontario, Seneca, Yates Counties CoC",2012,596.66,443.51,121,121,0,2012,2010
NY-513,"Wayne, Ontario, Seneca, Yates Counties CoC",2013,602.82,456.84,171,171,0,2013,2010
NY-513,"Wayne, Ontario, Seneca, Yates Counties CoC",2014,621.17,470.86,92,92,0,2014,2010
NY-513,"Wayne, Ontario, Seneca, Yates Counties CoC",2015,635.05,479.64,187,187,0,2015,2010
NY-513,"Wayne, Ontario, Seneca, Yates Counties CoC",2016,646.28,486.62,58,58,0,2016,2010
NY-513,"Wayne, Ontario, Seneca, Yates Counties CoC",2017,663.58,501.2,337,326,11,2017,2010
NY-513,"Wayne, Ontario, Seneca, Yates Counties CoC",2018,693.1,509.17,182,163,19,2018,2010
NY-513,"Wayne, Ontario, Seneca, Yates Counties CoC",2019,714.93,520.57,205,204,1,2019,2010
NY-513,"Wayne, Ontario, Seneca, Yates Counties CoC",2020,722.99,527.05,301,294,7,2020,2020
NY-513,"Wayne, Ontario, Seneca, Yates Counties CoC",2021,764.45,552.09,309,309,0,2021,2020
NY-513,"Wayne, Ontario, Seneca, Yates Counties CoC",2022,847.4,588.58,372,371,1,2022,2020
NY-513,"Wayne, Ontario, Seneca, Yates Counties CoC",2023,875.11,595.16,426,425,1,2023,2020
NY-513,"Wayne, Ontario, Seneca, Yates Counties CoC",2024,885.78,616.41,426,426,0,2024,2020
NY-514,"Jamestown, Dunkirk/Chautauqua County CoC",2010,423.86,337.54,88,81,7,2010,2010
NY-514,"Jamestown, Dunkirk/Chautauqua County CoC",2011,436.1,352.28,57,56,1,2011,2010
NY-514,"Jamestown, Dunkirk/Chautauqua County CoC",2012,454.49,360.24,33,33,0,2012,2010
NY-514,"Jamestown, Dunkirk/Chautauqua County CoC",2013,463.88,372.55,62,61,1,2013,2010
NY-514,"Jamestown, Dunkirk/Chautauqua County CoC",2014,468.73,372.26,53,51,2,2014,2010
NY-514,"Jamestown, Dunkirk/Chautauqua County CoC",2015,475.82,376.17,29,29,0,2015,2010
NY-514,"Jamestown, Dunkirk/Chautauqua County CoC",2016,494.61,389.34,23,23,0,2016,2010
NY-514,"Jamestown, Dunkirk/Chautauqua County CoC",2017,502.93,398.31,83,80,3,2017,2010
NY-514,"Jamestown, Dunkirk/Chautauqua County CoC",2018,529.13,411.45,145,142,3,2018,2010
NY-514,"Jamestown, Dunkirk/Chautauqua County CoC",2019,539.66,428.33,96,96,0,2019,2010
NY-514,"Jamestown, Dunkirk/Chautauqua County CoC",2020,554.66,434.19,112,110,2,2020,2020
NY-514,"Jamestown, Dunkirk/Chautauqua County CoC",2021,575.46,445.0,107,107,0,2021,2020
NY-514,"Jamestown, Dunkirk/Chautauqua County CoC",2022,632.45,479.88,108,108,0,2022,2020
NY-514,"Jamestown, Dunkirk/Chautauqua County CoC",2023,649.96,506.05,136,134,2,2023,2020
NY-514,"Jamestown, Dunkirk/Chautauqua County CoC",2024,668.76,513.47,219,213,6,2024,2020
NY-518,"Utica, Rome/Oneida, Madison Counties CoC",2010,498.49,382.38,343,326,17,2010,2010
NY-518,"Utica, Rome/Oneida, Madison Counties CoC",2011,517.31,391.64,182,160,22,2011,2010
NY-518,"Utica, Rome/Oneida, Madison Counties CoC",2012,532.12,403.08,176,154,22,2012,2010
NY-518,"Utica, Rome/Oneida, Madison Counties CoC",2013,547.3,409.89,200,183,17,2013,2010
NY-518,"Utica, Rome/Oneida, Madison Counties CoC",2014,562.36,420.48,159,142,17,2014,2010
NY-518,"Utica, Rome/Oneida, Madison Counties CoC",2015,574.99,427.91,140,123,17,2015,2010
NY-518,"Utica, Rome/Oneida, Madison Counties CoC",2016,586.37,439.08,160,143,17,2016,2010
NY-518,"Utica, Rome/Oneida, Madison Counties CoC",2017,612.0,460.72,162,146,16,2017,2010
NY-518,"Utica, Rome/Oneida, Madison Counties CoC",2018,627.02,479.93,178,162,16,2018,2010
NY-518,"Utica, Rome/Oneida, Madison Counties CoC",2019,644.72,494.84,168,154,14,2019,2010
NY-518,"Utica, Rome/Oneida, Madison Counties CoC",2020,665.05,504.73,191,177,14,2020,2020
NY-518,"Utica, Rome/Oneida, Madison Counties CoC",2021,696.62,517.7,143,143,0,2021,2020
NY-518,"Utica, Rome/Oneida, Madison Counties CoC",2022,759.83,556.46,244,219,25,2022,2020
NY-518,"Utica, Rome/Oneida, Madison Counties CoC",2023,788.44,565.55,282,253,29,2023,2020
NY-518,"Utica, Rome/Oneida, Madison Counties CoC",2024,799.1,568.83,369,265,104,2024,2020
NY-519,"Columbia, Greene Counties CoC",2010,601.62,461.56,305,301,4,2010,2010
NY-519,"Columbia, Greene Counties CoC",2011,636.28,476.19,177,177,0,2011,2010
NY-519,"Columbia, Greene Counties CoC",2012,660.95,507.31,132,132,0,2012,2010
NY-519,"Columbia, Greene Counties CoC",2013,691.52,514.91,112,108,4,2013,2010
NY-519,"Columbia, Greene Counties CoC",2014,704.8,518.56,128,127,1,2014,2010
NY-519,"Columbia, Greene Counties CoC",2015,709.93,527.3,97,95,2,2015,2010
NY-519,"Columbia, Greene Counties CoC",2016,710.06,526.63,116,114,2,2016,2010
NY-519,"Columbia, Greene Counties CoC",2017,714.06,544.23,144,141,3,2017,2010
NY-519,"Columbia, Greene Counties CoC",2018,736.33,563.67,196,191,5,2018,2010
NY-519,"Columbia, Greene Counties CoC",2019,754.39,570.66,200,196,4,2019,2010
NY-519,"Columbia, Greene Counties CoC",2020,799.86,597.37,170,169,1,2020,2020
NY-519,"Columbia, Greene Counties CoC",2021,841.57,631.43,117,117,0,2021,2020
NY-519,"Columbia, Greene Counties CoC",2022,912.4,688.94,114,111,3,2022,2020
NY-519,"Columbia, Greene Counties CoC",2023,952.48,720.51,135,126,9,2023,2020
NY-519,"Columbia, Greene Counties CoC",2024,989.37,717.17,158,146,12,2024,2020
NY-520,"Franklin, Essex Counties CoC",2010,510.56,389.18,14,5,9,2010,2010
NY-520,"Franklin, Essex Counties CoC",2011,522.96,406.29,22,3,19,2011,2010
NY-520,"Franklin, Essex Counties CoC",2012,554.95,425.4,14,5,9,2012,2010
NY-520,"Franklin, Essex Counties CoC",2013,560.27,430.7,34,31,3,2013,2010
NY-520,"Franklin, Essex Counties CoC",2014,569.6,434.2,78,73,5,2014,2010
NY-520,"Franklin, Essex Counties CoC",2015,585.57,442.54,28,28,0,2015,2010
NY-520,"Franklin, Essex Counties CoC",2016,591.5,442.91,27,25,2,2016,2010
NY-520,"Franklin, Essex Counties CoC",2017,594.06,451.86,28,27,1,2017,2010
NY-520,"Franklin, Essex Counties CoC",2018,609.47,455.11,42,42,0,2018,2010
NY-520,"Franklin, Essex Counties CoC",2019,638.25,461.18,24,21,3,2019,2010
NY-520,"Franklin, Essex Counties CoC",2020,635.25,461.62,39,39,0,2020,2020
NY-520,"Franklin, Essex Counties CoC",2021,657.39,492.02,40,40,0,2021,2020
NY-520,"Franklin, Essex Counties CoC",2022,677.84,506.64,43,43,0,2022,2020
NY-520,"Franklin, Essex Counties CoC",2023,710.83,533.13,63,60,3,2023,2020
NY-520,"Franklin, Essex Counties CoC",2024,757.8,548.43,56,56,0,2024,2020
NY-522,"Jefferson, Lewis, St. Lawrence Counties CoC",2010,560.0,386.2,121,120,1,2010,2010
NY-522,"Jefferson, Lewis, St. Lawrence Counties CoC",2011,606.73,405.48,108,107,1,2011,2010
NY-522,"Jefferson, Lewis, St. Lawrence Counties CoC",2012,642.88,423.38,95,81,14,2012,2010
NY-522,"Jefferson, Lewis, St. Lawrence Counties CoC",2013,673.78,441.43,83,75,8,2013,2010
NY-522,"Jefferson, Lewis, St. Lawrence Counties CoC",2014,687.98,452.43,149,146,3,2014,2010
NY-522,"Jefferson, Lewis, St. Lawrence Counties CoC",2015,699.13,457.28,86,82,4,2015,2010
NY-522,"Jefferson, Lewis, St. Lawrence Counties CoC",2016,707.23,457.18,119,110,9,2016,2010
NY-522,"Jefferson, Lewis, St. Lawrence Counties CoC",2017,737.59,484.41,169,134,35,2017,2010
NY-522,"Jefferson, Lewis, St. Lawrence Counties CoC",2018,757.36,493.99,96,90,6,2018,2010
NY-522,"Jefferson, Lewis, St. Lawrence Counties CoC",2019,764.91,506.51,53,49,4,2019,2010
NY-522,"Jefferson, Lewis, St. Lawrence Counties CoC",2020,772.23,514.07,67,48,19,2020,2020
NY-522,"Jefferson, Lewis, St. Lawrence Counties CoC",2021,817.79,530.58,93,77,16,2021,2020
NY-522,"Jefferson, Lewis, St. Lawrence Counties CoC",2022,880.31,567.64,130,115,15,2022,2020
NY-522,"Jefferson, Lewis, St. Lawrence Counties CoC",2023,907.39,572.87,182,148,34,2023,2020
NY-522,"Jefferson, Lewis, St. Lawrence Counties CoC",2024,927.63,602.53,200,169,31,2024,2020
NY-523,"Glens Falls, Saratoga Springs/Saratoga, Washington, Warren, Hamilton Counties CoC",2010,682.14,517.17,186,157,29,2010,2010
NY-523,"Glens Falls, Saratoga Springs/Saratoga, Washington, Warren, Hamilton Counties CoC",2011,711.52,536.99,320,275,45,2011,2010
NY-523,"Glens Falls, Saratoga Springs/Saratoga, Washington, Warren, Hamilton Counties CoC",2012,739.18,573.03,299,262,37,2012,2010
NY-523,"Glens Falls, Saratoga Springs/Saratoga, Washington, Warren, Hamilton Counties CoC",2013,768.24,581.35,262,224,38,2013,2010
NY-523,"Glens Falls, Saratoga Springs/Saratoga, Washington, Warren, Hamilton Counties CoC",2014,793.65,597.31,262,255,7,2014,2010
NY-523,"Glens Falls, Saratoga Springs/Saratoga, Washington, Warren, Hamilton Counties CoC",2015,798.7,610.34,282,282,0,2015,2010
NY-523,"Glens Falls, Saratoga Springs/Saratoga, Washington, Warren, Hamilton Counties CoC",2016,854.92,622.36,268,252,16,2016,2010
NY-523,"Glens Falls, Saratoga Springs/Saratoga, Washington, Warren, Hamilton Counties CoC",2017,872.09,630.8,247,239,8,2017,2010
NY-523,"Glens Falls, Saratoga Springs/Saratoga, Washington, Warren, Hamilton Counties CoC",2018,892.21,656.1,257,234,23,2018,2010
NY-523,"Glens Falls, Saratoga Springs/Saratoga, Washington, Warren, Hamilton Counties CoC",2019,950.91,684.87,268,261,7,2019,2010
NY-523,"Glens Falls, Saratoga Springs/Saratoga, Washington, Warren, Hamilton Counties CoC",2020,955.37,692.7,308,297,11,2020,2020
NY-523,"Glens Falls, Saratoga Springs/Saratoga, Washington, Warren, Hamilton Counties CoC",2021,1003.0,734.69,237,230,7,2021,2020
NY-523,"Glens Falls, Saratoga Springs/Saratoga, Washington, Warren, Hamilton Counties CoC",2022,1070.6,798.66,222,219,3,2022,2020
NY-523,"Glens Falls, Saratoga Springs/Saratoga, Washington, Warren, Hamilton Counties CoC",2023,1114.69,815.07,332,327,5,2023,2020
NY-523,"Glens Falls, Saratoga Springs/Saratoga, Washington, Warren, Hamilton Counties CoC",2024,1152.9,838.55,529,515,14,2024,2020
NY-525,New York Balance of State CoC,2010,570.87,395.6,,,,2010,2010
NY-525,New York Balance of State CoC,2011,595.8,411.14,,,,2011,2010
NY-525,New York Balance of State CoC,2012,614.02,424.83,,,,2012,2010
NY-525,New York Balance of State CoC,2013,621.12,432.17,,,,2013,2010
NY-525,New York Balance of State CoC,2014,630.62,440.79,,,,2014,2010
NY-525,New York Balance of State CoC,2015,640.48,447.23,,,,2015,2010
NY-525,New York Balance of State CoC,2016,649.75,458.08,,,,2016,2010
NY-525,New York Balance of State CoC,2017,668.28,469.31,,,,2017,2010
NY-525,New York Balance of State CoC,2018,689.07,483.11,,,,2018,2010
NY-525,New York Balance of State CoC,2019,717.75,501.43,527,522,5,2019,2010
NY-525,New York Balance of State CoC,2020,719.62,506.86,463,442,21,2020,2020
NY-525,New York Balance of State CoC,2021,744.92,519.97,341,331,10,2021,2020
NY-525,New York Balance of State CoC,2022,806.75,558.16,606,565,41,2022,2020
NY-525,New York Balance of State CoC,2023,852.01,575.14,687,639,48,2023,2020
NY-525,New York Balance of State CoC,2024,878.3,600.74,948,884,64,2024,2020
NY-600,New York City CoC,2010,1023.12,659.64,53187,50076,3111,2010,2010
NY-600,New York City CoC,2011,1072.84,698.0,51123,48475,2648,2011,2010
NY-600,New York City CoC,2012,1113.2,720.27,56672,53410,3262,2012,2010
NY-600,New York City CoC,2013,1145.06,750.47,64060,60880,3180,2013,2010
NY-600,New York City CoC,2014,1175.29,774.89,67810,64453,3357,2014,2010
NY-600,New York City CoC,2015,1224.42,792.52,75323,72140,3183,2015,2010
NY-600,New York City CoC,2016,1265.3,816.36,73523,70685,2838,2016,2010
NY-600,New York City CoC,2017,1308.07,840.11,76501,72565,3936,2017,2010
NY-600,New York City CoC,2018,1365.41,874.68,78676,74965,3711,2018,2010
NY-600,New York City CoC,2019,1418.3,901.88,78604,74982,3622,2019,2010
NY-600,New York City CoC,2020,1472.17,928.78,77943,74039,3904,2020,2020
NY-600,New York City CoC,2021,1549.8,974.03,68358,65975,2383,2021,2020
NY-600,New York City CoC,2022,1676.62,1048.82,61840,58385,3455,2022,2020
NY-600,New York City CoC,2023,1748.27,1078.76,88025,83940,4085,2023,2020
NY-600,New York City CoC,2024,1796.38,1090.39,140134,135737,4397,2024,2020
NY-601,Poughkeepsie/Dutchess County CoC,2010,908.3,709.99,476,436,40,2010,2010
NY-601,Poughkeepsie/Dutchess County CoC,2011,944.73,722.91,435,421,14,2011,2010
NY-601,Poughkeepsie/Dutchess County CoC,2012,958.5,726.87,453,409,44,2012,2010
NY-601,Poughkeepsie/Dutchess County CoC,2013,976.41,749.73,397,384,13,2013,2010
NY-601,Poughkeepsie/Dutchess County CoC,2014,996.57,757.64,403,396,7,2014,2010
NY-601,Poughkeepsie/Dutchess County CoC,2015,997.26,754.86,375,360,15,2015,2010
NY-601,Poughkeepsie/Dutchess County CoC,2016,1007.03,766.31,385,363,22,2016,2010
NY-601,Poughkeepsie/Dutchess County CoC,2017,1038.91,794.34,388,379,9,2017,2010
NY-601,Poughkeepsie/Dutchess County CoC,2018,1060.48,794.11,399,390,9,2018,2010
NY-601,Poughkeepsie/Dutchess County CoC,2019,1098.26,824.36,533,523,10,2019,2010
NY-601,Poughkeepsie/Dutchess County CoC,2020,1126.75,838.86,591,581,10,2020,2020
NY-601,Poughkeepsie/Dutchess County CoC,2021,1184.22,870.51,536,516,20,2021,2020
NY-601,Poughkeepsie/Dutchess County CoC,2022,1271.07,954.72,636,616,20,2022,2020
NY-601,Poughkeepsie/Dutchess County CoC,2023,1366.34,994.17,691,672,19,2023,2020
NY-601,Poughkeepsie/Dutchess County CoC,2024,1422.77,1004.52,705,658,47,2024,2020
NY-602,"Newburgh, Middletown/Orange County CoC",2010,886.72,706.79,505,345,160,2010,2010
NY-602,"Newburgh, Middletown/Orange County CoC",2011,925.52,734.6,448,266,182,2011,2010
NY-602,"Newburgh, Middletown/Orange County CoC",2012,962.71,749.64,502,356,146,2012,2010
NY-602,"Newburgh, Middletown/Orange County CoC",2013,980.13,763.16,459,280,179,2013,2010
NY-602,"Newburgh, Middletown/Orange County CoC",2014,1005.43,773.66,421,299,122,2014,2010
NY-602,"Newburgh, Middletown/Orange County CoC",2015,1025.01,775.89,495,350,145,2015,2010
NY-602,"Newburgh, Middletown/Orange County CoC",2016,1032.92,779.61,343,323,20,2016,2010
NY-602,"Newburgh, Middletown/Orange County CoC",2017,1055.75,794.41,350,320,30,2017,2010
NY-602,"Newburgh, Middletown/Orange County CoC",2018,1107.36,811.6,480,438,42,2018,2010
NY-602,"Newburgh, Middletown/Orange County CoC",2019,1137.05,837.89,589,538,51,2019,2010
NY-602,"Newburgh, Middletown/Orange County CoC",2020,1177.45,847.55,471,388,83,2020,2020
NY-602,"Newburgh, Middletown/Orange County CoC",2021,1248.57,894.72,280,242,38,2021,2020
NY-602,"Newburgh, Middletown/Orange County CoC",2022,1358.19,975.68,339,319,20,2022,2020
NY-602,"Newburgh, Middletown/Orange County CoC",2023,1435.06,1030.97,491,426,65,2023,2020
NY-602,"Newburgh, Middletown/Orange County CoC",2024,1492.59,1068.01,779,666,113,2024,2020
NY-603,"Nassau, Suffolk Counties CoC",2010,1290.07,945.63,3163,3087,76,2010,2010
NY-603,"Nassau, Suffolk Counties CoC",2011,1316.55,971.31,3278,3166,112,2011,2010
NY-603,"Nassau, Suffolk Counties CoC",2012,1339.4,990.91,3359,3224,135,2012,2010
NY-603,"Nassau, Suffolk Counties CoC",2013,1352.4,998.72,3123,3006,117,2013,2010
NY-603,"Nassau, Suffolk Counties CoC",2014,1385.09,1021.6,3207,3143,64,2014,2010
NY-603,"Nassau, Suffolk Counties CoC",2015,1416.76,1030.45,3861,3756,105,2015,2010
NY-603,"Nassau, Suffolk Counties CoC",2016,1451.31,1051.67,3960,3845,115,2016,2010
NY-603,"Nassau, Suffolk Counties CoC",2017,1510.53,1084.71,3937,3873,64,2017,2010
NY-603,"Nassau, Suffolk Counties CoC",2018,1579.12,1140.09,3868,3816,52,2018,2010
NY-603,"Nassau, Suffolk Counties CoC",2019,1637.18,1176.03,3843,3797,46,2019,2010
NY-603,"Nassau, Suffolk Counties CoC",2020,1715.6,1227.6,3807,3753,54,2020,2020
NY-603,"Nassau, Suffolk Counties CoC",2021,1808.75,1306.42,3050,2912,138,2021,2020
NY-603,"Nassau, Suffolk Counties CoC",2022,1973.35,1388.65,3034,2959,75,2022,2020
NY-603,"Nassau, Suffolk Counties CoC",2023,2060.77,1447.87,3536,3337,199,2023,2020
NY-603,"Nassau, Suffolk Counties CoC",2024,2132.13,1484.9,4002,3793,209,2024,2020
NY-604,"Yonkers, Mount Vernon/Westchester County CoC",2010,1121.57,804.2,1339,1305,34,2010,2010
NY-604,"Yonkers, Mount Vernon/Westchester County CoC",2011,1160.83,827.45,1537,1495,42,2011,2010
NY-604,"Yonkers, Mount Vernon/Westchester County CoC",2012,1198.61,852.12,1741,1703,38,2012,2010
NY-604,"Yonkers, Mount Vernon/Westchester County CoC",2013,1227.61,881.15,2054,2032,22,2013,2010
NY-604,"Yonkers, Mount Vernon/Westchester County CoC",2014,1256.04,910.66,2138,2118,20,2014,2010
NY-604,"Yonkers, Mount Vernon/Westchester County CoC",2015,1275.69,916.25,1797,1770,27,2015,2010
NY-604,"Yonkers, Mount Vernon/Westchester County CoC",2016,1308.41,937.98,1750,1716,34,2016,2010
NY-604,"Yonkers, Mount Vernon/Westchester County CoC",2017,1351.44,972.21,1832,1785,47,2017,2010
NY-604,"Yonkers, Mount Vernon/Westchester County CoC",2018,1408.01,1002.34,1827,1783,44,2018,2010
NY-604,"Yonkers, Mount Vernon/Westchester County CoC",2019,1435.02,1015.12,1812,1780,32,2019,2010
NY-604,"Yonkers, Mount Vernon/Westchester County CoC",2020,1522.97,1035.75,1683,1616,67,2020,2020
NY-604,"Yonkers, Mount Vernon/Westchester County CoC",2021,1582.87,1100.11,1383,1287,96,2021,2020
NY-604,"Yonkers, Mount Vernon/Westchester County CoC",2022,1704.09,1163.93,1356,1306,50,2022,2020
NY-604,"Yonkers, Mount Vernon/Westchester County CoC",2023,1765.14,1204.32,1317,1260,57,2023,2020
NY-604,"Yonkers, Mount Vernon/Westchester County CoC",2024,1812.69,1236.63,1611,1561,50,2024,2020
NY-606,Rockland County CoC,2010,1115.53,822.33,141,89,52,2010,2010
NY-606,Rockland County CoC,2011,1160.38,849.06,112,80,32,2011,2010
NY-606,Rockland County CoC,2012,1179.4,861.62,107,104,3,2012,2010
NY-606,Rockland County CoC,2013,1195.18,876.66,107,104,3,2013,2010
NY-606,Rockland County CoC,2014,1188.68,880.74,125,106,19,2014,2010
NY-606,Rockland County CoC,2015,1190.95,885.01,117,92,25,2015,2010
NY-606,Rockland County CoC,2016,1232.55,905.99,141,109,32,2016,2010
NY-606,Rockland County CoC,2017,1287.9,922.05,170,112,58,2017,2010
NY-606,Rockland County CoC,2018,1328.7,932.81,180,130,50,2018,2010
NY-606,Rockland County CoC,2019,1377.38,945.25,182,139,43,2019,2010
NY-606,Rockland County CoC,2020,1413.81,1011.67,193,121,72,2020,2020
NY-606,Rockland County CoC,2021,1475.48,1031.01,53,53,0,2021,2020
NY-606,Rockland County CoC,2022,1563.61,1046.3,106,66,40,2022,2020
NY-606,Rockland County CoC,2023,1652.63,1131.5,157,114,43,2023,2020
NY-606,Rockland County CoC,2024,1719.79,1178.22,130,94,36,2024,2020
NY-608,Kingston/Ulster County CoC,2010,788.62,606.96,440,305,135,2010,2010
NY-608,Kingston/Ulster County CoC,2011,835.49,637.65,259,206,53,2011,2010
NY-608,Kingston/Ulster County CoC,2012,855.14,638.5,355,291,64,2012,2010
NY-608,Kingston/Ulster County CoC,2013,855.85,654.96,442,332,110,2013,2010
NY-608,Kingston/Ulster County CoC,2014,856.06,671.21,341,304,37,2014,2010
NY-608,Kingston/Ulster County CoC,2015,846.91,668.78,343,277,66,2015,2010
NY-608,Kingston/Ulster County CoC,2016,862.42,680.3,328,290,38,2016,2010
NY-608,Kingston/Ulster County CoC,2017,883.63,702.03,411,377,34,2017,2010
NY-608,Kingston/Ulster County CoC,2018,932.27,724.84,464,432,32,2018,2010
NY-608,Kingston/Ulster County CoC,2019,958.14,740.76,432,390,42,2019,2010
NY-608,Kingston/Ulster County CoC,2020,966.6,740.59,439,408,31,2020,2020
NY-608,Kingston/Ulster County CoC,2021,1029.79,775.43,340,340,0,2021,2020
NY-608,Kingston/Ulster County CoC,2022,1103.06,824.9,409,370,39,2022,2020
NY-608,Kingston/Ulster County CoC,2023,1171.84,824.85,435,367,68,2023,2020
NY-608,Kingston/Ulster County CoC,2024,1237.29,876.28,617,553,64,2024,2020
OH-500,Cincinnati/Hamilton County CoC,2010,555.42,414.82,1006,931,75,2010,2010
OH-500,Cincinnati/Hamilton County CoC,2011,567.72,423.92,1275,1209,66,2011,2010
OH-500,Cincinnati/Hamilton County CoC,2012,581.48,433.42,1654,1608,46,2012,2010
OH-500,Cincinnati/Hamilton County CoC,2013,592.01,438.96,1326,1300,26,2013,2010
OH-500,Cincinnati/Hamilton County CoC,2014,601.1,441.04,1043,1026,17,2014,2010
OH-500,Cincinnati/Hamilton County CoC,2015,601.09,442.91,1063,1013,50,2015,2010
OH-500,Cincinnati/Hamilton County CoC,2016,621.16,452.91,1116,1056,60,2016,2010
OH-500,Cincinnati/Hamilton County CoC,2017,639.94,466.16,1162,1088,74,2017,2010
OH-500,Cincinnati/Hamilton County CoC,2018,662.91,485.61,1114,1067,47,2018,2010
OH-500,Cincinnati/Hamilton County CoC,2019,695.02,507.05,1082,1051,31,2019,2010
OH-500,Cincinnati/Hamilton County CoC,2020,719.22,523.75,1092,1036,56,2020,2020
OH-500,Cincinnati/Hamilton County CoC,2021,766.62,556.01,1016,985,31,2021,2020
OH-500,Cincinnati/Hamilton County CoC,2022,855.0,604.66,1081,1045,36,2022,2020
OH-500,Cincinnati/Hamilton County CoC,2023,907.47,642.99,967,916,51,2023,2020
OH-500,Cincinnati/Hamilton County CoC,2024,956.88,673.14,1031,961,70,2024,2020
OH-501,Toledo/Lucas County CoC,2010,492.65,389.48,986,856,130,2010,2010
OH-501,Toledo/Lucas County CoC,2011,506.16,397.2,1096,859,237,2011,2010
OH-501,Toledo/Lucas County CoC,2012,513.08,402.47,977,840,137,2012,2010
OH-501,Toledo/Lucas County CoC,2013,523.61,406.48,900,865,35,2013,2010
OH-501,Toledo/Lucas County CoC,2014,530.7,414.27,809,800,9,2014,2010
OH-501,Toledo/Lucas County CoC,2015,537.58,416.45,564,548,16,2015,2010
OH-501,Toledo/Lucas County CoC,2016,543.94,419.99,599,584,15,2016,2010
OH-501,Toledo/Lucas County CoC,2017,564.0,431.46,499,483,16,2017,2010
OH-501,Toledo/Lucas County CoC,2018,576.02,445.88,662,640,22,2018,2010
OH-501,Toledo/Lucas County CoC,2019,592.84,457.67,611,599,12,2019,2010
OH-501,Toledo/Lucas County CoC,2020,607.86,466.45,602,547,55,2020,2020
OH-501,Toledo/Lucas County CoC,2021,642.26,490.92,383,383,0,2021,2020
OH-501,Toledo/Lucas County CoC,2022,697.61,538.71,494,448,46,2022,2020
OH-501,Toledo/Lucas County CoC,2023,727.56,557.53,631,537,94,2023,2020
OH-501,Toledo/Lucas County CoC,2024,755.25,568.96,563,551,12,2024,2020
OH-502,Cleveland/Cuyahoga County CoC,2010,590.15,446.27,2278,2140,138,2010,2010
OH-502,Cleveland/Cuyahoga County CoC,2011,606.79,455.92,2262,2066,196,2011,2010
OH-502,Cleveland/Cuyahoga County CoC,2012,615.65,464.76,2191,2067,124,2012,2010
OH-502,Cleveland/Cuyahoga County CoC,2013,625.78,470.05,2129,2052,77,2013,2010
OH-502,Cleveland/Cuyahoga County CoC,2014,632.58,475.08,2103,2075,28,2014,2010
OH-502,Cleveland/Cuyahoga County CoC,2015,631.96,474.88,1943,1875,68,2015,2010
OH-502,Cleveland/Cuyahoga County CoC,2016,644.77,484.96,1697,1623,74,2016,2010
OH-502,Cleveland/Cuyahoga County CoC,2017,667.62,499.76,1727,1630,97,2017,2010
OH-502,Cleveland/Cuyahoga County CoC,2018,688.22,514.11,1808,1730,78,2018,2010
OH-502,Cleveland/Cuyahoga County CoC,2019,708.36,528.23,1618,1512,106,2019,2010
OH-502,Cleveland/Cuyahoga County CoC,2020,731.49,541.18,1675,1566,109,2020,2020
OH-502,Cleveland/Cuyahoga County CoC,2021,777.39,571.83,1557,1557,0,2021,2020
OH-502,Cleveland/Cuyahoga County CoC,2022,845.88,620.11,1574,1490,84,2022,2020
OH-502,Cleveland/Cuyahoga County CoC,2023,883.37,654.84,1629,1449,180,2023,2020
OH-502,Cleveland/Cuyahoga County CoC,2024,922.73,672.25,1637,1522,115,2024,2020
OH-503,Columbus/Franklin County CoC,2010,622.41,490.07,1387,1253,134,2010,2010
OH-503,Columbus/Franklin County CoC,2011,640.86,505.23,1418,1274,144,2011,2010
OH-503,Columbus/Franklin County CoC,2012,657.97,517.87,1434,1252,182,2012,2010
OH-503,Columbus/Franklin County CoC,2013,670.48,523.72,1488,1244,244,2013,2010
OH-503,Columbus/Franklin County CoC,2014,688.06,533.21,1614,1381,233,2014,2010
OH-503,Columbus/Franklin County CoC,2015,702.42,542.56,1721,1523,198,2015,2010
OH-503,Columbus/Franklin County CoC,2016,725.31,557.73,1724,1385,339,2016,2010
OH-503,Columbus/Franklin County CoC,2017,754.55,578.22,1691,1351,340,2017,2010
OH-503,Columbus/Franklin County CoC,2018,791.83,605.22,1807,1519,288,2018,2010
OH-503,Columbus/Franklin County CoC,2019,826.31,628.95,1907,1525,382,2019,2010
OH-503,Columbus/Franklin County CoC,2020,863.36,651.76,2036,1603,433,2020,2020
OH-503,Columbus/Franklin County CoC,2021,921.49,703.38,1365,1365,0,2021,2020
OH-503,Columbus/Franklin County CoC,2022,1010.67,770.8,1912,1570,342,2022,2020
OH-503,Columbus/Franklin County CoC,2023,1071.3,815.53,2337,1839,498,2023,2020
OH-503,Columbus/Franklin County CoC,2024,1126.82,859.3,2380,1866,514,2024,2020
OH-504,Youngstown/Mahoning County CoC,2010,446.28,357.1,183,179,4,2010,2010
OH-504,Youngstown/Mahoning County CoC,2011,462.14,367.15,223,209,14,2011,2010
OH-504,Youngstown/Mahoning County CoC,2012,479.74,383.18,224,214,10,2012,2010
OH-504,Youngstown/Mahoning County CoC,2013,485.23,387.58,227,225,2,2013,2010
OH-504,Youngstown/Mahoning County CoC,2014,501.24,401.7,256,248,8,2014,2010
OH-504,Youngstown/Mahoning County CoC,2015,501.38,402.52,368,294,74,2015,2010
OH-504,Youngstown/Mahoning County CoC,2016,510.75,405.88,346,308,38,2016,2010
OH-504,Youngstown/Mahoning County CoC,2017,518.11,407.36,262,256,6,2017,2010
OH-504,Youngstown/Mahoning County CoC,2018,527.78,419.58,180,157,23,2018,2010
OH-504,Youngstown/Mahoning County CoC,2019,535.62,426.55,148,139,9,2019,2010
OH-504,Youngstown/Mahoning County CoC,2020,548.26,428.22,100,88,12,2020,2020
OH-504,Youngstown/Mahoning County CoC,2021,566.53,438.21,62,62,0,2021,2020
OH-504,Youngstown/Mahoning County CoC,2022,616.59,487.08,174,160,14,2022,2020
OH-504,Youngstown/Mahoning County CoC,2023,623.88,492.56,161,130,31,2023,2020
OH-504,Youngstown/Mahoning County CoC,2024,638.38,505.44,253,223,30,2024,2020
OH-505,"Dayton, Kettering/Montgomery County CoC",2010,531.01,418.64,884,858,26,2010,2010
OH-505,"Dayton, Kettering/Montgomery County CoC",2011,550.51,428.16,986,948,38,2011,2010
OH-505,"Dayton, Kettering/Montgomery County CoC",2012,557.14,432.11,1081,1014,67,2012,2010
OH-505,"Dayton, Kettering/Montgomery County CoC",2013,565.15,435.61,1041,985,56,2013,2010
OH-505,"Dayton, Kettering/Montgomery County CoC",2014,573.76,437.18,791,757,34,2014,2010
OH-505,"Dayton, Kettering/Montgomery County CoC",2015,577.1,437.84,971,923,48,2015,2010
OH-505,"Dayton, Kettering/Montgomery County CoC",2016,589.85,448.66,751,708,43,2016,2010
OH-505,"Dayton, Kettering/Montgomery County CoC",2017,607.07,458.52,619,566,53,2017,2010
OH-505,"Dayton, Kettering/Montgomery County CoC",2018,625.54,473.41,680,629,51,2018,2010
OH-505,"Dayton, Kettering/Montgomery County CoC",2019,645.58,488.51,681,632,49,2019,2010
OH-505,"Dayton, Kettering/Montgomery County CoC",2020,668.18,506.88,736,687,49,2020,2020
OH-505,"Dayton, Kettering/Montgomery County CoC",2021,707.61,529.54,568,568,0,2021,2020
OH-505,"Dayton, Kettering/Montgomery County CoC",2022,773.29,573.04,656,617,39,2022,2020
OH-505,"Dayton, Kettering/Montgomery County CoC",2023,810.56,594.52,870,763,107,2023,2020
OH-505,"Dayton, Kettering/Montgomery County CoC",2024,864.67,637.86,781,689,92,2024,2020
OH-506,"Akron, Barberton/Summit County CoC",2010,585.65,445.05,859,672,187,2010,2010
OH-506,"Akron, Barberton/Summit County CoC",2011,589.8,450.54,857,711,146,2011,2010
OH-506,"Akron, Barberton/Summit County CoC",2012,608.26,458.18,813,647,166,2012,2010
OH-506,"Akron, Barberton/Summit County CoC",2013,621.54,463.65,862,685,177,2013,2010
OH-506,"Akron, Barberton/Summit County CoC",2014,632.62,471.75,870,693,177,2014,2010
OH-506,"Akron, Barberton/Summit County CoC",2015,638.75,475.19,760,641,119,2015,2010
OH-506,"Akron, Barberton/Summit County CoC",2016,655.48,486.07,679,592,87,2016,2010
OH-506,"Akron, Barberton/Summit County CoC",2017,679.47,508.59,507,429,78,2017,2010
OH-506,"Akron, Barberton/Summit County CoC",2018,695.91,523.36,587,454,133,2018,2010
OH-506,"Akron, Barberton/Summit County CoC",2019,705.36,536.0,546,459,87,2019,2010
OH-506,"Akron, Barberton/Summit County CoC",2020,725.25,554.94,587,459,128,2020,2020
OH-506,"Akron, Barberton/Summit County CoC",2021,753.23,578.03,394,315,79,2021,2020
OH-506,"Akron, Barberton/Summit County CoC",2022,808.98,614.88,441,388,53,2022,2020
OH-506,"Akron, Barberton/Summit County CoC",2023,858.18,640.05,648,494,154,2023,2020
OH-506,"Akron, Barberton/Summit County CoC",2024,877.54,653.05,695,484,211,2024,2020
OH-507,Ohio Balance of State CoC,2010,512.99,377.74,4555,3462,1093,2010,2010
OH-507,Ohio Balance of State CoC,2011,526.76,387.5,4431,3534,897,2011,2010
OH-507,Ohio Balance of State CoC,2012,539.61,400.18,5121,4185,936,2012,2010
OH-507,Ohio Balance of State CoC,2013,548.89,406.24,3830,3165,665,2013,2010
OH-507,Ohio Balance of State CoC,2014,559.2,411.48,3806,3247,559,2014,2010
OH-507,Ohio Balance of State CoC,2015,564.43,415.03,3320,2854,466,2015,2010
OH-507,Ohio Balance of State CoC,2016,578.15,423.82,3032,2587,445,2016,2010
OH-507,Ohio Balance of State CoC,2017,592.54,432.84,3309,2686,623,2017,2010
OH-507,Ohio Balance of State CoC,2018,607.12,446.53,3133,2500,633,2018,2010
OH-507,Ohio Balance of State CoC,2019,624.75,457.61,3479,2665,814,2019,2010
OH-507,Ohio Balance of State CoC,2020,637.8,464.23,3577,2591,986,2020,2020
OH-507,Ohio Balance of State CoC,2021,671.71,483.22,2336,2336,0,2021,2020
OH-507,Ohio Balance of State CoC,2022,725.7,521.44,4075,2769,1306,2022,2020
OH-507,Ohio Balance of State CoC,2023,761.56,538.4,3823,2591,1232,2023,2020
OH-507,Ohio Balance of State CoC,2024,791.96,549.75,4089,2819,1270,2024,2020
OH-508,"Canton, Massillon, Alliance/Stark County CoC",2010,487.95,383.75,431,378,53,2010,2010
OH-508,"Canton, Massillon, Alliance/Stark County CoC",2011,500.38,395.78,482,414,68,2011,2010
OH-508,"Canton, Massillon, Alliance/Stark County CoC",2012,507.33,405.68,482,419,63,2012,2010
OH-508,"Canton, Massillon, Alliance/Stark County CoC",2013,515.87,412.47,522,466,56,2013,2010
OH-508,"Canton, Massillon, Alliance/Stark County CoC",2014,525.42,419.16,531,493,38,2014,2010
OH-508,"Canton, Massillon, Alliance/Stark County CoC",2015,525.57,418.91,472,412,60,2015,2010
OH-508,"Canton, Massillon, Alliance/Stark County CoC",2016,537.02,424.22,460,423,37,2016,2010
OH-508,"Canton, Massillon, Alliance/Stark County CoC",2017,554.01,433.9,319,297,22,2017,2010
OH-508,"Canton, Massillon, Alliance/Stark County CoC",2018,567.42,447.23,278,238,40,2018,2010
OH-508,"Canton, Massillon, Alliance/Stark County CoC",2019,572.95,453.95,273,256,17,2019,2010
OH-508,"Canton, Massillon, Alliance/Stark County CoC",2020,588.67,472.28,250,234,16,2020,2020
OH-508,"Canton, Massillon, Alliance/Stark County CoC",2021,612.4,501.16,234,191,43,2021,2020
OH-508,"Canton, Massillon, Alliance/Stark County CoC",2022,656.64,526.99,247,219,28,2022,2020
OH-508,"Canton, Massillon, Alliance/Stark County CoC",2023,690.04,550.1,320,264,56,2023,2020
OH-508,"Canton, Massillon, Alliance/Stark County CoC",2024,721.6,564.73,330,265,65,2024,2020
OK-500,North Central Oklahoma CoC,2010,423.53,318.46,323,179,144,2010,2010
OK-500,North Central Oklahoma CoC,2011,443.32,326.61,249,163,86,2011,2010
OK-500,North Central Oklahoma CoC,2012,459.71,328.55,204,147,57,2012,2010
OK-500,North Central Oklahoma CoC,2013,480.41,348.29,190,145,45,2013,2010
OK-500,North Central Oklahoma CoC,2014,494.08,353.1,201,154,47,2014,2010
OK-500,North Central Oklahoma CoC,2015,522.56,369.01,194,160,34,2015,2010
OK-500,North Central Oklahoma CoC,2016,540.39,385.68,129,78,51,2016,2010
OK-500,North Central Oklahoma CoC,2017,564.71,406.33,192,147,45,2017,2010
OK-500,North Central Oklahoma CoC,2018,583.07,419.6,181,141,40,2018,2010
OK-500,North Central Oklahoma CoC,2019,597.66,431.62,178,171,7,2019,2010
OK-500,North Central Oklahoma CoC,2020,602.45,443.14,221,158,63,2020,2020
OK-500,North Central Oklahoma CoC,2021,618.08,458.78,132,121,11,2021,2020
OK-500,North Central Oklahoma CoC,2022,658.61,492.31,214,119,95,2022,2020
OK-500,North Central Oklahoma CoC,2023,683.6,502.45,214,144,70,2023,2020
OK-500,North Central Oklahoma CoC,2024,692.76,509.81,267,180,87,2024,2020
OK-501,Tulsa City & County CoC,2010,556.03,417.64,905,882,23,2010,2010
OK-501,Tulsa City & County CoC,2011,573.98,434.09,879,829,50,2011,2010
OK-501,Tulsa City & County CoC,2012,592.35,445.78,1021,876,145,2012,2010
OK-501,Tulsa City & County CoC,2013,614.38,459.38,1008,886,122,2013,2010
OK-501,Tulsa City & County CoC,2014,625.71,467.91,1010,908,102,2014,2010
OK-501,Tulsa City & County CoC,2015,636.84,475.21,956,825,131,2015,2010
OK-501,Tulsa City & County CoC,2016,656.23,489.47,1043,893,150,2016,2010
OK-501,Tulsa City & County CoC,2017,676.94,508.58,1074,900,174,2017,2010
OK-501,Tulsa City & County CoC,2018,700.23,527.07,1083,857,226,2018,2010
OK-501,Tulsa City & County CoC,2019,716.6,541.87,1188,892,296,2019,2010
OK-501,Tulsa City & County CoC,2020,737.23,562.0,1221,953,268,2020,2020
OK-501,Tulsa City & County CoC,2021,784.32,594.16,1043,756,287,2021,2020
OK-501,Tulsa City & County CoC,2022,847.55,640.94,1063,660,403,2022,2020
OK-501,Tulsa City & County CoC,2023,887.92,675.25,1133,695,438,2023,2020
OK-501,Tulsa City & County CoC,2024,930.45,702.48,1389,855,534,2024,2020
OK-502,Oklahoma City CoC,2010,535.43,405.27,1128,889,239,2010,2010
OK-502,Oklahoma City CoC,2011,557.31,418.91,1348,1019,329,2011,2010
OK-502,Oklahoma City CoC,2012,578.47,435.8,1303,942,361,2012,2010
OK-502,Oklahoma City CoC,2013,602.74,451.83,1362,1069,293,2013,2010
OK-502,Oklahoma City CoC,2014,618.41,464.95,1481,1223,258,2014,2010
OK-502,Oklahoma City CoC,2015,635.96,475.4,1300,1100,200,2015,2010
OK-502,Oklahoma City CoC,2016,654.43,488.56,1511,1204,307,2016,2010
OK-502,Oklahoma City CoC,2017,673.33,511.31,1368,1100,268,2017,2010
OK-502,Oklahoma City CoC,2018,699.71,526.64,1183,789,394,2018,2010
OK-502,Oklahoma City CoC,2019,723.53,540.61,1273,889,384,2019,2010
OK-502,Oklahoma City CoC,2020,745.09,557.04,1573,1016,557,2020,2020
OK-502,Oklahoma City CoC,2021,795.71,598.5,672,672,0,2021,2020
OK-502,Oklahoma City CoC,2022,867.16,654.04,1339,868,471,2022,2020
OK-502,Oklahoma City CoC,2023,913.5,696.06,1436,988,448,2023,2020
OK-502,Oklahoma City CoC,2024,959.0,724.88,1838,1405,433,2024,2020
OK-503,Oklahoma Balance of State CoC,2010,501.14,361.97,324,317,7,2010,2010
OK-503,Oklahoma Balance of State CoC,2011,519.27,370.54,483,126,357,2011,2010
OK-503,Oklahoma Balance of State CoC,2012,545.71,387.37,571,144,427,2012,2010
OK-503,Oklahoma Balance of State CoC,2013,551.97,402.65,272,149,123,2013,2010
OK-503,Oklahoma Balance of State CoC,2014,570.3,413.58,295,154,141,2014,2010
OK-503,Oklahoma Balance of State CoC,2015,587.8,425.66,237,121,116,2015,2010
OK-503,Oklahoma Balance of State CoC,2016,609.9,445.84,295,114,181,2016,2010
OK-503,Oklahoma Balance of State CoC,2017,625.78,459.0,432,139,293,2017,2010
OK-503,Oklahoma Balance of State CoC,2018,657.38,479.41,233,78,155,2018,2010
OK-503,Oklahoma Balance of State CoC,2019,669.14,489.09,279,113,166,2019,2010
OK-503,Oklahoma Balance of State CoC,2020,676.26,491.83,161,106,55,2020,2020
OK-503,Oklahoma Balance of State CoC,2021,718.06,516.18,125,125,0,2021,2020
OK-503,Oklahoma Balance of State CoC,2022,780.99,555.72,216,130,86,2022,2020
OK-503,Oklahoma Balance of State CoC,2023,823.69,578.89,339,122,217,2023,2020
OK-503,Oklahoma Balance of State CoC,2024,861.65,604.32,148,79,69,2024,2020
OK-504,Norman/Cleveland County CoC,2010,582.05,467.61,565,251,314,2010,2010
OK-504,Norman/Cleveland County CoC,2011,600.4,478.27,619,162,457,2011,2010
OK-504,Norman/Cleveland County CoC,2012,616.9,493.97,616,160,456,2012,2010
OK-504,Norman/Cleveland County CoC,2013,633.32,504.0,368,213,155,2013,2010
OK-504,Norman/Cleveland County CoC,2014,653.45,517.75,140,118,22,2014,2010
OK-504,Norman/Cleveland County CoC,2015,662.37,519.68,133,117,16,2015,2010
OK-504,Norman/Cleveland County CoC,2016,685.46,532.57,138,92,46,2016,2010
OK-504,Norman/Cleveland County CoC,2017,710.05,554.82,174,98,76,2017,2010
OK-504,Norman/Cleveland County CoC,2018,733.59,571.56,364,137,227,2018,2010
OK-504,Norman/Cleveland County CoC,2019,757.15,594.12,347,132,215,2019,2010
OK-504,Norman/Cleveland County CoC,2020,779.68,610.54,266,120,146,2020,2020
OK-504,Norman/Cleveland County CoC,2021,811.71,640.38,106,106,0,2021,2020
OK-504,Norman/Cleveland County CoC,2022,884.31,700.74,197,120,77,2022,2020
OK-504,Norman/Cleveland County CoC,2023,937.15,723.64,213,139,74,2023,2020
OK-504,Norman/Cleveland County CoC,2024,966.27,756.59,240,149,91,2024,2020
OK-505,Northeast Oklahoma CoC,2010,424.37,295.32,567,243,324,2010,2010
OK-505,Northeast Oklahoma CoC,2011,443.26,306.91,266,233,33,2011,2010
OK-505,Northeast Oklahoma CoC,2012,454.4,313.42,342,277,65,2012,2010
OK-505,Northeast Oklahoma CoC,2013,472.34,333.15,487,318,169,2013,2010
OK-505,Northeast Oklahoma CoC,2014,483.87,339.94,383,300,83,2014,2010
OK-505,Northeast Oklahoma CoC,2015,489.22,348.26,343,319,24,2015,2010
OK-505,Northeast Oklahoma CoC,2016,511.18,365.87,368,342,26,2016,2010
OK-505,Northeast Oklahoma CoC,2017,523.95,378.71,377,325,52,2017,2010
OK-505,Northeast Oklahoma CoC,2018,538.15,385.23,392,341,51,2018,2010
OK-505,Northeast Oklahoma CoC,2019,555.89,404.42,228,157,71,2019,2010
OK-505,Northeast Oklahoma CoC,2020,554.34,404.02,55,6,49,2020,2020
OK-505,Northeast Oklahoma CoC,2021,583.01,413.69,79,79,0,2021,2020
OK-505,Northeast Oklahoma CoC,2022,630.01,445.58,281,203,78,2022,2020
OK-505,Northeast Oklahoma CoC,2023,657.5,466.4,331,146,185,2023,2020
OK-505,Northeast Oklahoma CoC,2024,673.72,471.44,293,76,217,2024,2020
OK-506,Southwest Oklahoma Regional CoC,2010,428.74,297.12,272,252,20,2010,2010
OK-506,Southwest Oklahoma Regional CoC,2011,453.8,307.7,133,123,10,2011,2010
OK-506,Southwest Oklahoma Regional CoC,2012,470.39,316.23,396,233,163,2012,2010
OK-506,Southwest Oklahoma Regional CoC,2013,488.45,332.67,196,159,37,2013,2010
OK-506,Southwest Oklahoma Regional CoC,2014,502.2,338.44,239,177,62,2014,2010
OK-506,Southwest Oklahoma Regional CoC,2015,512.95,347.95,161,120,41,2015,2010
OK-506,Southwest Oklahoma Regional CoC,2016,528.02,356.28,187,147,40,2016,2010
OK-506,Southwest Oklahoma Regional CoC,2017,544.76,373.6,231,169,62,2017,2010
OK-506,Southwest Oklahoma Regional CoC,2018,557.88,381.97,191,150,41,2018,2010
OK-506,Southwest Oklahoma Regional CoC,2019,574.51,400.07,158,136,22,2019,2010
OK-506,Southwest Oklahoma Regional CoC,2020,580.89,403.22,165,142,23,2020,2020
OK-506,Southwest Oklahoma Regional CoC,2021,601.25,418.89,61,61,0,2021,2020
OK-506,Southwest Oklahoma Regional CoC,2022,642.89,451.62,134,92,42,2022,2020
OK-506,Southwest Oklahoma Regional CoC,2023,662.04,467.04,409,93,316,2023,2020
OK-506,Southwest Oklahoma Regional CoC,2024,675.57,479.62,474,123,351,2024,2020
OK-507,Southeastern Oklahoma Regional CoC,2010,370.56,263.15,1145,302,843,2010,2010
OK-507,Southeastern Oklahoma Regional CoC,2011,383.85,274.09,648,333,315,2011,2010
OK-507,Southeastern Oklahoma Regional CoC,2012,397.2,285.7,579,264,315,2012,2010
OK-507,Southeastern Oklahoma Regional CoC,2013,411.83,297.06,525,323,202,2013,2010
OK-507,Southeastern Oklahoma Regional CoC,2014,423.06,305.89,442,225,217,2014,2010
OK-507,Southeastern Oklahoma Regional CoC,2015,430.35,309.93,453,237,216,2015,2010
OK-507,Southeastern Oklahoma Regional CoC,2016,446.43,324.33,436,217,219,2016,2010
OK-507,Southeastern Oklahoma Regional CoC,2017,457.86,330.43,351,206,145,2017,2010
OK-507,Southeastern Oklahoma Regional CoC,2018,473.7,340.26,244,187,57,2018,2010
OK-507,Southeastern Oklahoma Regional CoC,2019,486.32,350.75,293,217,76,2019,2010
OK-507,Southeastern Oklahoma Regional CoC,2020,504.55,366.6,270,187,83,2020,2020
OK-507,Southeastern Oklahoma Regional CoC,2021,529.37,377.06,476,411,65,2021,2020
OK-507,Southeastern Oklahoma Regional CoC,2022,578.88,420.35,310,245,65,2022,2020
OK-507,Southeastern Oklahoma Regional CoC,2023,601.01,434.84,573,416,157,2023,2020
OK-507,Southeastern Oklahoma Regional CoC,2024,618.55,440.04,818,384,434,2024,2020
OR-500,"Eugene, Springfield/Lane County CoC",2010,670.46,519.74,2580,991,1589,2010,2010
OR-500,"Eugene, Springfield/Lane County CoC",2011,692.27,533.47,2140,734,1406,2011,2010
OR-500,"Eugene, Springfield/Lane County CoC",2012,712.23,545.54,2057,651,1406,2012,2010
OR-500,"Eugene, Springfield/Lane County CoC",2013,724.1,558.23,1751,649,1102,2013,2010
OR-500,"Eugene, Springfield/Lane County CoC",2014,738.27,574.91,1767,665,1102,2014,2010
OR-500,"Eugene, Springfield/Lane County CoC",2015,747.18,587.6,1473,757,716,2015,2010
OR-500,"Eugene, Springfield/Lane County CoC",2016,769.84,600.82,1451,517,934,2016,2010
OR-500,"Eugene, Springfield/Lane County CoC",2017,797.7,623.64,1529,526,1003,2017,2010
OR-500,"Eugene, Springfield/Lane County CoC",2018,832.67,639.36,1641,507,1134,2018,2010
OR-500,"Eugene, Springfield/Lane County CoC",2019,866.76,655.15,2165,532,1633,2019,2010
OR-500,"Eugene, Springfield/Lane County CoC",2020,901.77,676.52,1606,569,1037,2020,2020
OR-500,"Eugene, Springfield/Lane County CoC",2021,967.17,719.24,2317,327,1990,2021,2020
OR-500,"Eugene, Springfield/Lane County CoC",2022,1075.45,787.45,2880,775,2105,2022,2020
OR-500,"Eugene, Springfield/Lane County CoC",2023,1142.21,830.23,2824,714,2110,2023,2020
OR-500,"Eugene, Springfield/Lane County CoC",2024,1202.98,875.44,3085,989,2096,2024,2020
OR-501,"Portland, Gresham/Multnomah County CoC",2010,735.73,590.96,4235,2644,1591,2010,2010
OR-501,"Portland, Gresham/Multnomah County CoC",2011,770.6,616.68,4497,2783,1714,2011,2010
OR-501,"Portland, Gresham/Multnomah County CoC",2012,802.48,632.93,4423,2709,1714,2012,2010
OR-501,"Portland, Gresham/Multnomah County CoC",2013,828.24,655.62,4441,2546,1895,2013,2010
OR-501,"Portland, Gresham/Multnomah County CoC",2014,856.51,672.47,3927,2032,1895,2014,2010
OR-501,"Portland, Gresham/Multnomah County CoC",2015,879.61,684.18,3801,1914,1887,2015,2010
OR-501,"Portland, Gresham/Multnomah County CoC",2016,925.98,713.19,3914,2027,1887,2016,2010
OR-501,"Portland, Gresham/Multnomah County CoC",2017,987.75,753.44,4177,2509,1668,2017,2010
OR-501,"Portland, Gresham/Multnomah County CoC",2018,1069.62,799.04,4019,2351,1668,2018,2010
OR-501,"Portland, Gresham/Multnomah County CoC",2019,1141.24,857.79,4015,1978,2037,2019,2010
OR-501,"Portland, Gresham/Multnomah County CoC",2020,1217.81,911.5,4173,2136,2037,2020,2020
OR-501,"Portland, Gresham/Multnomah County CoC",2021,1287.67,976.38,1780,1780,0,2021,2020
OR-501,"Portland, Gresham/Multnomah County CoC",2022,1400.22,1068.21,5228,2171,3057,2022,2020
OR-501,"Portland, Gresham/Multnomah County CoC",2023,1449.22,1103.82,6297,2353,3944,2023,2020
OR-501,"Portland, Gresham/Multnomah County CoC",2024,1489.83,1141.0,7384,3440,3944,2024,2020
OR-502,"Medford, Ashland/Jackson County CoC",2010,722.75,559.86,922,350,572,2010,2010
OR-502,"Medford, Ashland/Jackson County CoC",2011,743.06,571.89,1049,572,477,2011,2010
OR-502,"Medford, Ashland/Jackson County CoC",2012,749.98,577.63,691,441,250,2012,2010
OR-502,"Medford, Ashland/Jackson County CoC",2013,769.88,587.6,548,436,112,2013,2010
OR-502,"Medford, Ashland/Jackson County CoC",2014,766.84,600.43,625,399,226,2014,2010
OR-502,"Medford, Ashland/Jackson County CoC",2015,774.24,601.31,729,347,382,2015,2010
OR-502,"Medford, Ashland/Jackson County CoC",2016,787.97,606.38,527,288,239,2016,2010
OR-502,"Medford, Ashland/Jackson County CoC",2017,813.23,618.94,633,369,264,2017,2010
OR-502,"Medford, Ashland/Jackson County CoC",2018,835.48,629.91,732,403,329,2018,2010
OR-502,"Medford, Ashland/Jackson County CoC",2019,872.41,646.97,712,348,364,2019,2010
OR-502,"Medford, Ashland/Jackson County CoC",2020,937.68,680.53,727,364,363,2020,2020
OR-502,"Medford, Ashland/Jackson County CoC",2021,983.84,732.44,773,349,424,2021,2020
OR-502,"Medford, Ashland/Jackson County CoC",2022,1107.98,820.4,1251,638,613,2022,2020
OR-502,"Medford, Ashland/Jackson County CoC",2023,1200.88,897.02,1143,587,556,2023,2020
OR-502,"Medford, Ashland/Jackson County CoC",2024,1262.83,914.3,1163,607,556,2024,2020
OR-503,Central Oregon CoC,2010,719.34,565.91,569,256,313,2010,2010
OR-503,Central Oregon CoC,2011,742.69,589.21,802,270,532,2011,2010
OR-503,Central Oregon CoC,2012,741.08,589.96,808,276,532,2012,2010
OR-503,Central Oregon CoC,2013,759.82,586.96,506,261,245,2013,2010
OR-503,Central Oregon CoC,2014,762.0,590.96,568,323,245,2014,2010
OR-503,Central Oregon CoC,2015,781.2,604.39,594,189,405,2015,2010
OR-503,Central Oregon CoC,2016,825.17,625.75,602,197,405,2016,2010
OR-503,Central Oregon CoC,2017,887.64,654.62,778,230,548,2017,2010
OR-503,Central Oregon CoC,2018,965.95,686.61,787,232,555,2018,2010
OR-503,Central Oregon CoC,2019,1012.59,727.31,880,266,614,2019,2010
OR-503,Central Oregon CoC,2020,1102.03,768.24,913,299,614,2020,2020
OR-503,Central Oregon CoC,2021,1196.17,810.95,1116,318,798,2021,2020
OR-503,Central Oregon CoC,2022,1318.15,900.78,1359,339,1020,2022,2020
OR-503,Central Oregon CoC,2023,1398.94,943.71,1647,458,1189,2023,2020
OR-503,Central Oregon CoC,2024,1523.31,1019.63,1799,555,1244,2024,2020
OR-504,"Salem/Marion, Polk Counties CoC",2010,632.09,502.1,2316,599,1717,2010,2010
OR-504,"Salem/Marion, Polk Counties CoC",2011,657.14,520.11,,,,2011,2010
OR-504,"Salem/Marion, Polk Counties CoC",2012,665.52,535.5,,,,2012,2010
OR-504,"Salem/Marion, Polk Counties CoC",2013,678.74,537.0,,,,2013,2010
OR-504,"Salem/Marion, Polk Counties CoC",2014,687.56,549.19,,,,2014,2010
OR-504,"Salem/Marion, Polk Counties CoC",2015,690.41,553.31,,,,2015,2010
OR-504,"Salem/Marion, Polk Counties CoC",2016,717.24,573.93,,,,2016,2010
OR-504,"Salem/Marion, Polk Counties CoC",2017,756.69,603.79,,,,2017,2010
OR-504,"Salem/Marion, Polk Counties CoC",2018,807.02,643.01,,,,2018,2010
OR-504,"Salem/Marion, Polk Counties CoC",2019,861.57,684.46,,,,2019,2010
OR-504,"Salem/Marion, Polk Counties CoC",2020,923.5,725.26,624,624,0,2020,2020
OR-504,"Salem/Marion, Polk Counties CoC",2021,986.17,772.07,549,549,0,2021,2020
OR-504,"Salem/Marion, Polk Counties CoC",2022,1090.03,852.33,1805,926,879,2022,2020
OR-504,"Salem/Marion, Polk Counties CoC",2023,1165.15,904.11,1683,805,878,2023,2020
OR-504,"Salem/Marion, Polk Counties CoC",2024,1231.39,960.41,1755,877,878,2024,2020
OR-505,Oregon Balance of State CoC,2010,589.04,443.31,6498,2007,4491,2010,2010
OR-505,Oregon Balance of State CoC,2011,607.13,458.35,7006,2293,4713,2011,2010
OR-505,Oregon Balance of State CoC,2012,622.94,468.01,6105,2035,4070,2012,2010
OR-505,Oregon Balance of State CoC,2013,642.26,481.37,5525,2199,3326,2013,2010
OR-505,Oregon Balance of State CoC,2014,654.89,489.4,4122,2344,1778,2014,2010
OR-505,Oregon Balance of State CoC,2015,659.51,495.75,5544,2242,3302,2015,2010
OR-505,Oregon Balance of State CoC,2016,681.9,503.35,5710,1859,3851,2016,2010
OR-505,Oregon Balance of State CoC,2017,705.55,516.81,5795,2026,3769,2017,2010
OR-505,Oregon Balance of State CoC,2018,731.96,529.38,6392,1858,4534,2018,2010
OR-505,Oregon Balance of State CoC,2019,763.47,542.6,7103,2064,5039,2019,2010
OR-505,Oregon Balance of State CoC,2020,802.48,569.52,5642,1346,4296,2020,2020
OR-505,Oregon Balance of State CoC,2021,854.77,611.49,1305,1305,0,2021,2020
OR-505,Oregon Balance of State CoC,2022,944.39,667.2,4057,1171,2886,2022,2020
OR-505,Oregon Balance of State CoC,2023,1002.09,715.11,5365,1446,3919,2023,2020
OR-505,Oregon Balance of State CoC,2024,1051.42,738.71,6462,1397,5065,2024,2020
OR-506,"Hillsboro, Beaverton/Washington County CoC",2010,790.34,654.78,950,248,702,2010,2010
OR-506,"Hillsboro, Beaverton/Washington County CoC",2011,818.4,679.66,752,221,531,2011,2010
OR-506,"Hillsboro, Beaverton/Washington County CoC",2012,844.1,700.31,751,309,442,2012,2010
OR-506,"Hillsboro, Beaverton/Washington County CoC",2013,858.11,711.78,432,200,232,2013,2010
OR-506,"Hillsboro, Beaverton/Washington County CoC",2014,893.59,731.53,537,198,339,2014,2010
OR-506,"Hillsboro, Beaverton/Washington County CoC",2015,921.39,750.05,591,196,395,2015,2010
OR-506,"Hillsboro, Beaverton/Washington County CoC",2016,970.49,786.42,571,193,378,2016,2010
OR-506,"Hillsboro, Beaverton/Washington County CoC",2017,1054.26,834.96,544,175,369,2017,2010
OR-506,"Hillsboro, Beaverton/Washington County CoC",2018,1137.0,907.74,522,163,359,2018,2010
OR-506,"Hillsboro, Beaverton/Washington County CoC",2019,1223.44,972.83,530,298,232,2019,2010
OR-506,"Hillsboro, Beaverton/Washington County CoC",2020,1309.1,1049.28,618,311,307,2020,2020
OR-506,"Hillsboro, Beaverton/Washington County CoC",2021,1398.46,1121.01,716,359,357,2021,2020
OR-506,"Hillsboro, Beaverton/Washington County CoC",2022,1524.12,1221.41,808,581,227,2022,2020
OR-506,"Hillsboro, Beaverton/Washington County CoC",2023,1605.97,1294.53,773,543,230,2023,2020
OR-506,"Hillsboro, Beaverton/Washington County CoC",2024,1679.01,1347.94,874,644,230,2024,2020
OR-507,Clackamas County CoC,2010,796.42,644.2,1422,136,1286,2010,2010
OR-507,Clackamas County CoC,2011,824.81,663.42,1008,139,869,2011,2010
OR-507,Clackamas County CoC,2012,853.05,681.67,993,124,869,2012,2010
OR-507,Clackamas County CoC,2013,883.82,705.44,619,141,478,2013,2010
OR-507,Clackamas County CoC,2014,897.05,714.49,618,140,478,2014,2010
OR-507,Clackamas County CoC,2015,931.22,726.55,494,186,308,2015,2010
OR-507,Clackamas County CoC,2016,969.99,755.8,463,155,308,2016,2010
OR-507,Clackamas County CoC,2017,1022.19,794.55,497,151,346,2017,2010
OR-507,Clackamas County CoC,2018,1084.88,835.63,383,37,346,2018,2010
OR-507,Clackamas County CoC,2019,1161.55,910.06,471,248,223,2019,2010
OR-507,Clackamas County CoC,2020,1222.47,953.2,352,129,223,2020,2020
OR-507,Clackamas County CoC,2021,1312.02,1026.55,492,191,301,2021,2020
OR-507,Clackamas County CoC,2022,1445.33,1113.93,571,270,301,2022,2020
OR-507,Clackamas County CoC,2023,1532.23,1191.92,410,232,178,2023,2020
OR-507,Clackamas County CoC,2024,1620.5,1246.53,353,175,178,2024,2020
PA-500,Philadelphia CoC,2010,699.71,486.73,6084,5603,481,2010,2010
PA-500,Philadelphia CoC,2011,725.17,502.62,6180,5674,506,2011,2010
PA-500,Philadelphia CoC,2012,747.48,519.8,5780,5280,500,2012,2010
PA-500,Philadelphia CoC,2013,771.96,530.02,5645,5119,526,2013,2010
PA-500,Philadelphia CoC,2014,786.66,541.33,5738,5377,361,2014,2010
PA-500,Philadelphia CoC,2015,800.74,553.2,5998,5328,670,2015,2010
PA-500,Philadelphia CoC,2016,829.12,579.09,6112,5407,705,2016,2010
PA-500,Philadelphia CoC,2017,858.03,600.08,5693,4737,956,2017,2010
PA-500,Philadelphia CoC,2018,898.31,617.29,5788,4705,1083,2018,2010
PA-500,Philadelphia CoC,2019,934.3,633.26,5735,4762,973,2019,2010
PA-500,Philadelphia CoC,2020,970.74,654.87,5634,4676,958,2020,2020
PA-500,Philadelphia CoC,2021,1026.27,702.78,4302,3602,700,2021,2020
PA-500,Philadelphia CoC,2022,1129.46,766.66,4489,3701,788,2022,2020
PA-500,Philadelphia CoC,2023,1190.43,801.45,4725,4019,706,2023,2020
PA-500,Philadelphia CoC,2024,1251.31,844.3,5191,4215,976,2024,2020
PA-501,Harrisburg/Dauphin County CoC,2010,587.45,436.66,394,306,88,2010,2010
PA-501,Harrisburg/Dauphin County CoC,2011,625.56,459.5,394,321,73,2011,2010
PA-501,Harrisburg/Dauphin County CoC,2012,655.52,495.19,386,328,58,2012,2010
PA-501,Harrisburg/Dauphin County CoC,2013,663.76,497.83,390,342,48,2013,2010
PA-501,Harrisburg/Dauphin County CoC,2014,668.64,498.1,396,357,39,2014,2010
PA-501,Harrisburg/Dauphin County CoC,2015,672.96,506.25,402,386,16,2015,2010
PA-501,Harrisburg/Dauphin County CoC,2016,684.21,521.46,433,390,43,2016,2010
PA-501,Harrisburg/Dauphin County CoC,2017,714.13,533.43,460,390,70,2017,2010
PA-501,Harrisburg/Dauphin County CoC,2018,732.89,555.08,445,410,35,2018,2010
PA-501,Harrisburg/Dauphin County CoC,2019,761.73,567.42,418,370,48,2019,2010
PA-501,Harrisburg/Dauphin County CoC,2020,790.55,595.67,402,356,46,2020,2020
PA-501,Harrisburg/Dauphin County CoC,2021,836.48,622.73,358,322,36,2021,2020
PA-501,Harrisburg/Dauphin County CoC,2022,896.1,668.75,423,359,64,2022,2020
PA-501,Harrisburg/Dauphin County CoC,2023,962.59,707.62,353,330,23,2023,2020
PA-501,Harrisburg/Dauphin County CoC,2024,1009.66,730.87,382,326,56,2024,2020
PA-502,"Upper Darby, Chester, Haverford/Delaware County CoC",2010,825.14,621.87,716,663,53,2010,2010
PA-502,"Upper Darby, Chester, Haverford/Delaware County CoC",2011,856.32,645.15,648,601,47,2011,2010
PA-502,"Upper Darby, Chester, Haverford/Delaware County CoC",2012,882.57,659.63,604,566,38,2012,2010
PA-502,"Upper Darby, Chester, Haverford/Delaware County CoC",2013,884.4,669.12,546,501,45,2013,2010
PA-502,"Upper Darby, Chester, Haverford/Delaware County CoC",2014,897.93,680.5,509,462,47,2014,2010
PA-502,"Upper Darby, Chester, Haverford/Delaware County CoC",2015,918.52,679.23,436,376,60,2015,2010
PA-502,"Upper Darby, Chester, Haverford/Delaware County CoC",2016,940.25,695.61,406,371,35,2016,2010
PA-502,"Upper Darby, Chester, Haverford/Delaware County CoC",2017,961.0,716.2,453,413,40,2017,2010
PA-502,"Upper Darby, Chester, Haverford/Delaware County CoC",2018,987.51,736.69,414,361,53,2018,2010
PA-502,"Upper Darby, Chester, Haverford/Delaware County CoC",2019,1018.18,756.0,400,352,48,2019,2010
PA-502,"Upper Darby, Chester, Haverford/Delaware County CoC",2020,1053.13,772.25,367,321,46,2020,2020
PA-502,"Upper Darby, Chester, Haverford/Delaware County CoC",2021,1106.31,814.6,279,229,50,2021,2020
PA-502,"Upper Darby, Chester, Haverford/Delaware County CoC",2022,1191.1,874.04,335,289,46,2022,2020
PA-502,"Upper Darby, Chester, Haverford/Delaware County CoC",2023,1242.08,917.46,360,325,35,2023,2020
PA-502,"Upper Darby, Chester, Haverford/Delaware County CoC",2024,1288.23,947.0,575,468,107,2024,2020
PA-503,"Wilkes-Barre, Hazleton/Luzerne County CoC",2010,456.22,346.64,201,195,6,2010,2010
PA-503,"Wilkes-Barre, Hazleton/Luzerne County CoC",2011,474.84,360.33,180,171,9,2011,2010
PA-503,"Wilkes-Barre, Hazleton/Luzerne County CoC",2012,491.97,364.45,178,173,5,2012,2010
PA-503,"Wilkes-Barre, Hazleton/Luzerne County CoC",2013,514.04,381.64,165,153,12,2013,2010
PA-503,"Wilkes-Barre, Hazleton/Luzerne County CoC",2014,529.82,389.58,192,180,12,2014,2010
PA-503,"Wilkes-Barre, Hazleton/Luzerne County CoC",2015,545.63,401.11,174,158,16,2015,2010
PA-503,"Wilkes-Barre, Hazleton/Luzerne County CoC",2016,557.39,407.85,169,160,9,2016,2010
PA-503,"Wilkes-Barre, Hazleton/Luzerne County CoC",2017,583.01,423.74,174,171,3,2017,2010
PA-503,"Wilkes-Barre, Hazleton/Luzerne County CoC",2018,589.22,434.48,165,159,6,2018,2010
PA-503,"Wilkes-Barre, Hazleton/Luzerne County CoC",2019,609.63,453.59,164,157,7,2019,2010
PA-503,"Wilkes-Barre, Hazleton/Luzerne County CoC",2020,609.82,458.11,181,173,8,2020,2020
PA-503,"Wilkes-Barre, Hazleton/Luzerne County CoC",2021,652.74,497.82,138,138,0,2021,2020
PA-503,"Wilkes-Barre, Hazleton/Luzerne County CoC",2022,715.62,545.48,150,150,0,2022,2020
PA-503,"Wilkes-Barre, Hazleton/Luzerne County CoC",2023,772.57,565.87,138,137,1,2023,2020
PA-503,"Wilkes-Barre, Hazleton/Luzerne County CoC",2024,798.97,599.93,167,160,7,2024,2020
PA-504,"Lower Merion, Norristown, Abington/Montgomery County CoC",2010,935.94,708.03,428,390,38,2010,2010
PA-504,"Lower Merion, Norristown, Abington/Montgomery County CoC",2011,977.48,732.09,410,400,10,2011,2010
PA-504,"Lower Merion, Norristown, Abington/Montgomery County CoC",2012,997.85,741.24,419,396,23,2012,2010
PA-504,"Lower Merion, Norristown, Abington/Montgomery County CoC",2013,1024.26,763.45,464,451,13,2013,2010
PA-504,"Lower Merion, Norristown, Abington/Montgomery County CoC",2014,1047.42,782.52,438,432,6,2014,2010
PA-504,"Lower Merion, Norristown, Abington/Montgomery County CoC",2015,1067.47,787.52,429,426,3,2015,2010
PA-504,"Lower Merion, Norristown, Abington/Montgomery County CoC",2016,1090.44,808.89,398,378,20,2016,2010
PA-504,"Lower Merion, Norristown, Abington/Montgomery County CoC",2017,1119.83,829.43,310,291,19,2017,2010
PA-504,"Lower Merion, Norristown, Abington/Montgomery County CoC",2018,1159.25,860.61,291,271,20,2018,2010
PA-504,"Lower Merion, Norristown, Abington/Montgomery County CoC",2019,1199.28,883.4,246,227,19,2019,2010
PA-504,"Lower Merion, Norristown, Abington/Montgomery County CoC",2020,1242.33,908.61,282,249,33,2020,2020
PA-504,"Lower Merion, Norristown, Abington/Montgomery County CoC",2021,1308.96,955.27,261,221,40,2021,2020
PA-504,"Lower Merion, Norristown, Abington/Montgomery County CoC",2022,1441.86,1029.42,568,532,36,2022,2020
PA-504,"Lower Merion, Norristown, Abington/Montgomery County CoC",2023,1520.5,1081.71,357,247,110,2023,2020
PA-504,"Lower Merion, Norristown, Abington/Montgomery County CoC",2024,1582.6,1125.93,467,366,101,2024,2020
PA-505,Chester County CoC,2010,950.45,708.45,319,312,7,2010,2010
PA-505,Chester County CoC,2011,1000.16,735.84,726,717,9,2011,2010
PA-505,Chester County CoC,2012,1018.98,743.34,691,667,24,2012,2010
PA-505,Chester County CoC,2013,1048.92,776.42,641,598,43,2013,2010
PA-505,Chester County CoC,2014,1084.05,794.19,679,640,39,2014,2010
PA-505,Chester County CoC,2015,1077.29,804.13,612,597,15,2015,2010
PA-505,Chester County CoC,2016,1096.75,812.05,558,553,5,2016,2010
PA-505,Chester County CoC,2017,1127.67,835.24,578,554,24,2017,2010
PA-505,Chester County CoC,2018,1154.03,850.23,579,566,13,2018,2010
PA-505,Chester County CoC,2019,1197.6,868.33,528,508,20,2019,2010
PA-505,Chester County CoC,2020,1240.17,885.46,522,499,23,2020,2020
PA-505,Chester County CoC,2021,1309.28,947.67,327,327,0,2021,2020
PA-505,Chester County CoC,2022,1457.42,1040.44,402,379,23,2022,2020
PA-505,Chester County CoC,2023,1554.68,1105.5,436,407,29,2023,2020
PA-505,Chester County CoC,2024,1618.64,1143.36,213,194,19,2024,2020
PA-506,Reading/Berks County CoC,2010,621.3,470.58,513,500,13,2010,2010
PA-506,Reading/Berks County CoC,2011,642.33,491.14,357,350,7,2011,2010
PA-506,Reading/Berks County CoC,2012,661.18,510.55,340,323,17,2012,2010
PA-506,Reading/Berks County CoC,2013,668.55,518.54,468,455,13,2013,2010
PA-506,Reading/Berks County CoC,2014,682.57,523.4,604,593,11,2014,2010
PA-506,Reading/Berks County CoC,2015,682.24,521.71,561,557,4,2015,2010
PA-506,Reading/Berks County CoC,2016,702.67,531.22,521,518,3,2016,2010
PA-506,Reading/Berks County CoC,2017,719.69,548.02,534,521,13,2017,2010
PA-506,Reading/Berks County CoC,2018,750.22,568.89,562,551,11,2018,2010
PA-506,Reading/Berks County CoC,2019,770.29,593.03,597,587,10,2019,2010
PA-506,Reading/Berks County CoC,2020,805.21,608.69,524,510,14,2020,2020
PA-506,Reading/Berks County CoC,2021,835.1,628.3,513,506,7,2021,2020
PA-506,Reading/Berks County CoC,2022,911.82,689.59,573,530,43,2022,2020
PA-506,Reading/Berks County CoC,2023,960.99,718.22,554,504,50,2023,2020
PA-506,Reading/Berks County CoC,2024,1006.26,757.26,761,529,232,2024,2020
PA-508,Scranton/Lackawanna County CoC,2010,491.99,369.99,285,243,42,2010,2010
PA-508,Scranton/Lackawanna County CoC,2011,512.83,388.11,276,236,40,2011,2010
PA-508,Scranton/Lackawanna County CoC,2012,528.21,406.59,260,238,22,2012,2010
PA-508,Scranton/Lackawanna County CoC,2013,544.51,413.92,252,247,5,2013,2010
PA-508,Scranton/Lackawanna County CoC,2014,564.05,421.22,287,282,5,2014,2010
PA-508,Scranton/Lackawanna County CoC,2015,574.87,430.94,233,223,10,2015,2010
PA-508,Scranton/Lackawanna County CoC,2016,588.42,437.53,242,231,11,2016,2010
PA-508,Scranton/Lackawanna County CoC,2017,606.94,449.49,197,183,14,2017,2010
PA-508,Scranton/Lackawanna County CoC,2018,633.39,476.43,159,154,5,2018,2010
PA-508,Scranton/Lackawanna County CoC,2019,642.97,501.73,186,177,9,2019,2010
PA-508,Scranton/Lackawanna County CoC,2020,660.15,510.49,177,161,16,2020,2020
PA-508,Scranton/Lackawanna County CoC,2021,686.51,527.94,165,157,8,2021,2020
PA-508,Scranton/Lackawanna County CoC,2022,752.21,576.43,188,175,13,2022,2020
PA-508,Scranton/Lackawanna County CoC,2023,797.95,593.92,234,199,35,2023,2020
PA-508,Scranton/Lackawanna County CoC,2024,822.99,613.24,182,133,49,2024,2020
PA-509,Eastern Pennsylvania CoC,2010,567.71,391.46,1895,1752,143,2010,2010
PA-509,Eastern Pennsylvania CoC,2011,592.13,406.98,1720,1589,131,2011,2010
PA-509,Eastern Pennsylvania CoC,2012,613.94,420.59,1752,1621,131,2012,2010
PA-509,Eastern Pennsylvania CoC,2013,632.72,431.73,2081,1764,317,2013,2010
PA-509,Eastern Pennsylvania CoC,2014,648.37,441.98,2021,1786,235,2014,2010
PA-509,Eastern Pennsylvania CoC,2015,656.36,448.93,2410,1994,416,2015,2010
PA-509,Eastern Pennsylvania CoC,2016,675.84,462.82,2599,1996,603,2016,2010
PA-509,Eastern Pennsylvania CoC,2017,695.52,479.23,2170,1765,405,2017,2010
PA-509,Eastern Pennsylvania CoC,2018,718.95,500.34,1998,1652,346,2018,2010
PA-509,Eastern Pennsylvania CoC,2019,741.41,510.48,1843,1506,337,2019,2010
PA-509,Eastern Pennsylvania CoC,2020,766.11,524.12,2032,1666,366,2020,2020
PA-509,Eastern Pennsylvania CoC,2021,803.57,544.81,1396,1396,0,2021,2020
PA-509,Eastern Pennsylvania CoC,2022,874.82,587.1,2290,1976,314,2022,2020
PA-509,Eastern Pennsylvania CoC,2023,916.0,602.66,2024,1737,287,2023,2020
PA-509,Eastern Pennsylvania CoC,2024,949.63,624.39,2262,1770,492,2024,2020
PA-510,Lancaster City & County CoC,2010,705.07,504.86,602,579,23,2010,2010
PA-510,Lancaster City & County CoC,2011,732.95,528.71,505,498,7,2011,2010
PA-510,Lancaster City & County CoC,2012,761.07,549.11,562,553,9,2012,2010
PA-510,Lancaster City & County CoC,2013,781.15,561.87,518,508,10,2013,2010
PA-510,Lancaster City & County CoC,2014,791.35,575.47,498,492,6,2014,2010
PA-510,Lancaster City & County CoC,2015,811.92,584.01,378,368,10,2015,2010
PA-510,Lancaster City & County CoC,2016,838.42,605.78,356,349,7,2016,2010
PA-510,Lancaster City & County CoC,2017,863.14,619.42,321,295,26,2017,2010
PA-510,Lancaster City & County CoC,2018,870.7,633.79,406,390,16,2018,2010
PA-510,Lancaster City & County CoC,2019,900.48,654.27,422,410,12,2019,2010
PA-510,Lancaster City & County CoC,2020,941.78,679.47,461,441,20,2020,2020
PA-510,Lancaster City & County CoC,2021,998.11,720.17,394,394,0,2021,2020
PA-510,Lancaster City & County CoC,2022,1116.76,783.49,472,452,20,2022,2020
PA-510,Lancaster City & County CoC,2023,1180.39,826.01,526,419,107,2023,2020
PA-510,Lancaster City & County CoC,2024,1237.21,863.73,597,475,122,2024,2020
PA-511,"Bristol, Bensalem/Bucks County CoC",2010,950.94,718.88,474,438,36,2010,2010
PA-511,"Bristol, Bensalem/Bucks County CoC",2011,981.1,746.7,505,472,33,2011,2010
PA-511,"Bristol, Bensalem/Bucks County CoC",2012,1017.02,761.63,458,407,51,2012,2010
PA-511,"Bristol, Bensalem/Bucks County CoC",2013,1026.32,768.54,451,410,41,2013,2010
PA-511,"Bristol, Bensalem/Bucks County CoC",2014,1042.75,797.18,492,464,28,2014,2010
PA-511,"Bristol, Bensalem/Bucks County CoC",2015,1050.77,806.39,487,449,38,2015,2010
PA-511,"Bristol, Bensalem/Bucks County CoC",2016,1062.79,810.19,530,500,30,2016,2010
PA-511,"Bristol, Bensalem/Bucks County CoC",2017,1085.51,824.93,511,462,49,2017,2010
PA-511,"Bristol, Bensalem/Bucks County CoC",2018,1128.23,861.45,397,378,19,2018,2010
PA-511,"Bristol, Bensalem/Bucks County CoC",2019,1171.3,872.44,359,338,21,2019,2010
PA-511,"Bristol, Bensalem/Bucks County CoC",2020,1199.89,900.45,333,303,30,2020,2020
PA-511,"Bristol, Bensalem/Bucks County CoC",2021,1269.21,929.81,282,259,23,2021,2020
PA-511,"Bristol, Bensalem/Bucks County CoC",2022,1375.7,1017.3,427,399,28,2022,2020
PA-511,"Bristol, Bensalem/Bucks County CoC",2023,1438.37,1039.45,320,253,67,2023,2020
PA-511,"Bristol, Bensalem/Bucks County CoC",2024,1489.34,1059.22,407,316,91,2024,2020
PA-512,York City & County CoC,2010,614.94,466.2,,,,2010,2010
PA-512,York City & County CoC,2011,636.49,485.98,257,232,25,2011,2010
PA-512,York City & County CoC,2012,646.83,500.34,284,259,25,2012,2010
PA-512,York City & County CoC,2013,666.42,516.4,278,248,30,2013,2010
PA-512,York City & County CoC,2014,678.64,526.98,302,272,30,2014,2010
PA-512,York City & County CoC,2015,690.38,538.86,345,301,44,2015,2010
PA-512,York City & County CoC,2016,707.91,553.04,365,294,71,2016,2010
PA-512,York City & County CoC,2017,739.12,572.18,288,243,45,2017,2010
PA-512,York City & County CoC,2018,759.55,591.11,324,291,33,2018,2010
PA-512,York City & County CoC,2019,788.42,607.22,321,289,32,2019,2010
PA-512,York City & County CoC,2020,814.54,618.41,370,312,58,2020,2020
PA-512,York City & County CoC,2021,855.3,652.73,237,219,18,2021,2020
PA-512,York City & County CoC,2022,915.89,702.1,358,261,97,2022,2020
PA-512,York City & County CoC,2023,965.96,725.34,332,263,69,2023,2020
PA-512,York City & County CoC,2024,1007.02,748.94,391,315,76,2024,2020
PA-600,"Pittsburgh, McKeesport, Penn Hills/Allegheny County CoC",2010,577.96,414.54,1265,1146,119,2010,2010
PA-600,"Pittsburgh, McKeesport, Penn Hills/Allegheny County CoC",2011,602.14,427.96,1423,1366,57,2011,2010
PA-600,"Pittsburgh, McKeesport, Penn Hills/Allegheny County CoC",2012,618.02,439.45,1376,1320,56,2012,2010
PA-600,"Pittsburgh, McKeesport, Penn Hills/Allegheny County CoC",2013,638.97,449.91,1492,1401,91,2013,2010
PA-600,"Pittsburgh, McKeesport, Penn Hills/Allegheny County CoC",2014,660.46,460.1,1573,1465,108,2014,2010
PA-600,"Pittsburgh, McKeesport, Penn Hills/Allegheny County CoC",2015,678.05,473.18,1424,1386,38,2015,2010
PA-600,"Pittsburgh, McKeesport, Penn Hills/Allegheny County CoC",2016,700.49,486.91,1156,1108,48,2016,2010
PA-600,"Pittsburgh, McKeesport, Penn Hills/Allegheny County CoC",2017,734.06,507.9,1145,1092,53,2017,2010
PA-600,"Pittsburgh, McKeesport, Penn Hills/Allegheny County CoC",2018,759.5,525.62,783,727,56,2018,2010
PA-600,"Pittsburgh, McKeesport, Penn Hills/Allegheny County CoC",2019,790.59,542.4,774,726,48,2019,2010
PA-600,"Pittsburgh, McKeesport, Penn Hills/Allegheny County CoC",2020,815.16,559.41,887,724,163,2020,2020
PA-600,"Pittsburgh, McKeesport, Penn Hills/Allegheny County CoC",2021,860.99,593.02,692,627,65,2021,2020
PA-600,"Pittsburgh, McKeesport, Penn Hills/Allegheny County CoC",2022,933.39,635.82,880,775,105,2022,2020
PA-600,"Pittsburgh, McKeesport, Penn Hills/Allegheny County CoC",2023,985.85,672.48,1026,871,155,2023,2020
PA-600,"Pittsburgh, McKeesport, Penn Hills/Allegheny County CoC",2024,1035.85,698.58,1164,995,169,2024,2020
PA-601,Western Pennsylvania CoC,2010,439.16,321.37,910,890,20,2010,2010
PA-601,Western Pennsylvania CoC,2011,452.68,332.54,991,925,66,2011,2010
PA-601,Western Pennsylvania CoC,2012,468.35,339.32,1097,1031,66,2012,2010
PA-601,Western Pennsylvania CoC,2013,480.61,351.42,1170,1060,110,2013,2010
PA-601,Western Pennsylvania CoC,2014,494.32,359.15,1101,1045,56,2014,2010
PA-601,Western Pennsylvania CoC,2015,502.22,362.45,1002,937,65,2015,2010
PA-601,Western Pennsylvania CoC,2016,515.04,370.34,986,917,69,2016,2010
PA-601,Western Pennsylvania CoC,2017,527.94,380.56,837,774,63,2017,2010
PA-601,Western Pennsylvania CoC,2018,549.47,396.24,748,710,38,2018,2010
PA-601,Western Pennsylvania CoC,2019,566.15,406.85,727,693,34,2019,2010
PA-601,Western Pennsylvania CoC,2020,583.24,415.09,754,693,61,2020,2020
PA-601,Western Pennsylvania CoC,2021,609.16,425.37,603,577,26,2021,2020
PA-601,Western Pennsylvania CoC,2022,660.27,464.61,735,735,0,2022,2020
PA-601,Western Pennsylvania CoC,2023,686.57,480.01,730,681,49,2023,2020
PA-601,Western Pennsylvania CoC,2024,701.02,487.67,774,725,49,2024,2020
PA-603,Beaver County CoC,2010,452.92,321.68,134,122,12,2010,2010
PA-603,Beaver County CoC,2011,468.58,335.21,119,112,7,2011,2010
PA-603,Beaver County CoC,2012,478.27,347.93,110,105,5,2012,2010
PA-603,Beaver County CoC,2013,480.01,346.97,90,87,3,2013,2010
PA-603,Beaver County CoC,2014,489.7,351.88,95,93,2,2014,2010
PA-603,Beaver County CoC,2015,488.08,360.08,120,113,7,2015,2010
PA-603,Beaver County CoC,2016,497.92,370.83,131,125,6,2016,2010
PA-603,Beaver County CoC,2017,509.17,372.85,98,88,10,2017,2010
PA-603,Beaver County CoC,2018,525.53,388.69,117,111,6,2018,2010
PA-603,Beaver County CoC,2019,544.9,403.79,123,117,6,2019,2010
PA-603,Beaver County CoC,2020,569.28,417.99,101,92,9,2020,2020
PA-603,Beaver County CoC,2021,600.68,428.38,138,136,2,2021,2020
PA-603,Beaver County CoC,2022,661.97,465.06,103,97,6,2022,2020
PA-603,Beaver County CoC,2023,692.6,487.64,70,69,1,2023,2020
PA-603,Beaver County CoC,2024,719.97,495.96,101,88,13,2024,2020
PA-605,Erie City & County CoC,2010,485.44,364.66,296,279,17,2010,2010
PA-605,Erie City & County CoC,2011,505.6,377.62,405,372,33,2011,2010
PA-605,Erie City & County CoC,2012,520.91,398.05,439,393,46,2012,2010
PA-605,Erie City & County CoC,2013,534.63,406.24,435,383,52,2013,2010
PA-605,Erie City & County CoC,2014,550.35,415.05,408,361,47,2014,2010
PA-605,Erie City & County CoC,2015,552.93,417.07,410,394,16,2015,2010
PA-605,Erie City & County CoC,2016,563.56,424.75,377,367,10,2016,2010
PA-605,Erie City & County CoC,2017,590.44,430.7,369,361,8,2017,2010
PA-605,Erie City & County CoC,2018,598.33,441.53,336,332,4,2018,2010
PA-605,Erie City & County CoC,2019,608.31,446.08,356,350,6,2019,2010
PA-605,Erie City & County CoC,2020,613.29,460.24,348,342,6,2020,2020
PA-605,Erie City & County CoC,2021,636.97,478.19,254,254,0,2021,2020
PA-605,Erie City & County CoC,2022,692.86,517.12,298,275,23,2022,2020
PA-605,Erie City & County CoC,2023,722.02,544.36,371,331,40,2023,2020
PA-605,Erie City & County CoC,2024,755.31,549.92,454,378,76,2024,2020
RI-500,Rhode Island Statewide CoC,2010,754.7,517.68,1282,1206,76,2010,2010
RI-500,Rhode Island Statewide CoC,2011,771.29,528.11,1070,1039,31,2011,2010
RI-500,Rhode Island Statewide CoC,2012,782.01,535.56,1277,1249,28,2012,2010
RI-500,Rhode Island Statewide CoC,2013,789.01,545.14,1384,1267,117,2013,2010
RI-500,Rhode Island Statewide CoC,2014,795.3,560.53,1190,1170,20,2014,2010
RI-500,Rhode Island Statewide CoC,2015,796.09,570.45,1111,1075,36,2015,2010
RI-500,Rhode Island Statewide CoC,2016,816.14,589.18,1160,1123,37,2016,2010
RI-500,Rhode Island Statewide CoC,2017,831.13,601.18,1180,1111,69,2017,2010
RI-500,Rhode Island Statewide CoC,2018,861.59,608.68,1101,1050,51,2018,2010
RI-500,Rhode Island Statewide CoC,2019,889.29,617.29,1055,984,71,2019,2010
RI-500,Rhode Island Statewide CoC,2020,916.2,629.97,1104,996,108,2020,2020
RI-500,Rhode Island Statewide CoC,2021,958.11,657.64,1267,1086,181,2021,2020
RI-500,Rhode Island Statewide CoC,2022,1068.68,726.96,1577,1329,248,2022,2020
RI-500,Rhode Island Statewide CoC,2023,1137.16,760.42,1810,1476,334,2023,2020
RI-500,Rhode Island Statewide CoC,2024,1181.19,784.5,2442,1908,534,2024,2020
SC-500,Charleston/Low Country CoC,2010,719.03,520.53,416,347,69,2010,2010
SC-500,Charleston/Low Country CoC,2011,747.02,533.33,569,357,212,2011,2010
SC-500,Charleston/Low Country CoC,2012,766.13,559.83,483,271,212,2012,2010
SC-500,Charleston/Low Country CoC,2013,781.32,570.58,733,332,401,2013,2010
SC-500,Charleston/Low Country CoC,2014,802.98,585.17,516,379,137,2014,2010
SC-500,Charleston/Low Country CoC,2015,819.17,590.66,606,441,165,2015,2010
SC-500,Charleston/Low Country CoC,2016,844.81,607.55,550,287,263,2016,2010
SC-500,Charleston/Low Country CoC,2017,879.63,616.43,425,221,204,2017,2010
SC-500,Charleston/Low Country CoC,2018,934.24,642.2,451,337,114,2018,2010
SC-500,Charleston/Low Country CoC,2019,978.66,675.71,403,275,128,2019,2010
SC-500,Charleston/Low Country CoC,2020,1029.21,720.91,433,280,153,2020,2020
SC-500,Charleston/Low Country CoC,2021,1103.4,760.8,274,192,82,2021,2020
SC-500,Charleston/Low Country CoC,2022,1231.65,861.88,324,202,122,2022,2020
SC-500,Charleston/Low Country CoC,2023,1330.64,924.82,404,189,215,2023,2020
SC-500,Charleston/Low Country CoC,2024,1436.69,1005.89,476,191,285,2024,2020
SC-501,"Greenville, Anderson, Spartanburg/Upstate CoC",2010,492.01,353.65,1164,1008,156,2010,2010
SC-501,"Greenville, Anderson, Spartanburg/Upstate CoC",2011,507.42,367.34,1401,1216,185,2011,2010
SC-501,"Greenville, Anderson, Spartanburg/Upstate CoC",2012,523.97,381.23,1324,1139,185,2012,2010
SC-501,"Greenville, Anderson, Spartanburg/Upstate CoC",2013,536.14,390.32,2308,1600,708,2013,2010
SC-501,"Greenville, Anderson, Spartanburg/Upstate CoC",2014,547.0,399.6,1636,1246,390,2014,2010
SC-501,"Greenville, Anderson, Spartanburg/Upstate CoC",2015,555.87,403.6,1961,1555,406,2015,2010
SC-501,"Greenville, Anderson, Spartanburg/Upstate CoC",2016,569.7,411.67,1829,1569,260,2016,2010
SC-501,"Greenville, Anderson, Spartanburg/Upstate CoC",2017,592.1,422.53,1317,932,385,2017,2010
SC-501,"Greenville, Anderson, Spartanburg/Upstate CoC",2018,618.22,437.18,1185,849,336,2018,2010
SC-501,"Greenville, Anderson, Spartanburg/Upstate CoC",2019,646.43,451.65,1401,895,506,2019,2010
SC-501,"Greenville, Anderson, Spartanburg/Upstate CoC",2020,680.96,472.84,1536,1039,497,2020,2020
SC-501,"Greenville, Anderson, Spartanburg/Upstate CoC",2021,726.64,500.07,783,783,0,2021,2020
SC-501,"Greenville, Anderson, Spartanburg/Upstate CoC",2022,802.19,548.93,1263,911,352,2022,2020
SC-501,"Greenville, Anderson, Spartanburg/Upstate CoC",2023,860.71,576.05,1424,1048,376,2023,2020
SC-501,"Greenville, Anderson, Spartanburg/Upstate CoC",2024,908.39,609.91,1669,1054,615,2024,2020
SC-502,Columbia/Midlands CoC,2010,546.52,396.66,1368,929,439,2010,2010
SC-502,Columbia/Midlands CoC,2011,574.19,411.4,1621,919,702,2011,2010
SC-502,Columbia/Midlands CoC,2012,589.52,422.89,1648,946,702,2012,2010
SC-502,Columbia/Midlands CoC,2013,605.53,430.2,2007,1073,934,2013,2010
SC-502,Columbia/Midlands CoC,2014,622.11,434.69,1588,1162,426,2014,2010
SC-502,Columbia/Midlands CoC,2015,637.37,444.46,1468,1066,402,2015,2010
SC-502,Columbia/Midlands CoC,2016,649.82,457.88,1350,1015,335,2016,2010
SC-502,Columbia/Midlands CoC,2017,668.65,472.96,1200,893,307,2017,2010
SC-502,Columbia/Midlands CoC,2018,692.01,495.21,1205,1005,200,2018,2010
SC-502,Columbia/Midlands CoC,2019,719.54,509.15,1215,923,292,2019,2010
SC-502,Columbia/Midlands CoC,2020,749.8,517.39,1140,874,266,2020,2020
SC-502,Columbia/Midlands CoC,2021,791.44,547.48,938,695,243,2021,2020
SC-502,Columbia/Midlands CoC,2022,879.98,592.37,987,761,226,2022,2020
SC-502,Columbia/Midlands CoC,2023,931.62,625.52,1165,956,209,2023,2020
SC-502,Columbia/Midlands CoC,2024,982.61,648.02,1423,1044,379,2024,2020
SC-503,Sumter City & County CoC,2010,490.22,315.99,1525,752,773,2010,2010
SC-503,Sumter City & County CoC,2011,507.2,329.81,1502,462,1040,2011,2010
SC-503,Sumter City & County CoC,2012,526.63,345.85,1460,420,1040,2012,2010
SC-503,Sumter City & County CoC,2013,536.41,358.21,1496,406,1090,2013,2010
SC-503,Sumter City & County CoC,2014,540.34,363.72,1317,462,855,2014,2010
SC-503,Sumter City & County CoC,2015,554.16,376.27,1319,396,923,2015,2010
SC-503,Sumter City & County CoC,2016,570.81,385.89,1322,490,832,2016,2010
SC-503,Sumter City & County CoC,2017,586.74,396.19,974,369,605,2017,2010
SC-503,Sumter City & County CoC,2018,603.73,406.02,1092,398,694,2018,2010
SC-503,Sumter City & County CoC,2019,629.3,423.07,1153,362,791,2019,2010
SC-503,Sumter City & County CoC,2020,647.97,432.17,1178,390,788,2020,2020
SC-503,Sumter City & County CoC,2021,683.81,445.65,1212,372,840,2021,2020
SC-503,Sumter City & County CoC,2022,749.72,487.43,1034,500,534,2022,2020
SC-503,Sumter City & County CoC,2023,801.6,503.93,1060,533,527,2023,2020
SC-503,Sumter City & County CoC,2024,853.2,513.65,1025,458,567,2024,2020
SD-500,South Dakota Statewide CoC,2010,474.08,312.05,731,667,64,2010,2010
SD-500,South Dakota Statewide CoC,2011,491.97,321.07,826,762,64,2011,2010
SD-500,South Dakota Statewide CoC,2012,510.14,334.33,859,795,64,2012,2010
SD-500,South Dakota Statewide CoC,2013,523.47,343.15,1094,755,339,2013,2010
SD-500,South Dakota Statewide CoC,2014,538.72,360.13,885,830,55,2014,2010
SD-500,South Dakota Statewide CoC,2015,553.41,374.5,1036,900,136,2015,2010
SD-500,South Dakota Statewide CoC,2016,566.4,395.34,1072,887,185,2016,2010
SD-500,South Dakota Statewide CoC,2017,589.58,409.03,943,772,171,2017,2010
SD-500,South Dakota Statewide CoC,2018,608.85,429.21,1159,874,285,2018,2010
SD-500,South Dakota Statewide CoC,2019,635.31,448.38,995,761,234,2019,2010
SD-500,South Dakota Statewide CoC,2020,647.11,451.6,1058,812,246,2020,2020
SD-500,South Dakota Statewide CoC,2021,690.95,481.35,817,817,0,2021,2020
SD-500,South Dakota Statewide CoC,2022,751.22,524.91,1389,1047,342,2022,2020
SD-500,South Dakota Statewide CoC,2023,786.97,541.83,1282,972,310,2023,2020
SD-500,South Dakota Statewide CoC,2024,821.17,560.56,1338,1111,227,2024,2020
TN-500,Chattanooga/Southeast Tennessee CoC,2010,501.97,367.98,622,323,299,2010,2010
TN-500,Chattanooga/Southeast Tennessee CoC,2011,511.68,376.32,561,334,227,2011,2010
TN-500,Chattanooga/Southeast Tennessee CoC,2012,525.78,388.05,548,374,174,2012,2010
TN-500,Chattanooga/Southeast Tennessee CoC,2013,541.19,397.24,591,422,169,2013,2010
TN-500,Chattanooga/Southeast Tennessee CoC,2014,555.28,402.53,627,456,171,2014,2010
TN-500,Chattanooga/Southeast Tennessee CoC,2015,558.25,402.75,636,489,147,2015,2010
TN-500,Chattanooga/Southeast Tennessee CoC,2016,578.98,414.63,527,450,77,2016,2010
TN-500,Chattanooga/Southeast Tennessee CoC,2017,601.0,425.45,576,359,217,2017,2010
TN-500,Chattanooga/Southeast Tennessee CoC,2018,631.62,444.17,623,330,293,2018,2010
TN-500,Chattanooga/Southeast Tennessee CoC,2019,655.1,465.53,463,282,181,2019,2010
TN-500,Chattanooga/Southeast Tennessee CoC,2020,692.01,491.64,648,324,324,2020,2020
TN-500,Chattanooga/Southeast Tennessee CoC,2021,734.99,511.33,1482,255,1227,2021,2020
TN-500,Chattanooga/Southeast Tennessee CoC,2022,819.13,564.55,3392,220,3172,2022,2020
TN-500,Chattanooga/Southeast Tennessee CoC,2023,890.65,589.86,1735,268,1467,2023,2020
TN-500,Chattanooga/Southeast Tennessee CoC,2024,956.04,622.94,975,295,680,2024,2020
TN-501,Memphis/Shelby County CoC,2010,605.78,451.89,1657,1494,163,2010,2010
TN-501,Memphis/Shelby County CoC,2011,629.08,468.37,1942,1758,184,2011,2010
TN-501,Memphis/Shelby County CoC,2012,645.28,480.35,2076,1750,326,2012,2010
TN-501,Memphis/Shelby County CoC,2013,662.05,486.51,1816,1660,156,2013,2010
TN-501,Memphis/Shelby County CoC,2014,675.71,497.6,1675,1554,121,2014,2010
TN-501,Memphis/Shelby County CoC,2015,674.56,502.78,1525,1447,78,2015,2010
TN-501,Memphis/Shelby County CoC,2016,691.61,510.23,1669,1548,121,2016,2010
TN-501,Memphis/Shelby County CoC,2017,711.17,523.77,1426,1347,79,2017,2010
TN-501,Memphis/Shelby County CoC,2018,724.35,533.37,1226,1124,102,2018,2010
TN-501,Memphis/Shelby County CoC,2019,748.62,546.63,1325,1267,58,2019,2010
TN-501,Memphis/Shelby County CoC,2020,778.09,570.75,1022,921,101,2020,2020
TN-501,Memphis/Shelby County CoC,2021,826.98,604.45,739,537,202,2021,2020
TN-501,Memphis/Shelby County CoC,2022,893.6,648.89,1055,826,229,2022,2020
TN-501,Memphis/Shelby County CoC,2023,953.13,696.87,1292,1127,165,2023,2020
TN-501,Memphis/Shelby County CoC,2024,1008.47,729.61,784,626,158,2024,2020
TN-502,Knoxville/Knox County CoC,2010,556.68,427.47,910,772,138,2010,2010
TN-502,Knoxville/Knox County CoC,2011,583.39,444.86,998,849,149,2011,2010
TN-502,Knoxville/Knox County CoC,2012,602.92,461.72,854,721,133,2012,2010
TN-502,Knoxville/Knox County CoC,2013,625.44,472.64,993,850,143,2013,2010
TN-502,Knoxville/Knox County CoC,2014,637.19,482.32,861,780,81,2014,2010
TN-502,Knoxville/Knox County CoC,2015,646.33,488.49,783,687,96,2015,2010
TN-502,Knoxville/Knox County CoC,2016,665.11,490.74,748,667,81,2016,2010
TN-502,Knoxville/Knox County CoC,2017,683.33,502.81,812,678,134,2017,2010
TN-502,Knoxville/Knox County CoC,2018,705.3,515.13,743,557,186,2018,2010
TN-502,Knoxville/Knox County CoC,2019,731.91,533.03,800,605,195,2019,2010
TN-502,Knoxville/Knox County CoC,2020,772.79,562.21,745,549,196,2020,2020
TN-502,Knoxville/Knox County CoC,2021,838.51,603.21,786,545,241,2021,2020
TN-502,Knoxville/Knox County CoC,2022,930.7,662.27,1178,805,373,2022,2020
TN-502,Knoxville/Knox County CoC,2023,1002.66,719.74,921,698,223,2023,2020
TN-502,Knoxville/Knox County CoC,2024,1092.44,779.72,899,585,314,2024,2020
TN-503,Central Tennessee CoC,2010,564.1,394.88,177,159,18,2010,2010
TN-503,Central Tennessee CoC,2011,591.49,410.16,232,213,19,2011,2010
TN-503,Central Tennessee CoC,2012,608.49,420.9,245,232,13,2012,2010
TN-503,Central Tennessee CoC,2013,628.89,431.83,283,270,13,2013,2010
TN-503,Central Tennessee CoC,2014,648.8,434.8,286,240,46,2014,2010
TN-503,Central Tennessee CoC,2015,671.04,442.02,268,209,59,2015,2010
TN-503,Central Tennessee CoC,2016,701.03,455.19,296,270,26,2016,2010
TN-503,Central Tennessee CoC,2017,728.24,469.12,285,260,25,2017,2010
TN-503,Central Tennessee CoC,2018,766.92,493.57,268,244,24,2018,2010
TN-503,Central Tennessee CoC,2019,802.21,516.86,357,310,47,2019,2010
TN-503,Central Tennessee CoC,2020,838.46,530.1,517,389,128,2020,2020
TN-503,Central Tennessee CoC,2021,881.85,564.84,292,232,60,2021,2020
TN-503,Central Tennessee CoC,2022,989.19,619.53,387,293,94,2022,2020
TN-503,Central Tennessee CoC,2023,1080.59,673.42,235,173,62,2023,2020
TN-503,Central Tennessee CoC,2024,1147.71,715.23,276,181,95,2024,2020
TN-504,Nashville-Davidson County CoC,2010,652.66,521.2,2324,1985,339,2010,2010
TN-504,Nashville-Davidson County CoC,2011,673.26,527.43,1938,1575,363,2011,2010
TN-504,Nashville-Davidson County CoC,2012,690.92,540.2,1934,1571,363,2012,2010
TN-504,Nashville-Davidson County CoC,2013,708.83,547.46,2069,1819,250,2013,2010
TN-504,Nashville-Davidson County CoC,2014,729.21,558.72,2234,2027,207,2014,2010
TN-504,Nashville-Davidson County CoC,2015,751.49,571.69,2154,1684,470,2015,2010
TN-504,Nashville-Davidson County CoC,2016,785.66,596.38,2365,1692,673,2016,2010
TN-504,Nashville-Davidson County CoC,2017,845.26,628.12,2337,1698,639,2017,2010
TN-504,Nashville-Davidson County CoC,2018,905.59,666.65,2298,1682,616,2018,2010
TN-504,Nashville-Davidson County CoC,2019,976.51,716.03,1986,1401,585,2019,2010
TN-504,Nashville-Davidson County CoC,2020,1051.77,765.84,2016,1432,584,2020,2020
TN-504,Nashville-Davidson County CoC,2021,1130.21,821.34,1107,1107,0,2021,2020
TN-504,Nashville-Davidson County CoC,2022,1252.48,925.37,1916,1282,634,2022,2020
TN-504,Nashville-Davidson County CoC,2023,1349.29,992.03,2129,1539,590,2023,2020
TN-504,Nashville-Davidson County CoC,2024,1420.98,1050.06,2094,1369,725,2024,2020
TN-506,Upper Cumberland CoC,2010,426.61,308.0,635,179,456,2010,2010
TN-506,Upper Cumberland CoC,2011,441.43,314.05,526,171,355,2011,2010
TN-506,Upper Cumberland CoC,2012,449.8,316.46,658,159,499,2012,2010
TN-506,Upper Cumberland CoC,2013,467.13,324.39,372,148,224,2013,2010
TN-506,Upper Cumberland CoC,2014,483.66,333.67,342,184,158,2014,2010
TN-506,Upper Cumberland CoC,2015,492.72,338.02,362,176,186,2015,2010
TN-506,Upper Cumberland CoC,2016,512.28,347.52,249,187,62,2016,2010
TN-506,Upper Cumberland CoC,2017,535.26,360.65,252,168,84,2017,2010
TN-506,Upper Cumberland CoC,2018,559.99,375.66,258,212,46,2018,2010
TN-506,Upper Cumberland CoC,2019,589.26,397.23,273,208,65,2019,2010
TN-506,Upper Cumberland CoC,2020,626.43,410.86,332,239,93,2020,2020
TN-506,Upper Cumberland CoC,2021,667.51,428.52,382,155,227,2021,2020
TN-506,Upper Cumberland CoC,2022,733.04,471.77,382,156,226,2022,2020
TN-506,Upper Cumberland CoC,2023,781.74,490.47,613,206,407,2023,2020
TN-506,Upper Cumberland CoC,2024,829.52,502.92,594,272,322,2024,2020
TN-507,Jackson/West Tennessee CoC,2010,396.99,279.33,2050,675,1375,2010,2010
TN-507,Jackson/West Tennessee CoC,2011,405.71,293.78,1894,428,1466,2011,2010
TN-507,Jackson/West Tennessee CoC,2012,419.58,301.47,1692,230,1462,2012,2010
TN-507,Jackson/West Tennessee CoC,2013,430.75,307.22,1673,270,1403,2013,2010
TN-507,Jackson/West Tennessee CoC,2014,443.2,314.38,1601,205,1396,2014,2010
TN-507,Jackson/West Tennessee CoC,2015,446.41,316.21,1563,151,1412,2015,2010
TN-507,Jackson/West Tennessee CoC,2016,463.35,324.2,1541,163,1378,2016,2010
TN-507,Jackson/West Tennessee CoC,2017,478.04,338.27,1103,134,969,2017,2010
TN-507,Jackson/West Tennessee CoC,2018,487.58,349.29,1026,122,904,2018,2010
TN-507,Jackson/West Tennessee CoC,2019,498.64,360.05,959,108,851,2019,2010
TN-507,Jackson/West Tennessee CoC,2020,513.48,370.22,861,60,801,2020,2020
TN-507,Jackson/West Tennessee CoC,2021,537.21,379.81,891,114,777,2021,2020
TN-507,Jackson/West Tennessee CoC,2022,584.36,409.36,906,169,737,2022,2020
TN-507,Jackson/West Tennessee CoC,2023,607.89,427.56,765,69,696,2023,2020
TN-507,Jackson/West Tennessee CoC,2024,630.31,436.9,819,54,765,2024,2020
TN-509,Appalachian Regional CoC,2010,417.22,315.67,840,641,199,2010,2010
TN-509,Appalachian Regional CoC,2011,434.59,325.5,360,259,101,2011,2010
TN-509,Appalachian Regional CoC,2012,452.02,336.86,424,323,101,2012,2010
TN-509,Appalachian Regional CoC,2013,462.71,338.9,694,417,277,2013,2010
TN-509,Appalachian Regional CoC,2014,470.39,346.01,598,432,166,2014,2010
TN-509,Appalachian Regional CoC,2015,480.69,352.27,577,425,152,2015,2010
TN-509,Appalachian Regional CoC,2016,494.66,358.87,448,299,149,2016,2010
TN-509,Appalachian Regional CoC,2017,502.62,365.64,450,305,145,2017,2010
TN-509,Appalachian Regional CoC,2018,516.66,376.32,360,250,110,2018,2010
TN-509,Appalachian Regional CoC,2019,530.41,390.75,405,256,149,2019,2010
TN-509,Appalachian Regional CoC,2020,547.74,400.04,386,259,127,2020,2020
TN-509,Appalachian Regional CoC,2021,578.72,411.72,310,199,111,2021,2020
TN-509,Appalachian Regional CoC,2022,633.07,452.46,392,281,111,2022,2020
TN-509,Appalachian Regional CoC,2023,669.33,470.05,572,327,245,2023,2020
TN-509,Appalachian Regional CoC,2024,706.53,483.34,688,273,415,2024,2020
TN-510,Murfreesboro/Rutherford County CoC,2010,676.94,530.99,219,115,104,2010,2010
TN-510,Murfreesboro/Rutherford County CoC,2011,689.03,538.7,225,127,98,2011,2010
TN-510,Murfreesboro/Rutherford County CoC,2012,708.35,555.47,218,122,96,2012,2010
TN-510,Murfreesboro/Rutherford County CoC,2013,709.6,557.78,241,161,80,2013,2010
TN-510,Murfreesboro/Rutherford County CoC,2014,724.84,567.39,258,182,76,2014,2010
TN-510,Murfreesboro/Rutherford County CoC,2015,735.82,581.99,289,169,120,2015,2010
TN-510,Murfreesboro/Rutherford County CoC,2016,774.65,614.9,306,187,119,2016,2010
TN-510,Murfreesboro/Rutherford County CoC,2017,820.86,639.4,316,227,89,2017,2010
TN-510,Murfreesboro/Rutherford County CoC,2018,869.45,671.37,283,209,74,2018,2010
TN-510,Murfreesboro/Rutherford County CoC,2019,916.73,712.69,384,222,162,2019,2010
TN-510,Murfreesboro/Rutherford County CoC,2020,958.59,752.53,322,166,156,2020,2020
TN-510,Murfreesboro/Rutherford County CoC,2021,1030.16,788.16,362,177,185,2021,2020
TN-510,Murfreesboro/Rutherford County CoC,2022,1151.22,887.0,371,225,146,2022,2020
TN-510,Murfreesboro/Rutherford County CoC,2023,1256.89,956.15,337,182,155,2023,2020
TN-510,Murfreesboro/Rutherford County CoC,2024,1358.26,1012.59,367,97,270,2024,2020
TN-512,"Morristown/Blount, Sevier, Campbell, Cocke Counties CoC",2010,458.04,330.79,842,656,186,2010,2010
TN-512,"Morristown/Blount, Sevier, Campbell, Cocke Counties CoC",2011,470.16,344.4,437,201,236,2011,2010
TN-512,"Morristown/Blount, Sevier, Campbell, Cocke Counties CoC",2012,484.12,350.9,777,296,481,2012,2010
TN-512,"Morristown/Blount, Sevier, Campbell, Cocke Counties CoC",2013,498.9,359.69,796,304,492,2013,2010
TN-512,"Morristown/Blount, Sevier, Campbell, Cocke Counties CoC",2014,503.9,362.79,933,323,610,2014,2010
TN-512,"Morristown/Blount, Sevier, Campbell, Cocke Counties CoC",2015,510.75,367.41,966,442,524,2015,2010
TN-512,"Morristown/Blount, Sevier, Campbell, Cocke Counties CoC",2016,518.27,372.17,630,310,320,2016,2010
TN-512,"Morristown/Blount, Sevier, Campbell, Cocke Counties CoC",2017,526.58,382.29,752,368,384,2017,2010
TN-512,"Morristown/Blount, Sevier, Campbell, Cocke Counties CoC",2018,536.49,391.94,798,298,500,2018,2010
TN-512,"Morristown/Blount, Sevier, Campbell, Cocke Counties CoC",2019,554.78,408.55,515,210,305,2019,2010
TN-512,"Morristown/Blount, Sevier, Campbell, Cocke Counties CoC",2020,578.82,415.86,407,133,274,2020,2020
TN-512,"Morristown/Blount, Sevier, Campbell, Cocke Counties CoC",2021,611.84,433.8,472,122,350,2021,2020
TN-512,"Morristown/Blount, Sevier, Campbell, Cocke Counties CoC",2022,668.3,472.71,588,177,411,2022,2020
TN-512,"Morristown/Blount, Sevier, Campbell, Cocke Counties CoC",2023,708.6,495.31,616,105,511,2023,2020
TN-512,"Morristown/Blount, Sevier, Campbell, Cocke Counties CoC",2024,754.14,508.85,784,180,604,2024,2020
TX-500,San Antonio/Bexar County CoC,2010,648.43,485.72,3291,1674,1617,2010,2010
TX-500,San Antonio/Bexar County CoC,2011,672.38,504.67,3222,2046,1176,2011,2010
TX-500,San Antonio/Bexar County CoC,2012,696.45,518.92,3670,2043,1627,2012,2010
TX-500,San Antonio/Bexar County CoC,2013,719.95,533.81,2980,1737,1243,2013,2010
TX-500,San Antonio/Bexar County CoC,2014,739.77,548.22,2892,1970,922,2014,2010
TX-500,San Antonio/Bexar County CoC,2015,754.22,560.7,2891,1733,1158,2015,2010
TX-500,San Antonio/Bexar County CoC,2016,782.87,581.19,2781,1644,1137,2016,2010
TX-500,San Antonio/Bexar County CoC,2017,814.57,611.3,2743,1641,1102,2017,2010
TX-500,San Antonio/Bexar County CoC,2018,853.06,637.21,3066,1713,1353,2018,2010
TX-500,San Antonio/Bexar County CoC,2019,889.92,665.26,2872,1685,1187,2019,2010
TX-500,San Antonio/Bexar County CoC,2020,921.28,693.68,2932,1658,1274,2020,2020
TX-500,San Antonio/Bexar County CoC,2021,979.29,736.76,1499,1499,0,2021,2020
TX-500,San Antonio/Bexar County CoC,2022,1068.04,806.29,2995,1959,1036,2022,2020
TX-500,San Antonio/Bexar County CoC,2023,1135.49,859.62,3155,2281,874,2023,2020
TX-500,San Antonio/Bexar County CoC,2024,1191.97,898.33,3398,2484,914,2024,2020
TX-503,Austin/Travis County CoC,2010,774.64,607.12,2087,1254,833,2010,2010
TX-503,Austin/Travis County CoC,2011,804.71,630.43,2362,1358,1004,2011,2010
TX-503,Austin/Travis County CoC,2012,834.24,648.04,2244,1375,869,2012,2010
TX-503,Austin/Travis County CoC,2013,861.87,667.52,2090,1325,765,2013,2010
TX-503,Austin/Travis County CoC,2014,895.43,687.87,1987,1539,448,2014,2010
TX-503,Austin/Travis County CoC,2015,928.01,709.95,1832,1165,667,2015,2010
TX-503,Austin/Travis County CoC,2016,979.17,755.49,2138,1322,816,2016,2010
TX-503,Austin/Travis County CoC,2017,1039.82,808.55,2036,1202,834,2017,2010
TX-503,Austin/Travis County CoC,2018,1112.26,858.88,2147,1133,1014,2018,2010
TX-503,Austin/Travis County CoC,2019,1174.95,908.14,2255,1169,1086,2019,2010
TX-503,Austin/Travis County CoC,2020,1230.44,949.91,2506,932,1574,2020,2020
TX-503,Austin/Travis County CoC,2021,1307.48,1002.46,2954,716,2238,2021,2020
TX-503,Austin/Travis County CoC,2022,1437.27,1101.38,3157,919,2238,2022,2020
TX-503,Austin/Travis County CoC,2023,1542.08,1175.24,2374,1108,1266,2023,2020
TX-503,Austin/Travis County CoC,2024,1620.19,1249.42,2975,1709,1266,2024,2020
TX-600,"Dallas City & County, Irving CoC",2010,730.8,558.48,3710,3509,201,2010,2010
TX-600,"Dallas City & County, Irving CoC",2011,758.8,575.59,3540,3297,243,2011,2010
TX-600,"Dallas City & County, Irving CoC",2012,779.07,588.77,3447,3242,205,2012,2010
TX-600,"Dallas City & County, Irving CoC",2013,801.01,601.17,3163,2912,251,2013,2010
TX-600,"Dallas City & County, Irving CoC",2014,822.04,613.04,3514,3272,242,2014,2010
TX-600,"Dallas City & County, Irving CoC",2015,844.71,624.04,3141,2778,363,2015,2010
TX-600,"Dallas City & County, Irving CoC",2016,884.83,647.23,3810,3071,739,2016,2010
TX-600,"Dallas City & County, Irving CoC",2017,937.41,687.37,3789,2702,1087,2017,2010
TX-600,"Dallas City & County, Irving CoC",2018,995.63,729.58,4121,2780,1341,2018,2010
TX-600,"Dallas City & County, Irving CoC",2019,1059.21,778.53,4538,3086,1452,2019,2010
TX-600,"Dallas City & County, Irving CoC",2020,1113.25,829.59,4471,2852,1619,2020,2020
TX-600,"Dallas City & County, Irving CoC",2021,1189.48,891.72,4570,3138,1432,2021,2020
TX-600,"Dallas City & County, Irving CoC",2022,1319.64,990.49,4410,3030,1380,2022,2020
TX-600,"Dallas City & County, Irving CoC",2023,1416.93,1068.83,4244,3060,1184,2023,2020
TX-600,"Dallas City & County, Irving CoC",2024,1493.61,1126.61,3718,2632,1086,2024,2020
TX-601,"Fort Worth, Arlington/Tarrant County CoC",2010,674.46,515.18,2181,1986,195,2010,2010
TX-601,"Fort Worth, Arlington/Tarrant County CoC",2011,699.13,529.78,2169,2033,136,2011,2010
TX-601,"Fort Worth, Arlington/Tarrant County CoC",2012,718.66,543.86,2123,1987,136,2012,2010
TX-601,"Fort Worth, Arlington/Tarrant County CoC",2013,738.48,556.88,2390,2109,281,2013,2010
TX-601,"Fort Worth, Arlington/Tarrant County CoC",2014,761.33,571.67,2425,2241,184,2014,2010
TX-601,"Fort Worth, Arlington/Tarrant County CoC",2015,781.86,587.55,1914,1697,217,2015,2010
TX-601,"Fort Worth, Arlington/Tarrant County CoC",2016,810.33,612.24,1938,1515,423,2016,2010
TX-601,"Fort Worth, Arlington/Tarrant County CoC",2017,852.98,643.34,1941,1551,390,2017,2010
TX-601,"Fort Worth, Arlington/Tarrant County CoC",2018,908.85,681.19,2015,1337,678,2018,2010
TX-601,"Fort Worth, Arlington/Tarrant County CoC",2019,959.57,725.49,2028,1468,560,2019,2010
TX-601,"Fort Worth, Arlington/Tarrant County CoC",2020,1009.54,765.35,2126,1323,803,2020,2020
TX-601,"Fort Worth, Arlington/Tarrant County CoC",2021,1082.76,828.25,1300,821,479,2021,2020
TX-601,"Fort Worth, Arlington/Tarrant County CoC",2022,1205.95,920.4,1665,1186,479,2022,2020
TX-601,"Fort Worth, Arlington/Tarrant County CoC",2023,1295.34,987.27,2776,1688,1088,2023,2020
TX-601,"Fort Worth, Arlington/Tarrant County CoC",2024,1370.76,1044.64,2463,1496,967,2024,2020
TX-603,El Paso City & County CoC,2010,538.62,367.77,1260,964,296,2010,2010
TX-603,El Paso City & County CoC,2011,569.88,390.72,1331,1149,182,2011,2010
TX-603,El Paso City & County CoC,2012,601.24,411.85,1236,1054,182,2012,2010
TX-603,El Paso City & County CoC,2013,629.05,427.61,1217,1036,181,2013,2010
TX-603,El Paso City & County CoC,2014,646.74,439.83,1260,1079,181,2014,2010
TX-603,El Paso City & County CoC,2015,658.87,448.84,1107,1005,102,2015,2010
TX-603,El Paso City & County CoC,2016,673.12,459.67,1100,987,113,2016,2010
TX-603,El Paso City & County CoC,2017,691.97,484.87,1193,1016,177,2017,2010
TX-603,El Paso City & County CoC,2018,715.54,506.37,892,715,177,2018,2010
TX-603,El Paso City & County CoC,2019,738.83,530.18,809,626,183,2019,2010
TX-603,El Paso City & County CoC,2020,751.46,540.29,843,681,162,2020,2020
TX-603,El Paso City & County CoC,2021,788.56,575.15,528,528,0,2021,2020
TX-603,El Paso City & County CoC,2022,852.33,613.13,836,656,180,2022,2020
TX-603,El Paso City & County CoC,2023,905.38,657.09,1112,944,168,2023,2020
TX-603,El Paso City & County CoC,2024,941.64,659.77,913,724,189,2024,2020
TX-604,Waco/McLennan County CoC,2010,517.25,380.66,312,226,86,2010,2010
TX-604,Waco/McLennan County CoC,2011,534.36,400.17,267,206,61,2011,2010
TX-604,Waco/McLennan County CoC,2012,547.98,408.9,319,258,61,2012,2010
TX-604,Waco/McLennan County CoC,2013,562.74,413.91,295,230,65,2013,2010
TX-604,Waco/McLennan County CoC,2014,572.68,421.47,246,202,44,2014,2010
TX-604,Waco/McLennan County CoC,2015,583.51,433.04,255,191,64,2015,2010
TX-604,Waco/McLennan County CoC,2016,602.12,449.67,267,224,43,2016,2010
TX-604,Waco/McLennan County CoC,2017,625.24,463.96,221,162,59,2017,2010
TX-604,Waco/McLennan County CoC,2018,651.2,485.97,188,130,58,2018,2010
TX-604,Waco/McLennan County CoC,2019,680.63,505.17,193,124,69,2019,2010
TX-604,Waco/McLennan County CoC,2020,691.58,507.78,234,158,76,2020,2020
TX-604,Waco/McLennan County CoC,2021,746.87,532.06,143,102,41,2021,2020
TX-604,Waco/McLennan County CoC,2022,816.72,583.1,195,120,75,2022,2020
TX-604,Waco/McLennan County CoC,2023,861.88,608.62,242,169,73,2023,2020
TX-604,Waco/McLennan County CoC,2024,916.46,638.26,229,173,56,2024,2020
TX-607,Texas Balance of State CoC,2010,548.09,379.59,14827,4366,10461,2010,2010
TX-607,Texas Balance of State CoC,2011,572.56,398.11,14643,4054,10589,2011,2010
TX-607,Texas Balance of State CoC,2012,595.42,413.83,12764,3342,9422,2012,2010
TX-607,Texas Balance of State CoC,2013,615.91,426.37,10128,3938,6190,2013,2010
TX-607,Texas Balance of State CoC,2014,638.9,441.45,9943,4063,5880,2014,2010
TX-607,Texas Balance of State CoC,2015,656.56,454.12,7016,4090,2926,2015,2010
TX-607,Texas Balance of State CoC,2016,684.16,474.23,6048,3660,2388,2016,2010
TX-607,Texas Balance of State CoC,2017,711.95,496.89,7153,3583,3570,2017,2010
TX-607,Texas Balance of State CoC,2018,743.73,513.1,7638,3560,4078,2018,2010
TX-607,Texas Balance of State CoC,2019,774.35,527.99,8072,3416,4656,2019,2010
TX-607,Texas Balance of State CoC,2020,807.07,545.97,9198,3433,5765,2020,2020
TX-607,Texas Balance of State CoC,2021,857.9,586.02,2562,2562,0,2021,2020
TX-607,Texas Balance of State CoC,2022,948.0,634.35,7054,3499,3555,2022,2020
TX-607,Texas Balance of State CoC,2023,1007.45,676.88,9065,3887,5178,2023,2020
TX-607,Texas Balance of State CoC,2024,1056.25,699.08,10081,3713,6368,2024,2020
TX-611,Amarillo CoC,2010,543.88,420.71,578,547,31,2010,2010
TX-611,Amarillo CoC,2011,558.25,433.1,439,399,40,2011,2010
TX-611,Amarillo CoC,2012,569.11,441.91,528,477,51,2012,2010
TX-611,Amarillo CoC,2013,581.71,446.17,516,468,48,2013,2010
TX-611,Amarillo CoC,2014,602.6,461.02,451,448,3,2014,2010
TX-611,Amarillo CoC,2015,620.57,475.87,478,472,6,2015,2010
TX-611,Amarillo CoC,2016,638.16,491.03,592,572,20,2016,2010
TX-611,Amarillo CoC,2017,661.94,512.04,531,419,112,2017,2010
TX-611,Amarillo CoC,2018,684.45,529.38,665,558,107,2018,2010
TX-611,Amarillo CoC,2019,691.85,537.59,777,446,331,2019,2010
TX-611,Amarillo CoC,2020,723.12,554.27,600,403,197,2020,2020
TX-611,Amarillo CoC,2021,775.84,594.54,487,183,304,2021,2020
TX-611,Amarillo CoC,2022,827.59,634.09,661,278,383,2022,2020
TX-611,Amarillo CoC,2023,875.77,669.98,683,272,411,2023,2020
TX-611,Amarillo CoC,2024,900.43,692.32,540,277,263,2024,2020
TX-624,"Wichita Falls/Wise, Palo Pinto, Wichita, Archer Counties CoC",2010,490.1,333.65,242,235,7,2010,2010
TX-624,"Wichita Falls/Wise, Palo Pinto, Wichita, Archer Counties CoC",2011,502.86,350.4,234,208,26,2011,2010
TX-624,"Wichita Falls/Wise, Palo Pinto, Wichita, Archer Counties CoC",2012,523.86,353.64,226,169,57,2012,2010
TX-624,"Wichita Falls/Wise, Palo Pinto, Wichita, Archer Counties CoC",2013,534.23,359.55,302,253,49,2013,2010
TX-624,"Wichita Falls/Wise, Palo Pinto, Wichita, Archer Counties CoC",2014,548.69,368.08,281,259,22,2014,2010
TX-624,"Wichita Falls/Wise, Palo Pinto, Wichita, Archer Counties CoC",2015,557.64,376.43,267,247,20,2015,2010
TX-624,"Wichita Falls/Wise, Palo Pinto, Wichita, Archer Counties CoC",2016,584.67,398.45,256,234,22,2016,2010
TX-624,"Wichita Falls/Wise, Palo Pinto, Wichita, Archer Counties CoC",2017,604.23,416.55,234,213,21,2017,2010
TX-624,"Wichita Falls/Wise, Palo Pinto, Wichita, Archer Counties CoC",2018,615.69,422.79,238,195,43,2018,2010
TX-624,"Wichita Falls/Wise, Palo Pinto, Wichita, Archer Counties CoC",2019,614.86,432.08,243,180,63,2019,2010
TX-624,"Wichita Falls/Wise, Palo Pinto, Wichita, Archer Counties CoC",2020,641.43,448.57,236,176,60,2020,2020
TX-624,"Wichita Falls/Wise, Palo Pinto, Wichita, Archer Counties CoC",2021,673.49,471.12,156,156,0,2021,2020
TX-624,"Wichita Falls/Wise, Palo Pinto, Wichita, Archer Counties CoC",2022,722.1,515.23,249,139,110,2022,2020
TX-624,"Wichita Falls/Wise, Palo Pinto, Wichita, Archer Counties CoC",2023,770.36,560.38,264,164,100,2023,2020
TX-624,"Wichita Falls/Wise, Palo Pinto, Wichita, Archer Counties CoC",2024,799.98,580.5,272,201,71,2024,2020
TX-700,"Houston, Pasadena, Conroe/Harris, Fort Bend, Montgomery Counties CoC",2010,700.05,524.76,6368,4249,2119,2010,2010
TX-700,"Houston, Pasadena, Conroe/Harris, Fort Bend, Montgomery Counties CoC",2011,729.91,539.8,8471,4053,4418,2011,2010
TX-700,"Houston, Pasadena, Conroe/Harris, Fort Bend, Montgomery Counties CoC",2012,754.48,550.85,7187,3363,3824,2012,2010
TX-700,"Houston, Pasadena, Conroe/Harris, Fort Bend, Montgomery Counties CoC",2013,780.21,562.54,6359,3381,2978,2013,2010
TX-700,"Houston, Pasadena, Conroe/Harris, Fort Bend, Montgomery Counties CoC",2014,803.55,576.85,5308,3017,2291,2014,2010
TX-700,"Houston, Pasadena, Conroe/Harris, Fort Bend, Montgomery Counties CoC",2015,830.23,590.08,4609,2659,1950,2015,2010
TX-700,"Houston, Pasadena, Conroe/Harris, Fort Bend, Montgomery Counties CoC",2016,870.68,617.29,4031,2835,1196,2016,2010
TX-700,"Houston, Pasadena, Conroe/Harris, Fort Bend, Montgomery Counties CoC",2017,916.0,648.55,3605,2477,1128,2017,2010
TX-700,"Houston, Pasadena, Conroe/Harris, Fort Bend, Montgomery Counties CoC",2018,966.28,692.58,4143,2529,1614,2018,2010
TX-700,"Houston, Pasadena, Conroe/Harris, Fort Bend, Montgomery Counties CoC",2019,1008.44,729.54,3938,2324,1614,2019,2010
TX-700,"Houston, Pasadena, Conroe/Harris, Fort Bend, Montgomery Counties CoC",2020,1047.04,762.39,3974,2318,1656,2020,2020
TX-700,"Houston, Pasadena, Conroe/Harris, Fort Bend, Montgomery Counties CoC",2021,1096.2,805.14,3047,1537,1510,2021,2020
TX-700,"Houston, Pasadena, Conroe/Harris, Fort Bend, Montgomery Counties CoC",2022,1192.3,881.44,3124,1622,1502,2022,2020
TX-700,"Houston, Pasadena, Conroe/Harris, Fort Bend, Montgomery Counties CoC",2023,1257.33,922.06,3270,2028,1242,2023,2020
TX-700,"Houston, Pasadena, Conroe/Harris, Fort Bend, Montgomery Counties CoC",2024,1303.13,954.74,3280,2173,1107,2024,2020
TX-701,"Bryan, College Station/Brazos Valley CoC",2010,572.76,425.36,265,181,84,2010,2010
TX-701,"Bryan, College Station/Brazos Valley CoC",2011,607.67,452.31,233,169,64,2011,2010
TX-701,"Bryan, College Station/Brazos Valley CoC",2012,624.69,469.56,308,191,117,2012,2010
TX-701,"Bryan, College Station/Brazos Valley CoC",2013,649.74,485.22,175,136,39,2013,2010
TX-701,"Bryan, College Station/Brazos Valley CoC",2014,665.99,494.47,188,138,50,2014,2010
TX-701,"Bryan, College Station/Brazos Valley CoC",2015,672.44,504.15,168,155,13,2015,2010
TX-701,"Bryan, College Station/Brazos Valley CoC",2016,685.41,515.59,161,150,11,2016,2010
TX-701,"Bryan, College Station/Brazos Valley CoC",2017,720.04,532.92,102,89,13,2017,2010
TX-701,"Bryan, College Station/Brazos Valley CoC",2018,749.46,559.77,197,126,71,2018,2010
TX-701,"Bryan, College Station/Brazos Valley CoC",2019,769.65,576.45,123,102,21,2019,2010
TX-701,"Bryan, College Station/Brazos Valley CoC",2020,782.13,601.52,109,83,26,2020,2020
TX-701,"Bryan, College Station/Brazos Valley CoC",2021,828.75,620.23,49,33,16,2021,2020
TX-701,"Bryan, College Station/Brazos Valley CoC",2022,916.96,667.28,86,53,33,2022,2020
TX-701,"Bryan, College Station/Brazos Valley CoC",2023,960.61,711.15,192,90,102,2023,2020
TX-701,"Bryan, College Station/Brazos Valley CoC",2024,984.18,729.31,118,66,52,2024,2020
UT-500,Salt Lake City & County CoC,2010,746.32,582.29,1968,1739,229,2010,2010
UT-500,Salt Lake City & County CoC,2011,776.18,608.7,2033,1844,189,2011,2010
UT-500,Salt Lake City & County CoC,2012,800.05,622.37,2463,2273,190,2012,2010
UT-500,Salt Lake City & County CoC,2013,823.89,637.49,2133,2034,99,2013,2010
UT-500,Salt Lake City & County CoC,2014,840.5,655.25,2150,2040,110,2014,2010
UT-500,Salt Lake City & County CoC,2015,853.92,662.93,2176,2086,90,2015,2010
UT-500,Salt Lake City & County CoC,2016,884.37,685.25,1891,1834,57,2016,2010
UT-500,Salt Lake City & County CoC,2017,921.3,713.02,2047,1886,161,2017,2010
UT-500,Salt Lake City & County CoC,2018,962.34,741.88,1804,1668,136,2018,2010
UT-500,Salt Lake City & County CoC,2019,1015.27,778.94,1844,1651,193,2019,2010
UT-500,Salt Lake City & County CoC,2020,1072.92,822.29,1958,1690,268,2020,2020
UT-500,Salt Lake City & County CoC,2021,1157.55,890.85,2314,1691,623,2021,2020
UT-500,Salt Lake City & County CoC,2022,1286.59,992.56,2095,1814,281,2022,2020
UT-500,Salt Lake City & County CoC,2023,1388.49,1064.84,2297,1862,435,2023,2020
UT-500,Salt Lake City & County CoC,2024,1472.13,1117.92,2404,1991,413,2024,2020
UT-503,Utah Balance of State CoC,2010,630.32,457.8,952,820,132,2010,2010
UT-503,Utah Balance of State CoC,2011,647.54,465.58,898,701,197,2011,2010
UT-503,Utah Balance of State CoC,2012,662.73,483.99,879,684,195,2012,2010
UT-503,Utah Balance of State CoC,2013,678.71,500.7,891,700,191,2013,2010
UT-503,Utah Balance of State CoC,2014,689.17,507.78,782,614,168,2014,2010
UT-503,Utah Balance of State CoC,2015,699.96,512.4,646,548,98,2015,2010
UT-503,Utah Balance of State CoC,2016,719.44,524.04,738,600,138,2016,2010
UT-503,Utah Balance of State CoC,2017,740.2,537.84,634,558,76,2017,2010
UT-503,Utah Balance of State CoC,2018,776.31,554.87,899,660,239,2018,2010
UT-503,Utah Balance of State CoC,2019,804.65,577.8,793,642,151,2019,2010
UT-503,Utah Balance of State CoC,2020,850.24,597.29,1006,660,346,2020,2020
UT-503,Utah Balance of State CoC,2021,913.53,629.9,1056,617,439,2021,2020
UT-503,Utah Balance of State CoC,2022,1029.42,700.06,1221,744,477,2022,2020
UT-503,Utah Balance of State CoC,2023,1125.95,752.46,1165,728,437,2023,2020
UT-503,Utah Balance of State CoC,2024,1199.56,807.11,1260,761,499,2024,2020
UT-504,Provo/Mountainland CoC,2010,738.25,548.15,364,163,201,2010,2010
UT-504,Provo/Mountainland CoC,2011,768.58,567.17,199,142,57,2011,2010
UT-504,Provo/Mountainland CoC,2012,796.93,591.35,185,95,90,2012,2010
UT-504,Provo/Mountainland CoC,2013,823.79,602.9,253,125,128,2013,2010
UT-504,Provo/Mountainland CoC,2014,830.1,614.13,149,114,35,2014,2010
UT-504,Provo/Mountainland CoC,2015,851.35,629.72,203,165,38,2015,2010
UT-504,Provo/Mountainland CoC,2016,882.6,647.43,178,137,41,2016,2010
UT-504,Provo/Mountainland CoC,2017,913.29,673.03,171,130,41,2017,2010
UT-504,Provo/Mountainland CoC,2018,960.79,703.03,173,128,45,2018,2010
UT-504,Provo/Mountainland CoC,2019,1011.14,735.62,161,97,64,2019,2010
UT-504,Provo/Mountainland CoC,2020,1059.09,764.42,167,77,90,2020,2020
UT-504,Provo/Mountainland CoC,2021,1139.41,824.53,195,102,93,2021,2020
UT-504,Provo/Mountainland CoC,2022,1252.71,913.25,241,126,115,2022,2020
UT-504,Provo/Mountainland CoC,2023,1347.17,964.89,225,117,108,2023,2020
UT-504,Provo/Mountainland CoC,2024,1430.01,1019.15,205,109,96,2024,2020
VA-500,"Richmond/Henrico, Chesterfield, Hanover Counties CoC",2010,761.48,592.19,1012,962,50,2010,2010
VA-500,"Richmond/Henrico, Chesterfield, Hanover Counties CoC",2011,789.72,612.13,1084,1039,45,2011,2010
VA-500,"Richmond/Henrico, Chesterfield, Hanover Counties CoC",2012,808.27,624.04,933,858,75,2012,2010
VA-500,"Richmond/Henrico, Chesterfield, Hanover Counties CoC",2013,820.52,637.34,881,825,56,2013,2010
VA-500,"Richmond/Henrico, Chesterfield, Hanover Counties CoC",2014,835.23,650.68,846,781,65,2014,2010
VA-500,"Richmond/Henrico, Chesterfield, Hanover Counties CoC",2015,842.43,655.31,818,732,86,2015,2010
VA-500,"Richmond/Henrico, Chesterfield, Hanover Counties CoC",2016,867.71,674.9,762,692,70,2016,2010
VA-500,"Richmond/Henrico, Chesterfield, Hanover Counties CoC",2017,896.31,700.21,662,509,153,2017,2010
VA-500,"Richmond/Henrico, Chesterfield, Hanover Counties CoC",2018,935.2,725.98,609,505,104,2018,2010
VA-500,"Richmond/Henrico, Chesterfield, Hanover Counties CoC",2019,975.72,756.37,497,327,170,2019,2010
VA-500,"Richmond/Henrico, Chesterfield, Hanover Counties CoC",2020,1016.33,773.93,546,416,130,2020,2020
VA-500,"Richmond/Henrico, Chesterfield, Hanover Counties CoC",2021,1072.06,816.59,834,736,98,2021,2020
VA-500,"Richmond/Henrico, Chesterfield, Hanover Counties CoC",2022,1165.81,889.94,697,612,85,2022,2020
VA-500,"Richmond/Henrico, Chesterfield, Hanover Counties CoC",2023,1246.17,952.06,690,502,188,2023,2020
VA-500,"Richmond/Henrico, Chesterfield, Hanover Counties CoC",2024,1315.83,995.14,681,475,206,2024,2020
VA-501,"Norfolk, Chesapeake, Suffolk/Isle of Wight, Southampton Counties CoC",2010,736.45,542.5,625,541,84,2010,2010
VA-501,"Norfolk, Chesapeake, Suffolk/Isle of Wight, Southampton Counties CoC",2011,791.53,581.0,609,550,59,2011,2010
VA-501,"Norfolk, Chesapeake, Suffolk/Isle of Wight, Southampton Counties CoC",2012,816.9,605.23,652,567,85,2012,2010
VA-501,"Norfolk, Chesapeake, Suffolk/Isle of Wight, Southampton Counties CoC",2013,837.9,627.82,742,697,45,2013,2010
VA-501,"Norfolk, Chesapeake, Suffolk/Isle of Wight, Southampton Counties CoC",2014,854.26,641.81,668,630,38,2014,2010
VA-501,"Norfolk, Chesapeake, Suffolk/Isle of Wight, Southampton Counties CoC",2015,871.85,641.89,735,680,55,2015,2010
VA-501,"Norfolk, Chesapeake, Suffolk/Isle of Wight, Southampton Counties CoC",2016,873.99,653.98,723,638,85,2016,2010
VA-501,"Norfolk, Chesapeake, Suffolk/Isle of Wight, Southampton Counties CoC",2017,891.01,667.55,703,634,69,2017,2010
VA-501,"Norfolk, Chesapeake, Suffolk/Isle of Wight, Southampton Counties CoC",2018,916.97,685.88,773,693,80,2018,2010
VA-501,"Norfolk, Chesapeake, Suffolk/Isle of Wight, Southampton Counties CoC",2019,947.38,709.27,700,614,86,2019,2010
VA-501,"Norfolk, Chesapeake, Suffolk/Isle of Wight, Southampton Counties CoC",2020,971.07,727.61,709,644,65,2020,2020
VA-501,"Norfolk, Chesapeake, Suffolk/Isle of Wight, Southampton Counties CoC",2021,1014.29,755.53,564,564,0,2021,2020
VA-501,"Norfolk, Chesapeake, Suffolk/Isle of Wight, Southampton Counties CoC",2022,1097.34,815.42,738,658,80,2022,2020
VA-501,"Norfolk, Chesapeake, Suffolk/Isle of Wight, Southampton Counties CoC",2023,1159.88,833.29,653,543,110,2023,2020
VA-501,"Norfolk, Chesapeake, Suffolk/Isle of Wight, Southampton Counties CoC",2024,1205.54,869.18,670,547,123,2024,2020
VA-502,"Roanoke City & County, Salem CoC",2010,557.05,421.15,518,500,18,2010,2010
VA-502,"Roanoke City & County, Salem CoC",2011,569.83,431.9,536,526,10,2011,2010
VA-502,"Roanoke City & County, Salem CoC",2012,583.98,439.11,561,523,38,2012,2010
VA-502,"Roanoke City & County, Salem CoC",2013,592.53,439.16,442,425,17,2013,2010
VA-502,"Roanoke City & County, Salem CoC",2014,600.01,452.65,440,433,7,2014,2010
VA-502,"Roanoke City & County, Salem CoC",2015,622.33,459.16,390,378,12,2015,2010
VA-502,"Roanoke City & County, Salem CoC",2016,634.91,478.44,308,301,7,2016,2010
VA-502,"Roanoke City & County, Salem CoC",2017,659.72,505.93,267,250,17,2017,2010
VA-502,"Roanoke City & County, Salem CoC",2018,684.14,520.65,317,306,11,2018,2010
VA-502,"Roanoke City & County, Salem CoC",2019,705.14,530.44,319,304,15,2019,2010
VA-502,"Roanoke City & County, Salem CoC",2020,711.81,531.5,276,246,30,2020,2020
VA-502,"Roanoke City & County, Salem CoC",2021,765.43,568.08,250,238,12,2021,2020
VA-502,"Roanoke City & County, Salem CoC",2022,818.9,611.81,216,178,38,2022,2020
VA-502,"Roanoke City & County, Salem CoC",2023,857.56,628.78,334,297,37,2023,2020
VA-502,"Roanoke City & County, Salem CoC",2024,913.54,660.27,401,325,76,2024,2020
VA-503,Virginia Beach CoC,2010,1013.14,804.4,517,435,82,2010,2010
VA-503,Virginia Beach CoC,2011,1058.59,839.27,427,333,94,2011,2010
VA-503,Virginia Beach CoC,2012,1080.31,856.86,440,349,91,2012,2010
VA-503,Virginia Beach CoC,2013,1089.44,867.05,456,389,67,2013,2010
VA-503,Virginia Beach CoC,2014,1104.25,876.83,440,382,58,2014,2010
VA-503,Virginia Beach CoC,2015,1107.22,874.77,419,361,58,2015,2010
VA-503,Virginia Beach CoC,2016,1121.13,890.57,389,339,50,2016,2010
VA-503,Virginia Beach CoC,2017,1160.75,916.72,349,271,78,2017,2010
VA-503,Virginia Beach CoC,2018,1192.33,940.3,243,171,72,2018,2010
VA-503,Virginia Beach CoC,2019,1217.92,962.49,260,206,54,2019,2010
VA-503,Virginia Beach CoC,2020,1235.79,977.44,319,225,94,2020,2020
VA-503,Virginia Beach CoC,2021,1286.2,1027.51,348,317,31,2021,2020
VA-503,Virginia Beach CoC,2022,1396.93,1114.98,352,295,57,2022,2020
VA-503,Virginia Beach CoC,2023,1461.49,1158.52,313,233,80,2023,2020
VA-503,Virginia Beach CoC,2024,1538.73,1213.88,311,228,83,2024,2020
VA-504,Charlottesville CoC,2010,802.38,614.46,228,201,27,2010,2010
VA-504,Charlottesville CoC,2011,848.51,641.02,213,195,18,2011,2010
VA-504,Charlottesville CoC,2012,870.7,646.5,191,164,27,2012,2010
VA-504,Charlottesville CoC,2013,890.03,670.81,195,167,28,2013,2010
VA-504,Charlottesville CoC,2014,897.19,678.08,204,178,26,2014,2010
VA-504,Charlottesville CoC,2015,884.86,683.67,185,160,25,2015,2010
VA-504,Charlottesville CoC,2016,912.61,693.91,157,135,22,2016,2010
VA-504,Charlottesville CoC,2017,944.32,720.38,160,137,23,2017,2010
VA-504,Charlottesville CoC,2018,983.09,733.87,183,155,28,2018,2010
VA-504,Charlottesville CoC,2019,1021.11,761.87,165,139,26,2019,2010
VA-504,Charlottesville CoC,2020,1071.41,797.66,188,162,26,2020,2020
VA-504,Charlottesville CoC,2021,1163.22,840.94,177,149,28,2021,2020
VA-504,Charlottesville CoC,2022,1253.13,913.31,266,240,26,2022,2020
VA-504,Charlottesville CoC,2023,1318.75,944.32,191,157,34,2023,2020
VA-504,Charlottesville CoC,2024,1383.59,1004.23,125,106,19,2024,2020
VA-505,"Newport News, Hampton/Virginia Peninsula CoC",2010,797.3,616.22,607,573,34,2010,2010
VA-505,"Newport News, Hampton/Virginia Peninsula CoC",2011,846.55,654.95,736,634,102,2011,2010
VA-505,"Newport News, Hampton/Virginia Peninsula CoC",2012,866.09,663.55,681,620,61,2012,2010
VA-505,"Newport News, Hampton/Virginia Peninsula CoC",2013,883.3,680.18,533,494,39,2013,2010
VA-505,"Newport News, Hampton/Virginia Peninsula CoC",2014,884.52,687.28,525,497,28,2014,2010
VA-505,"Newport News, Hampton/Virginia Peninsula CoC",2015,889.67,684.78,520,450,70,2015,2010
VA-505,"Newport News, Hampton/Virginia Peninsula CoC",2016,910.15,699.9,464,407,57,2016,2010
VA-505,"Newport News, Hampton/Virginia Peninsula CoC",2017,924.78,714.23,512,432,80,2017,2010
VA-505,"Newport News, Hampton/Virginia Peninsula CoC",2018,949.96,738.84,439,369,70,2018,2010
VA-505,"Newport News, Hampton/Virginia Peninsula CoC",2019,982.6,762.28,427,375,52,2019,2010
VA-505,"Newport News, Hampton/Virginia Peninsula CoC",2020,988.43,768.95,425,363,62,2020,2020
VA-505,"Newport News, Hampton/Virginia Peninsula CoC",2021,1031.8,807.33,322,292,30,2021,2020
VA-505,"Newport News, Hampton/Virginia Peninsula CoC",2022,1121.93,874.93,419,381,38,2022,2020
VA-505,"Newport News, Hampton/Virginia Peninsula CoC",2023,1193.9,911.67,480,445,35,2023,2020
VA-505,"Newport News, Hampton/Virginia Peninsula CoC",2024,1245.2,945.46,412,362,50,2024,2020
VA-507,Portsmouth CoC,2010,654.13,550.89,210,178,32,2010,2010
VA-507,Portsmouth CoC,2011,707.55,563.57,265,165,100,2011,2010
VA-507,Portsmouth CoC,2012,723.15,566.26,332,154,178,2012,2010
VA-507,Portsmouth CoC,2013,721.6,586.94,247,158,89,2013,2010
VA-507,Portsmouth CoC,2014,750.54,610.66,160,117,43,2014,2010
VA-507,Portsmouth CoC,2015,743.88,603.86,174,127,47,2015,2010
VA-507,Portsmouth CoC,2016,752.08,614.93,169,124,45,2016,2010
VA-507,Portsmouth CoC,2017,762.45,627.48,151,96,55,2017,2010
VA-507,Portsmouth CoC,2018,799.32,647.57,135,107,28,2018,2010
VA-507,Portsmouth CoC,2019,834.57,659.92,119,108,11,2019,2010
VA-507,Portsmouth CoC,2020,853.18,675.72,149,113,36,2020,2020
VA-507,Portsmouth CoC,2021,896.51,722.6,92,76,16,2021,2020
VA-507,Portsmouth CoC,2022,961.3,804.54,120,99,21,2022,2020
VA-507,Portsmouth CoC,2023,997.19,801.45,117,77,40,2023,2020
VA-507,Portsmouth CoC,2024,1035.11,840.66,123,71,52,2024,2020
VA-508,Lynchburg CoC,2010,486.32,363.2,255,211,44,2010,2010
VA-508,Lynchburg CoC,2011,515.48,382.5,226,187,39,2011,2010
VA-508,Lynchburg CoC,2012,532.84,394.99,214,145,69,2012,2010
VA-508,Lynchburg CoC,2013,568.24,414.54,150,144,6,2013,2010
VA-508,Lynchburg CoC,2014,589.05,427.59,220,217,3,2014,2010
VA-508,Lynchburg CoC,2015,604.83,439.36,237,227,10,2015,2010
VA-508,Lynchburg CoC,2016,608.2,444.79,174,153,21,2016,2010
VA-508,Lynchburg CoC,2017,632.33,465.06,125,100,25,2017,2010
VA-508,Lynchburg CoC,2018,647.92,490.85,112,92,20,2018,2010
VA-508,Lynchburg CoC,2019,668.82,499.55,78,64,14,2019,2010
VA-508,Lynchburg CoC,2020,673.2,510.55,73,55,18,2020,2020
VA-508,Lynchburg CoC,2021,714.0,546.45,47,34,13,2021,2020
VA-508,Lynchburg CoC,2022,754.21,575.53,84,67,17,2022,2020
VA-508,Lynchburg CoC,2023,788.22,596.86,137,89,48,2023,2020
VA-508,Lynchburg CoC,2024,829.56,613.95,147,74,73,2024,2020
VA-513,"Harrisonburg, Winchester/Western Virginia CoC",2010,690.36,487.43,448,359,89,2010,2010
VA-513,"Harrisonburg, Winchester/Western Virginia CoC",2011,716.23,507.93,311,284,27,2011,2010
VA-513,"Harrisonburg, Winchester/Western Virginia CoC",2012,733.87,522.51,313,262,51,2012,2010
VA-513,"Harrisonburg, Winchester/Western Virginia CoC",2013,750.4,536.63,355,286,69,2013,2010
VA-513,"Harrisonburg, Winchester/Western Virginia CoC",2014,750.64,535.47,249,237,12,2014,2010
VA-513,"Harrisonburg, Winchester/Western Virginia CoC",2015,742.17,543.7,242,230,12,2015,2010
VA-513,"Harrisonburg, Winchester/Western Virginia CoC",2016,741.73,548.23,268,261,7,2016,2010
VA-513,"Harrisonburg, Winchester/Western Virginia CoC",2017,755.21,552.77,280,261,19,2017,2010
VA-513,"Harrisonburg, Winchester/Western Virginia CoC",2018,775.61,571.74,304,276,28,2018,2010
VA-513,"Harrisonburg, Winchester/Western Virginia CoC",2019,807.27,597.82,342,314,28,2019,2010
VA-513,"Harrisonburg, Winchester/Western Virginia CoC",2020,849.24,603.09,297,262,35,2020,2020
VA-513,"Harrisonburg, Winchester/Western Virginia CoC",2021,884.61,628.26,267,267,0,2021,2020
VA-513,"Harrisonburg, Winchester/Western Virginia CoC",2022,954.6,696.76,426,399,27,2022,2020
VA-513,"Harrisonburg, Winchester/Western Virginia CoC",2023,1019.72,722.54,320,297,23,2023,2020
VA-513,"Harrisonburg, Winchester/Western Virginia CoC",2024,1071.14,754.61,373,275,98,2024,2020
VA-514,"Fredericksburg/Spotsylvania, Stafford Counties CoC",2010,970.23,762.56,288,160,128,2010,2010
VA-514,"Fredericksburg/Spotsylvania, Stafford Counties CoC",2011,1015.13,776.0,191,142,49,2011,2010
VA-514,"Fredericksburg/Spotsylvania, Stafford Counties CoC",2012,1039.06,804.95,193,146,47,2012,2010
VA-514,"Fredericksburg/Spotsylvania, Stafford Counties CoC",2013,1077.09,831.54,192,164,28,2013,2010
VA-514,"Fredericksburg/Spotsylvania, Stafford Counties CoC",2014,1108.36,853.19,201,171,30,2014,2010
VA-514,"Fredericksburg/Spotsylvania, Stafford Counties CoC",2015,1104.05,854.54,217,179,38,2015,2010
VA-514,"Fredericksburg/Spotsylvania, Stafford Counties CoC",2016,1130.7,877.8,209,175,34,2016,2010
VA-514,"Fredericksburg/Spotsylvania, Stafford Counties CoC",2017,1145.57,901.18,216,177,39,2017,2010
VA-514,"Fredericksburg/Spotsylvania, Stafford Counties CoC",2018,1194.04,908.09,200,164,36,2018,2010
VA-514,"Fredericksburg/Spotsylvania, Stafford Counties CoC",2019,1238.06,939.91,221,185,36,2019,2010
VA-514,"Fredericksburg/Spotsylvania, Stafford Counties CoC",2020,1234.25,936.61,207,183,24,2020,2020
VA-514,"Fredericksburg/Spotsylvania, Stafford Counties CoC",2021,1303.65,999.17,180,162,18,2021,2020
VA-514,"Fredericksburg/Spotsylvania, Stafford Counties CoC",2022,1424.84,1065.46,253,238,15,2022,2020
VA-514,"Fredericksburg/Spotsylvania, Stafford Counties CoC",2023,1491.14,1119.67,217,184,33,2023,2020
VA-514,"Fredericksburg/Spotsylvania, Stafford Counties CoC",2024,1569.84,1173.18,213,199,14,2024,2020
VA-521,Virginia Balance of State CoC,2010,495.96,328.61,1261,801,460,2010,2010
VA-521,Virginia Balance of State CoC,2011,517.57,336.89,1064,720,344,2011,2010
VA-521,Virginia Balance of State CoC,2012,532.57,343.53,957,742,215,2012,2010
VA-521,Virginia Balance of State CoC,2013,545.3,356.83,715,574,141,2013,2010
VA-521,Virginia Balance of State CoC,2014,554.55,362.3,662,546,116,2014,2010
VA-521,Virginia Balance of State CoC,2015,569.73,370.49,773,634,139,2015,2010
VA-521,Virginia Balance of State CoC,2016,580.35,380.42,654,498,156,2016,2010
VA-521,Virginia Balance of State CoC,2017,594.08,386.1,722,563,159,2017,2010
VA-521,Virginia Balance of State CoC,2018,616.83,398.26,718,553,165,2018,2010
VA-521,Virginia Balance of State CoC,2019,632.08,411.68,761,637,124,2019,2010
VA-521,Virginia Balance of State CoC,2020,650.41,417.72,816,660,156,2020,2020
VA-521,Virginia Balance of State CoC,2021,683.03,431.93,870,801,69,2021,2020
VA-521,Virginia Balance of State CoC,2022,739.96,474.51,1125,978,147,2022,2020
VA-521,Virginia Balance of State CoC,2023,769.54,495.94,1088,676,412,2023,2020
VA-521,Virginia Balance of State CoC,2024,796.26,507.51,1329,895,434,2024,2020
VA-600,Arlington County CoC,2010,1475.78,1103.06,535,312,223,2010,2010
VA-600,Arlington County CoC,2011,1538.25,1175.7,461,324,137,2011,2010
VA-600,Arlington County CoC,2012,1581.69,1227.43,451,320,131,2012,2010
VA-600,Arlington County CoC,2013,1624.6,1256.09,479,333,146,2013,2010
VA-600,Arlington County CoC,2014,1677.12,1319.55,291,240,51,2014,2010
VA-600,Arlington County CoC,2015,1758.38,1341.99,239,200,39,2015,2010
VA-600,Arlington County CoC,2016,1795.13,1380.45,174,155,19,2016,2010
VA-600,Arlington County CoC,2017,1843.46,1417.48,232,199,33,2017,2010
VA-600,Arlington County CoC,2018,1889.02,1466.12,221,186,35,2018,2010
VA-600,Arlington County CoC,2019,1919.21,1498.8,215,179,36,2019,2010
VA-600,Arlington County CoC,2020,1951.8,1538.7,199,165,34,2020,2020
VA-600,Arlington County CoC,2021,2021.71,1587.16,171,144,27,2021,2020
VA-600,Arlington County CoC,2022,2157.77,1676.08,182,162,20,2022,2020
VA-600,Arlington County CoC,2023,2214.6,1719.03,213,171,42,2023,2020
VA-600,Arlington County CoC,2024,2256.42,1755.03,243,212,31,2024,2020
VA-601,Fairfax County CoC,2010,1405.37,1092.23,1552,1412,140,2010,2010
VA-601,Fairfax County CoC,2011,1454.66,1138.72,1549,1414,135,2011,2010
VA-601,Fairfax County CoC,2012,1503.84,1199.69,1534,1356,178,2012,2010
VA-601,Fairfax County CoC,2013,1544.92,1253.8,1350,1246,104,2013,2010
VA-601,Fairfax County CoC,2014,1576.66,1283.56,1225,1159,66,2014,2010
VA-601,Fairfax County CoC,2015,1642.98,1302.8,1204,1136,68,2015,2010
VA-601,Fairfax County CoC,2016,1692.82,1336.7,1059,985,74,2016,2010
VA-601,Fairfax County CoC,2017,1734.47,1377.0,964,856,108,2017,2010
VA-601,Fairfax County CoC,2018,1766.68,1407.14,987,901,86,2018,2010
VA-601,Fairfax County CoC,2019,1805.77,1450.9,1034,945,89,2019,2010
VA-601,Fairfax County CoC,2020,1838.53,1484.88,1041,953,88,2020,2020
VA-601,Fairfax County CoC,2021,1905.76,1554.37,1222,1165,57,2021,2020
VA-601,Fairfax County CoC,2022,2027.89,1634.69,1191,1134,57,2022,2020
VA-601,Fairfax County CoC,2023,2106.37,1673.94,1310,1197,113,2023,2020
VA-601,Fairfax County CoC,2024,2148.91,1702.4,1278,1192,86,2024,2020
VA-602,Loudoun County CoC,2010,1361.15,1077.29,157,121,36,2010,2010
VA-602,Loudoun County CoC,2011,1406.63,1105.56,162,133,29,2011,2010
VA-602,Loudoun County CoC,2012,1432.93,1133.19,168,132,36,2012,2010
VA-602,Loudoun County CoC,2013,1467.64,1143.17,166,125,41,2013,2010
VA-602,Loudoun County CoC,2014,1502.77,1165.28,177,151,26,2014,2010
VA-602,Loudoun County CoC,2015,1531.85,1167.74,172,133,39,2015,2010
VA-602,Loudoun County CoC,2016,1565.54,1200.44,134,115,19,2016,2010
VA-602,Loudoun County CoC,2017,1621.07,1259.13,113,97,16,2017,2010
VA-602,Loudoun County CoC,2018,1675.95,1309.15,134,110,24,2018,2010
VA-602,Loudoun County CoC,2019,1734.26,1343.21,167,96,71,2019,2010
VA-602,Loudoun County CoC,2020,1806.46,1374.5,179,122,57,2020,2020
VA-602,Loudoun County CoC,2021,1902.35,1500.78,80,52,28,2021,2020
VA-602,Loudoun County CoC,2022,2057.81,1606.61,99,74,25,2022,2020
VA-602,Loudoun County CoC,2023,2183.69,1658.91,220,164,56,2023,2020
VA-602,Loudoun County CoC,2024,2246.99,1714.85,303,174,129,2024,2020
VA-603,Alexandria CoC,2010,1283.01,1009.05,359,321,38,2010,2010
VA-603,Alexandria CoC,2011,1339.18,1052.49,416,374,42,2011,2010
VA-603,Alexandria CoC,2012,1386.69,1086.85,352,330,22,2012,2010
VA-603,Alexandria CoC,2013,1441.58,1124.47,275,246,29,2013,2010
VA-603,Alexandria CoC,2014,1472.43,1150.36,267,244,23,2014,2010
VA-603,Alexandria CoC,2015,1515.41,1175.69,267,244,23,2015,2010
VA-603,Alexandria CoC,2016,1532.5,1219.08,224,212,12,2016,2010
VA-603,Alexandria CoC,2017,1586.87,1268.9,211,193,18,2017,2010
VA-603,Alexandria CoC,2018,1630.11,1304.74,226,211,15,2018,2010
VA-603,Alexandria CoC,2019,1681.77,1349.22,198,188,10,2019,2010
VA-603,Alexandria CoC,2020,1714.35,1371.92,207,196,11,2020,2020
VA-603,Alexandria CoC,2021,1795.94,1430.0,106,98,8,2021,2020
VA-603,Alexandria CoC,2022,1936.74,1542.42,120,115,5,2022,2020
VA-603,Alexandria CoC,2023,1984.55,1582.33,152,142,10,2023,2020
VA-603,Alexandria CoC,2024,2010.96,1603.11,187,169,18,2024,2020
VA-604,Prince William County CoC,2010,1205.47,948.06,508,352,156,2010,2010
VA-604,Prince William County CoC,2011,1250.17,980.4,566,366,200,2011,2010
VA-604,Prince William County CoC,2012,1275.85,1017.72,452,327,125,2012,2010
VA-604,Prince William County CoC,2013,1306.64,1041.79,447,330,117,2013,2010
VA-604,Prince William County CoC,2014,1342.1,1060.38,445,347,98,2014,2010
VA-604,Prince William County CoC,2015,1386.62,1077.07,409,319,90,2015,2010
VA-604,Prince William County CoC,2016,1410.18,1110.39,400,312,88,2016,2010
VA-604,Prince William County CoC,2017,1451.84,1145.58,400,284,116,2017,2010
VA-604,Prince William County CoC,2018,1476.86,1210.52,374,261,113,2018,2010
VA-604,Prince William County CoC,2019,1520.43,1254.5,280,243,37,2019,2010
VA-604,Prince William County CoC,2020,1547.62,1282.5,326,224,102,2020,2020
VA-604,Prince William County CoC,2021,1625.87,1340.53,282,240,42,2021,2020
VA-604,Prince William County CoC,2022,1770.72,1455.64,241,214,27,2022,2020
VA-604,Prince William County CoC,2023,1848.52,1513.11,326,253,73,2023,2020
VA-604,Prince William County CoC,2024,1893.25,1549.24,345,256,89,2024,2020
VT-500,Vermont Balance of State CoC,2010,656.01,474.62,607,528,79,2010,2010
VT-500,Vermont Balance of State CoC,2011,688.02,501.44,655,579,76,2011,2010
VT-500,Vermont Balance of State CoC,2012,696.68,516.5,776,630,146,2012,2010
VT-500,Vermont Balance of State CoC,2013,712.73,523.53,971,866,105,2013,2010
VT-500,Vermont Balance of State CoC,2014,716.93,534.12,1027,954,73,2014,2010
VT-500,Vermont Balance of State CoC,2015,723.15,541.58,1052,984,68,2015,2010
VT-500,Vermont Balance of State CoC,2016,736.78,547.7,785,691,94,2016,2010
VT-500,Vermont Balance of State CoC,2017,750.78,555.88,934,828,106,2017,2010
VT-500,Vermont Balance of State CoC,2018,773.94,583.27,932,867,65,2018,2010
VT-500,Vermont Balance of State CoC,2019,785.53,590.5,780,714,66,2019,2010
VT-500,Vermont Balance of State CoC,2020,805.91,609.11,849,780,69,2020,2020
VT-500,Vermont Balance of State CoC,2021,842.54,628.63,1891,1891,0,2021,2020
VT-500,Vermont Balance of State CoC,2022,908.24,667.0,2112,2077,35,2022,2020
VT-500,Vermont Balance of State CoC,2023,929.25,683.62,2537,2443,94,2023,2020
VT-500,Vermont Balance of State CoC,2024,966.64,692.24,2647,2567,80,2024,2020
VT-501,Burlington/Chittenden County CoC,2010,849.04,633.99,613,550,63,2010,2010
VT-501,Burlington/Chittenden County CoC,2011,885.12,666.83,489,442,47,2011,2010
VT-501,Burlington/Chittenden County CoC,2012,905.75,671.18,384,307,77,2012,2010
VT-501,Burlington/Chittenden County CoC,2013,917.96,688.98,483,404,79,2013,2010
VT-501,Burlington/Chittenden County CoC,2014,951.4,717.09,532,442,90,2014,2010
VT-501,Burlington/Chittenden County CoC,2015,991.58,741.98,471,389,82,2015,2010
VT-501,Burlington/Chittenden County CoC,2016,1041.61,775.1,332,270,62,2016,2010
VT-501,Burlington/Chittenden County CoC,2017,1090.32,809.56,291,263,28,2017,2010
VT-501,Burlington/Chittenden County CoC,2018,1138.47,829.68,359,342,17,2018,2010
VT-501,Burlington/Chittenden County CoC,2019,1148.45,844.36,309,261,48,2019,2010
VT-501,Burlington/Chittenden County CoC,2020,1203.63,859.84,261,216,45,2020,2020
VT-501,Burlington/Chittenden County CoC,2021,1270.84,927.05,700,700,0,2021,2020
VT-501,Burlington/Chittenden County CoC,2022,1366.2,990.36,668,658,10,2022,2020
VT-501,Burlington/Chittenden County CoC,2023,1443.61,1047.3,758,715,43,2023,2020
VT-501,Burlington/Chittenden County CoC,2024,1536.88,1110.47,811,724,87,2024,2020
WA-500,Seattle/King County CoC,2010,930.8,709.46,9022,6222,2800,2010,2010
WA-500,Seattle/King County CoC,2011,974.29,739.58,8972,6480,2492,2011,2010
WA-500,Seattle/King County CoC,2012,1009.8,759.29,8899,6281,2618,2012,2010
WA-500,Seattle/King County CoC,2013,1039.64,782.55,9106,6370,2736,2013,2010
WA-500,Seattle/King County CoC,2014,1079.04,796.86,8949,6213,2736,2014,2010
WA-500,Seattle/King County CoC,2015,1121.48,814.31,10122,6319,3803,2015,2010
WA-500,Seattle/King County CoC,2016,1186.9,850.04,10730,6225,4505,2016,2010
WA-500,Seattle/King County CoC,2017,1277.44,910.58,11643,6158,5485,2017,2010
WA-500,Seattle/King County CoC,2018,1390.86,985.78,12112,5792,6320,2018,2010
WA-500,Seattle/King County CoC,2019,1495.61,1067.21,11199,5971,5228,2019,2010
WA-500,Seattle/King County CoC,2020,1582.11,1145.66,11751,6173,5578,2020,2020
WA-500,Seattle/King County CoC,2021,1686.76,1254.51,5183,5183,0,2021,2020
WA-500,Seattle/King County CoC,2022,1844.98,1365.52,13368,5683,7685,2022,2020
WA-500,Seattle/King County CoC,2023,1918.63,1423.82,14149,6464,7685,2023,2020
WA-500,Seattle/King County CoC,2024,1970.41,1477.26,16868,7058,9810,2024,2020
WA-501,Washington Balance of State CoC,2010,655.72,472.68,7685,5262,2423,2010,2010
WA-501,Washington Balance of State CoC,2011,686.14,494.17,5399,3661,1738,2011,2010
WA-501,Washington Balance of State CoC,2012,705.59,510.05,5342,3698,1644,2012,2010
WA-501,Washington Balance of State CoC,2013,723.21,522.06,4671,3068,1603,2013,2010
WA-501,Washington Balance of State CoC,2014,740.92,531.99,5236,3107,2129,2014,2010
WA-501,Washington Balance of State CoC,2015,746.29,541.07,5489,3162,2327,2015,2010
WA-501,Washington Balance of State CoC,2016,769.56,550.65,5706,3107,2599,2016,2010
WA-501,Washington Balance of State CoC,2017,799.48,573.09,5243,3563,1680,2017,2010
WA-501,Washington Balance of State CoC,2018,836.91,598.4,5666,3177,2489,2018,2010
WA-501,Washington Balance of State CoC,2019,871.83,613.1,5509,3210,2299,2019,2010
WA-501,Washington Balance of State CoC,2020,920.75,635.76,5668,3076,2592,2020,2020
WA-501,Washington Balance of State CoC,2021,985.93,677.94,3462,3462,0,2021,2020
WA-501,Washington Balance of State CoC,2022,1092.12,749.51,5854,3570,2284,2022,2020
WA-501,Washington Balance of State CoC,2023,1170.35,788.37,6764,3577,3187,2023,2020
WA-501,Washington Balance of State CoC,2024,1236.11,830.39,7505,4046,3459,2024,2020
WA-502,Spokane City & County CoC,2010,605.03,465.89,1242,1070,172,2010,2010
WA-502,Spokane City & County CoC,2011,629.02,480.52,1272,1134,138,2011,2010
WA-502,Spokane City & County CoC,2012,648.19,500.91,1185,1055,130,2012,2010
WA-502,Spokane City & County CoC,2013,661.03,511.49,1030,970,60,2013,2010
WA-502,Spokane City & County CoC,2014,679.57,522.28,1149,994,155,2014,2010
WA-502,Spokane City & County CoC,2015,686.42,528.52,1034,902,132,2015,2010
WA-502,Spokane City & County CoC,2016,710.39,545.45,981,809,172,2016,2010
WA-502,Spokane City & County CoC,2017,735.62,566.24,1090,952,138,2017,2010
WA-502,Spokane City & County CoC,2018,768.74,590.78,1245,935,310,2018,2010
WA-502,Spokane City & County CoC,2019,801.21,611.44,1309,994,315,2019,2010
WA-502,Spokane City & County CoC,2020,839.95,633.37,1559,1018,541,2020,2020
WA-502,Spokane City & County CoC,2021,910.13,675.43,992,992,0,2021,2020
WA-502,Spokane City & County CoC,2022,1004.43,754.53,1757,934,823,2022,2020
WA-502,Spokane City & County CoC,2023,1088.04,805.85,2390,1435,955,2023,2020
WA-502,Spokane City & County CoC,2024,1184.96,870.27,1993,1550,443,2024,2020
WA-503,"Tacoma, Lakewood/Pierce County CoC",2010,814.19,617.32,1807,1637,170,2010,2010
WA-503,"Tacoma, Lakewood/Pierce County CoC",2011,851.08,644.56,2089,1867,222,2011,2010
WA-503,"Tacoma, Lakewood/Pierce County CoC",2012,877.91,660.8,1997,1805,192,2012,2010
WA-503,"Tacoma, Lakewood/Pierce County CoC",2013,897.16,678.77,1303,1183,120,2013,2010
WA-503,"Tacoma, Lakewood/Pierce County CoC",2014,914.72,694.92,1464,1171,293,2014,2010
WA-503,"Tacoma, Lakewood/Pierce County CoC",2015,919.36,700.96,1283,942,341,2015,2010
WA-503,"Tacoma, Lakewood/Pierce County CoC",2016,946.21,719.11,1762,1268,494,2016,2010
WA-503,"Tacoma, Lakewood/Pierce County CoC",2017,993.45,748.44,1321,817,504,2017,2010
WA-503,"Tacoma, Lakewood/Pierce County CoC",2018,1057.76,790.16,1628,878,750,2018,2010
WA-503,"Tacoma, Lakewood/Pierce County CoC",2019,1118.99,841.38,1486,857,629,2019,2010
WA-503,"Tacoma, Lakewood/Pierce County CoC",2020,1198.64,898.71,1897,983,914,2020,2020
WA-503,"Tacoma, Lakewood/Pierce County CoC",2021,1297.61,972.3,1005,1005,0,2021,2020
WA-503,"Tacoma, Lakewood/Pierce County CoC",2022,1462.81,1093.2,1851,1184,667,2022,2020
WA-503,"Tacoma, Lakewood/Pierce County CoC",2023,1557.31,1163.29,2148,1385,763,2023,2020
WA-503,"Tacoma, Lakewood/Pierce County CoC",2024,1650.96,1226.8,2661,1445,1216,2024,2020
WA-504,Everett/Snohomish County CoC,2010,895.18,696.66,2018,1403,615,2010,2010
WA-504,Everett/Snohomish County CoC,2011,940.77,731.48,1860,1273,587,2011,2010
WA-504,Everett/Snohomish County CoC,2012,965.73,741.07,2061,1344,717,2012,2010
WA-504,Everett/Snohomish County CoC,2013,979.89,754.0,947,603,344,2013,2010
WA-504,Everett/Snohomish County CoC,2014,1002.36,772.06,949,577,372,2014,2010
WA-504,Everett/Snohomish County CoC,2015,1026.09,788.86,829,517,312,2015,2010
WA-504,Everett/Snohomish County CoC,2016,1074.34,818.3,960,489,471,2016,2010
WA-504,Everett/Snohomish County CoC,2017,1142.27,864.75,1066,551,515,2017,2010
WA-504,Everett/Snohomish County CoC,2018,1236.44,930.85,858,480,378,2018,2010
WA-504,Everett/Snohomish County CoC,2019,1313.78,986.94,1116,517,599,2019,2010
WA-504,Everett/Snohomish County CoC,2020,1399.5,1051.66,1132,459,673,2020,2020
WA-504,Everett/Snohomish County CoC,2021,1508.27,1150.63,494,494,0,2021,2020
WA-504,Everett/Snohomish County CoC,2022,1674.96,1295.06,1184,600,584,2022,2020
WA-504,Everett/Snohomish County CoC,2023,1740.9,1346.79,1285,594,691,2023,2020
WA-504,Everett/Snohomish County CoC,2024,1839.19,1436.73,1161,536,625,2024,2020
WA-508,Vancouver/Clark County CoC,2010,763.38,608.38,1104,895,209,2010,2010
WA-508,Vancouver/Clark County CoC,2011,794.38,630.25,847,660,187,2011,2010
WA-508,Vancouver/Clark County CoC,2012,816.21,646.61,1020,844,176,2012,2010
WA-508,Vancouver/Clark County CoC,2013,833.66,664.0,703,513,190,2013,2010
WA-508,Vancouver/Clark County CoC,2014,859.15,683.37,695,478,217,2014,2010
WA-508,Vancouver/Clark County CoC,2015,889.62,701.48,662,456,206,2015,2010
WA-508,Vancouver/Clark County CoC,2016,917.65,725.24,688,463,225,2016,2010
WA-508,Vancouver/Clark County CoC,2017,977.52,765.17,749,480,269,2017,2010
WA-508,Vancouver/Clark County CoC,2018,1057.84,820.35,795,421,374,2018,2010
WA-508,Vancouver/Clark County CoC,2019,1149.86,882.44,958,471,487,2019,2010
WA-508,Vancouver/Clark County CoC,2020,1212.77,940.81,916,400,516,2020,2020
WA-508,Vancouver/Clark County CoC,2021,1312.78,1016.38,375,375,0,2021,2020
WA-508,Vancouver/Clark County CoC,2022,1440.51,1116.39,1197,572,625,2022,2020
WA-508,Vancouver/Clark County CoC,2023,1528.76,1190.94,1300,628,672,2023,2020
WA-508,Vancouver/Clark County CoC,2024,1610.59,1264.25,1366,697,669,2024,2020
WI-500,Wisconsin Balance of State CoC,2010,564.25,424.33,3992,3207,785,2010,2010
WI-500,Wisconsin Balance of State CoC,2011,580.74,435.99,3400,3149,251,2011,2010
WI-500,Wisconsin Balance of State CoC,2012,592.82,448.23,3618,3239,379,2012,2010
WI-500,Wisconsin Balance of State CoC,2013,602.55,456.24,3610,3439,171,2013,2010
WI-500,Wisconsin Balance of State CoC,2014,613.36,463.31,3569,3446,123,2014,2010
WI-500,Wisconsin Balance of State CoC,2015,617.53,466.69,3597,3390,207,2015,2010
WI-500,Wisconsin Balance of State CoC,2016,628.63,477.21,3445,3313,132,2016,2010
WI-500,Wisconsin Balance of State CoC,2017,646.73,491.45,3348,3211,137,2017,2010
WI-500,Wisconsin Balance of State CoC,2018,667.92,507.07,3147,3020,127,2018,2010
WI-500,Wisconsin Balance of State CoC,2019,687.58,520.38,2875,2781,94,2019,2010
WI-500,Wisconsin Balance of State CoC,2020,712.26,535.42,2708,2583,125,2020,2020
WI-500,Wisconsin Balance of State CoC,2021,747.31,562.55,2420,2291,129,2021,2020
WI-500,Wisconsin Balance of State CoC,2022,809.59,604.91,3049,2854,195,2022,2020
WI-500,Wisconsin Balance of State CoC,2023,847.01,630.74,2940,2672,268,2023,2020
WI-500,Wisconsin Balance of State CoC,2024,884.15,650.52,3201,2860,341,2024,2020
WI-501,Milwaukee City & County CoC,2010,639.91,506.86,1537,1317,220,2010,2010
WI-501,Milwaukee City & County CoC,2011,656.98,517.92,1466,1331,135,2011,2010
WI-501,Milwaukee City & County CoC,2012,671.57,530.15,1432,1318,114,2012,2010
WI-501,Milwaukee City & County CoC,2013,682.46,535.44,1442,1353,89,2013,2010
WI-501,Milwaukee City & County CoC,2014,691.53,545.98,1499,1384,115,2014,2010
WI-501,Milwaukee City & County CoC,2015,697.56,550.01,1521,1389,132,2015,2010
WI-501,Milwaukee City & County CoC,2016,712.35,559.13,1415,1208,207,2016,2010
WI-501,Milwaukee City & County CoC,2017,733.31,571.66,900,765,135,2017,2010
WI-501,Milwaukee City & County CoC,2018,758.87,588.66,871,710,161,2018,2010
WI-501,Milwaukee City & County CoC,2019,781.43,605.19,885,771,114,2019,2010
WI-501,Milwaukee City & County CoC,2020,796.02,612.88,970,883,87,2020,2020
WI-501,Milwaukee City & County CoC,2021,839.67,642.12,817,800,17,2021,2020
WI-501,Milwaukee City & County CoC,2022,914.73,700.2,832,814,18,2022,2020
WI-501,Milwaukee City & County CoC,2023,955.74,723.88,1056,960,96,2023,2020
WI-501,Milwaukee City & County CoC,2024,989.49,744.78,885,824,61,2024,2020
WI-502,Racine City & County CoC,2010,596.79,479.75,236,230,6,2010,2010
WI-502,Racine City & County CoC,2011,626.51,497.81,243,242,1,2011,2010
WI-502,Racine City & County CoC,2012,636.78,511.02,241,230,11,2012,2010
WI-502,Racine City & County CoC,2013,641.69,514.53,221,212,9,2013,2010
WI-502,Racine City & County CoC,2014,661.76,521.31,210,199,11,2014,2010
WI-502,Racine City & County CoC,2015,660.29,529.74,168,157,11,2015,2010
WI-502,Racine City & County CoC,2016,669.4,544.8,196,195,1,2016,2010
WI-502,Racine City & County CoC,2017,695.88,560.95,194,187,7,2017,2010
WI-502,Racine City & County CoC,2018,715.13,579.23,275,265,10,2018,2010
WI-502,Racine City & County CoC,2019,717.18,579.97,200,188,12,2019,2010
WI-502,Racine City & County CoC,2020,733.79,601.27,207,196,11,2020,2020
WI-502,Racine City & County CoC,2021,763.48,606.38,145,137,8,2021,2020
WI-502,Racine City & County CoC,2022,824.19,639.3,193,188,5,2022,2020
WI-502,Racine City & County CoC,2023,854.1,660.75,241,226,15,2023,2020
WI-502,Racine City & County CoC,2024,909.8,686.26,227,208,19,2024,2020
WI-503,Madison/Dane County CoC,2010,757.87,617.36,568,499,69,2010,2010
WI-503,Madison/Dane County CoC,2011,783.21,639.63,676,633,43,2011,2010
WI-503,Madison/Dane County CoC,2012,799.87,649.64,736,659,77,2012,2010
WI-503,Madison/Dane County CoC,2013,820.0,664.11,831,732,99,2013,2010
WI-503,Madison/Dane County CoC,2014,835.99,678.67,777,683,94,2014,2010
WI-503,Madison/Dane County CoC,2015,851.57,686.21,771,679,92,2015,2010
WI-503,Madison/Dane County CoC,2016,874.48,701.6,629,559,70,2016,2010
WI-503,Madison/Dane County CoC,2017,917.46,727.24,585,524,61,2017,2010
WI-503,Madison/Dane County CoC,2018,960.02,755.31,614,530,84,2018,2010
WI-503,Madison/Dane County CoC,2019,1002.95,790.98,578,503,75,2019,2010
WI-503,Madison/Dane County CoC,2020,1028.19,810.58,630,529,101,2020,2020
WI-503,Madison/Dane County CoC,2021,1092.85,853.22,855,768,87,2021,2020
WI-503,Madison/Dane County CoC,2022,1181.9,928.7,701,618,83,2022,2020
WI-503,Madison/Dane County CoC,2023,1246.48,976.8,624,545,79,2023,2020
WI-503,Madison/Dane County CoC,2024,1302.21,1014.87,736,647,89,2024,2020
WV-500,"Wheeling, Weirton Area CoC",2010,374.73,270.82,197,149,48,2010,2010
WV-500,"Wheeling, Weirton Area CoC",2011,384.86,272.71,124,107,17,2011,2010
WV-500,"Wheeling, Weirton Area CoC",2012,393.75,275.54,116,106,10,2012,2010
WV-500,"Wheeling, Weirton Area CoC",2013,401.37,289.29,89,87,2,2013,2010
WV-500,"Wheeling, Weirton Area CoC",2014,419.69,306.83,97,88,9,2014,2010
WV-500,"Wheeling, Weirton Area CoC",2015,430.38,316.08,114,95,19,2015,2010
WV-500,"Wheeling, Weirton Area CoC",2016,438.76,321.06,91,88,3,2016,2010
WV-500,"Wheeling, Weirton Area CoC",2017,452.26,336.0,118,111,7,2017,2010
WV-500,"Wheeling, Weirton Area CoC",2018,462.95,335.56,108,98,10,2018,2010
WV-500,"Wheeling, Weirton Area CoC",2019,480.52,339.17,136,127,9,2019,2010
WV-500,"Wheeling, Weirton Area CoC",2020,480.26,342.29,129,114,15,2020,2020
WV-500,"Wheeling, Weirton Area CoC",2021,506.5,367.62,86,86,0,2021,2020
WV-500,"Wheeling, Weirton Area CoC",2022,559.48,402.22,122,111,11,2022,2020
WV-500,"Wheeling, Weirton Area CoC",2023,601.06,433.33,113,108,5,2023,2020
WV-500,"Wheeling, Weirton Area CoC",2024,603.9,443.99,129,87,42,2024,2020
WV-501,"Huntington/Cabell, Wayne Counties CoC",2010,455.09,322.82,286,243,43,2010,2010
WV-501,"Huntington/Cabell, Wayne Counties CoC",2011,471.63,331.75,238,207,31,2011,2010
WV-501,"Huntington/Cabell, Wayne Counties CoC",2012,485.02,339.35,274,235,39,2012,2010
WV-501,"Huntington/Cabell, Wayne Counties CoC",2013,493.1,348.49,227,212,15,2013,2010
WV-501,"Huntington/Cabell, Wayne Counties CoC",2014,492.14,353.08,218,208,10,2014,2010
WV-501,"Huntington/Cabell, Wayne Counties CoC",2015,496.0,351.99,227,205,22,2015,2010
WV-501,"Huntington/Cabell, Wayne Counties CoC",2016,497.39,367.61,228,212,16,2016,2010
WV-501,"Huntington/Cabell, Wayne Counties CoC",2017,509.72,369.58,205,173,32,2017,2010
WV-501,"Huntington/Cabell, Wayne Counties CoC",2018,532.24,383.47,190,169,21,2018,2010
WV-501,"Huntington/Cabell, Wayne Counties CoC",2019,546.95,394.04,171,122,49,2019,2010
WV-501,"Huntington/Cabell, Wayne Counties CoC",2020,556.32,396.06,194,148,46,2020,2020
WV-501,"Huntington/Cabell, Wayne Counties CoC",2021,581.79,403.34,170,75,95,2021,2020
WV-501,"Huntington/Cabell, Wayne Counties CoC",2022,642.93,475.54,235,162,73,2022,2020
WV-501,"Huntington/Cabell, Wayne Counties CoC",2023,662.77,503.58,244,174,70,2023,2020
WV-501,"Huntington/Cabell, Wayne Counties CoC",2024,683.3,507.35,278,208,70,2024,2020
WV-503,"Charleston/Kanawha, Putnam, Boone, Clay Counties CoC",2010,438.56,317.1,406,374,32,2010,2010
WV-503,"Charleston/Kanawha, Putnam, Boone, Clay Counties CoC",2011,468.98,347.21,394,360,34,2011,2010
WV-503,"Charleston/Kanawha, Putnam, Boone, Clay Counties CoC",2012,482.58,354.07,416,358,58,2012,2010
WV-503,"Charleston/Kanawha, Putnam, Boone, Clay Counties CoC",2013,498.55,369.94,411,355,56,2013,2010
WV-503,"Charleston/Kanawha, Putnam, Boone, Clay Counties CoC",2014,515.69,384.05,360,347,13,2014,2010
WV-503,"Charleston/Kanawha, Putnam, Boone, Clay Counties CoC",2015,518.33,386.77,385,341,44,2015,2010
WV-503,"Charleston/Kanawha, Putnam, Boone, Clay Counties CoC",2016,530.14,387.52,320,288,32,2016,2010
WV-503,"Charleston/Kanawha, Putnam, Boone, Clay Counties CoC",2017,536.95,385.02,319,270,49,2017,2010
WV-503,"Charleston/Kanawha, Putnam, Boone, Clay Counties CoC",2018,555.36,408.63,317,260,57,2018,2010
WV-503,"Charleston/Kanawha, Putnam, Boone, Clay Counties CoC",2019,562.58,413.33,293,291,2,2019,2010
WV-503,"Charleston/Kanawha, Putnam, Boone, Clay Counties CoC",2020,577.6,409.96,294,281,13,2020,2020
WV-503,"Charleston/Kanawha, Putnam, Boone, Clay Counties CoC",2021,612.32,432.2,263,234,29,2021,2020
WV-503,"Charleston/Kanawha, Putnam, Boone, Clay Counties CoC",2022,671.11,469.6,298,276,22,2022,2020
WV-503,"Charleston/Kanawha, Putnam, Boone, Clay Counties CoC",2023,666.3,467.6,293,206,87,2023,2020
WV-503,"Charleston/Kanawha, Putnam, Boone, Clay Counties CoC",2024,673.59,463.26,335,193,142,2024,2020
WV-508,West Virginia Balance of State CoC,2010,422.31,280.26,1375,758,617,2010,2010
WV-508,West Virginia Balance of State CoC,2011,440.44,300.91,1455,731,724,2011,2010
WV-508,West Virginia Balance of State CoC,2012,455.82,310.59,1604,834,770,2012,2010
WV-508,West Virginia Balance of State CoC,2013,470.24,318.23,1513,958,555,2013,2010
WV-508,West Virginia Balance of State CoC,2014,483.64,326.26,1338,940,398,2014,2010
WV-508,West Virginia Balance of State CoC,2015,501.89,337.18,1109,762,347,2015,2010
WV-508,West Virginia Balance of State CoC,2016,516.08,341.58,748,664,84,2016,2010
WV-508,West Virginia Balance of State CoC,2017,532.87,351.64,667,567,100,2017,2010
WV-508,West Virginia Balance of State CoC,2018,551.89,364.57,628,533,95,2018,2010
WV-508,West Virginia Balance of State CoC,2019,567.1,376.73,797,609,188,2019,2010
WV-508,West Virginia Balance of State CoC,2020,575.34,381.59,724,521,203,2020,2020
WV-508,West Virginia Balance of State CoC,2021,604.99,404.05,619,428,191,2021,2020
WV-508,West Virginia Balance of State CoC,2022,650.06,441.76,720,427,293,2022,2020
WV-508,West Virginia Balance of State CoC,2023,677.59,455.44,766,472,294,2023,2020
WV-508,West Virginia Balance of State CoC,2024,695.41,462.14,1037,503,534,2024,2020
WY-500,Wyoming Statewide CoC,2010,571.26,408.45,579,515,64,2010,2010
WY-500,Wyoming Statewide CoC,2011,612.04,430.72,1038,195,843,2011,2010
WY-500,Wyoming Statewide CoC,2012,646.88,456.05,1813,475,1338,2012,2010
WY-500,Wyoming Statewide CoC,2013,665.22,474.57,953,501,452,2013,2010
WY-500,Wyoming Statewide CoC,2014,683.51,499.03,757,563,194,2014,2010
WY-500,Wyoming Statewide CoC,2015,696.03,510.49,798,507,291,2015,2010
WY-500,Wyoming Statewide CoC,2016,709.57,519.06,857,491,366,2016,2010
WY-500,Wyoming Statewide CoC,2017,724.87,530.0,873,510,363,2017,2010
WY-500,Wyoming Statewide CoC,2018,742.59,542.56,639,440,199,2018,2010
WY-500,Wyoming Statewide CoC,2019,763.28,546.73,548,423,125,2019,2010
WY-500,Wyoming Statewide CoC,2020,767.76,544.99,612,489,123,2020,2020
WY-500,Wyoming Statewide CoC,2021,793.28,560.31,405,405,0,2021,2020
WY-500,Wyoming Statewide CoC,2022,844.8,599.82,648,584,64,2022,2020
WY-500,Wyoming Statewide CoC,2023,881.67,621.78,532,474,58,2023,2020
WY-500,Wyoming Statewide CoC,2024,924.5,632.74,501,412,89,2024,2020
